x,y,radius
4.30269,14.1027,0.05
9.19987,27.0568,0.0694153
-2.80791,3.77695,0.0516465
7.08938,14.2657,0.0949685
-5.91832,12.9646,0.0881582
11.6703,29.317,0.05
2.2988,26.36,0.05
3.74618,9.36862,0.0640727
-3.57517,4.90698,0.123262
-3.70559,15.4937,0.0807052
-8.55236,29.9441,0.0559544
11.7731,11.4895,0.0532889
-13.3658,3.61644,0.05
-12.3613,20.5838,0.0684633
-8.34177,14.2401,0.0666813
10.8021,11.7814,0.0744374
-0.66964,2.28229,0.0870068
3.64978,2.07283,0.0794397
-12.8246,7.83672,0.0754765
-2.33363,16.8705,0.100943
11.266,17.7998,0.05
7.89603,26.8819,0.0722714
4.75268,10.093,0.128034
-14.9478,26.5238,0.052224
0.835813,23.0062,0.05
-0.889759,10.3059,0.100317
-11.8512,29.2233,0.0787321
14.928,0.83087,0.0720488
-3.86175,3.9087,0.05
-11.749,21.6702,0.087061
2.75106,13.12,0.0911297
3.80177,14.8424,0.105949
-9.76032,15.098,0.114534
-4.7423,7.20746,0.0532286
-6.41776,20.4915,0.0955682
-3.02369,18.3152,0.0808959
-2.46888,10.963,0.0877838
-12.1153,10.1268,0.0862056
-1.88571,17.5331,0.0944659
5.86227,29.9864,0.0579011
-9.6383,21.394,0.070689
-1.82224,28.239,0.103312
10.8093,25.2355,0.0713402
-10.4624,6.25325,0.0576464
0.795161,17.6963,0.0618846
-7.74678,4.78338,0.0914309
-4.49053,14.5726,0.0568601
9.52832,6.72134,0.0957985
2.24692,26.462,0.05
-9.68408,27.8752,0.0768435
-7.19483,20.0308,0.0968881
-6.81864,27.4262,0.0535788
-4.76781,26.8491,0.105821
-11.2536,11.4306,0.05
-8.34193,8.06484,0.0734279
7.75669,25.5711,0.110453
11.065,23.1847,0.0851587
-14.4231,14.1662,0.0657841
-14.8045,1.19151,0.0553272
-4.73793,13.0737,0.0575578
-5.27749,25.896,0.0888977
9.76647,25.6133,0.0707072
-10.8782,16.7936,0.0525836
-5.76573,8.63977,0.0771481
-1.80778,0.913481,0.0734507
-3.74402,23.4327,0.05
-4.9346,8.22775,0.0970184
-3.03224,23.6113,0.0790705
-4.13528,11.428,0.121126
-4.82252,7.60303,0.05
-1.94226,12.7516,0.068724
12.7531,17.2554,0.0704331
-4.97753,22.556,0.0795551
-0.761301,25.1623,0.0753751
-5.00525,2.29344,0.0789579
-14.3794,12.9634,0.0924312
12.2824,12.5109,0.05
-13.4408,19.4921,0.0658787
-9.07318,4.46318,0.05
-1.39659,8.37347,0.05
3.23775,21.5084,0.0957135
-4.86773,0.641477,0.124389
3.12297,12.2442,0.0651838
-0.114014,4.49435,0.0715901
-4.75643,9.83849,0.05
13.3617,12.6761,0.0650293
8.81023,17.2899,0.0944634
-12.2282,8.62121,0.0781345
9.6101,4.59297,0.0565131
-4.14005,25.2734,0.0699452
0.206996,21.8816,0.0755496
-14.4177,13.4918,0.0532651
6.64547,11.7589,0.0730445
2.08185,3.91237,0.0716381
9.72213,12.5968,0.0664804
9.32157,22.4206,0.100467
14.9335,12.8032,0.0664916
8.97797,9.41797,0.0644499
0.22747,25.338,0.0769595
-13.823,0.325066,0.0589424
-13.6389,10.1928,0.066223
14.9236,23.2643,0.0764053
14.4669,9.88662,0.05
14.2765,8.58251,0.144829
-2.13854,20.0552,0.102937
3.64673,17.0198,0.057426
-7.49492,29.0081,0.106303
4.3701,10.1682,0.0776724
-6.12815,16.0512,0.0990258
-14.5977,15.0531,0.0701892
-8.63111,11.9812,0.0559308
3.85092,0.971203,0.0968941
1.26388,24.2912,0.069553
12.1034,10.2496,0.0816788
-5.17107,23.3959,0.0613125
1.62181,22.7799,0.0547903
-3.18044,21.1112,0.108664
1.37681,22.0403,0.0586463
8.32685,6.84719,0.0850847
-10.5611,10.0331,0.103996
-13.9378,23.7479,0.05
-13.2783,8.32488,0.071995
4.10849,0.66877,0.100917
13.1247,15.263,0.109049
2.42577,18.8701,0.0627373
0.297174,12.7975,0.115067
-10.0336,18.109,0.0989828
1.13361,21.2105,0.100545
-7.9842,9.51234,0.119828
-7.57927,17.4642,0.05
6.9352,2.56558,0.113616
14.2251,11.2353,0.112823
-8.96996,22.1862,0.0812068
5.82882,26.0049,0.0768814
6.30873,11.1766,0.0525374
7.77839,25.8806,0.05
-14.6905,10.9852,0.0822356
-4.64661,12.4433,0.05
-13.3003,12.5813,0.05
-3.00994,10.7056,0.0743397
8.64473,28.4977,0.0789668
-0.863633,9.78268,0.05
-2.58311,5.77818,0.10463
-11.1587,28.9106,0.0714346
-9.41842,17.8725,0.103554
-8.84151,3.19261,0.05
9.65179,16.5281,0.102459
-6.77259,20.6881,0.05
-1.89472,25.2152,0.0828501
-13.4814,16.6159,0.0699009
10.9001,8.18585,0.0906897
-7.55839,10.5689,0.116274
-3.58788,2.17619,0.0714219
5.51312,5.52784,0.110418
-10.6264,28.621,0.0983313
10.9386,12.9653,0.11423
0.24861,8.28097,0.060628
-5.08251,6.31093,0.05
-0.305585,18.9014,0.0684495
6.15945,26.7005,0.05
-14.7661,13.1595,0.0892392
-3.38513,14.2588,0.064677
-11.7503,28.5929,0.0930875
14.0204,7.80865,0.0547558
8.22033,5.84547,0.10119
9.03604,12.6692,0.0778091
-5.90735,0.402061,0.0643058
8.68765,15.4424,0.0732347
-14.5003,8.2001,0.0651627
-2.32454,2.75377,0.0651486
-5.1559,12.9875,0.0957006
0.0871435,20.1765,0.113606
-3.67691,22.9799,0.05
5.42497,15.1838,0.111494
2.50073,23.5534,0.102952
5.81115,9.56939,0.109468
-10.4932,25.9306,0.0714696
7.23966,21.0489,0.105584
-1.49761,2.58579,0.1082
-11.7881,23.9068,0.0594001
4.01704,14.8018,0.113104
-6.67748,28.7918,0.0760092
14.527,5.30727,0.122201
-0.668137,23.2936,0.136835
-5.84177,23.4754,0.0669172
-11.824,25.6535,0.0650027
9.70625,5.44218,0.0722941
-6.31944,7.68831,0.0626149
-2.94747,18.4572,0.0802825
9.13576,21.1884,0.117331
-6.53871,3.25723,0.0891978
-9.53053,7.93526,0.0804476
6.68449,16.1678,0.05
10.6724,16.5221,0.0673655
-3.82961,6.78229,0.0721827
-11.2723,20.5447,0.091029
13.3514,12.9016,0.05
1.14546,18.5171,0.0822917
5.90989,0.646918,0.0660835
4.86258,10.2852,0.0921955
-14.2595,12.6992,0.0669008
-10.9821,14.6381,0.0905465
7.68996,10.5344,0.0656426
9.53592,12.0986,0.0920681
-7.98656,23.6074,0.0628585
-10.6805,15.3654,0.05
0.803878,12.9647,0.0941819
13.5615,5.16213,0.05
-1.73208,29.9645,0.0583654
10.4631,5.39182,0.0963125
13.0913,7.23921,0.05
-12.0883,5.89522,0.0841151
0.425276,23.6675,0.0659483
8.27711,26.4159,0.0824016
5.30054,4.44412,0.103505
13.6591,14.2117,0.116347
3.32767,16.3803,0.0855714
12.7813,13.1123,0.0796706
-5.32348,21.0581,0.05
8.24675,9.63899,0.0730118
-10.9852,6.13672,0.05
-1.03884,19.9012,0.0823908
11.6882,15.1145,0.0642209
10.9845,10.5008,0.0608867
-13.6555,0.264596,0.0614285
-3.46619,13.1514,0.05
-6.82955,8.90004,0.0937801
-3.38812,26.5479,0.0617164
-13.9867,8.60642,0.085775
8.12283,16.0101,0.096058
-3.15996,28.5523,0.05
-3.126,22.158,0.05
7.79619,24.2144,0.0551676
10.123,28.1471,0.0863166
-10.5519,22.895,0.0522228
7.93221,17.7867,0.0925853
-11.8734,6.22915,0.0900144
5.7738,5.3104,0.067135
13.6095,12.1026,0.0601048
12.4966,25.5644,0.103134
13.9839,15.517,0.09435
-2.18237,5.78135,0.0661157
-4.2538,8.76623,0.0891844
-12.4969,23.2942,0.05
-0.573621,18.6032,0.0973834
-6.60748,10.6144,0.0752906
13.0029,28.714,0.0783586
14.7423,18.3326,0.101978
-7.58963,12.5563,0.0642846
0.282206,8.83874,0.05
-4.71499,0.105105,0.0747625
-6.21246,11.1137,0.077277
-1.24446,16.9919,0.0684089
-12.6342,11.0316,0.0717166
3.42251,18.7335,0.0830873
2.28352,6.08113,0.0740051
6.03964,21.9338,0.05
12.525,18.4078,0.0927687
-5.10484,1.43176,0.0849343
-7.43047,3.23639,0.0929928
3.24781,19.031,0.0756486
-6.76941,23.862,0.0792105
0.403445,29.6792,0.0996371
-13.0104,27.4341,0.101139
14.0278,2.4377,0.0844689
10.6274,23.8735,0.05
-2.8375,19.1189,0.0775276
5.93238,29.8887,0.0623323
7.20592,27.0538,0.0789174
-11.4099,24.677,0.0563309
14.5145,22.7996,0.0856935
14.0092,26.8528,0.05
11.4579,0.619947,0.05
9.98684,25.8525,0.0822394
-9.54347,12.6173,0.0764382
-4.09095,20.6039,0.0846275
10.6219,10.0407,0.0927941
14.9325,29.332,0.0674542
-7.33219,20.7876,0.05
1.97449,28.0689,0.0709864
3.93485,13.4,0.0891727
-8.43997,2.35704,0.0772377
-0.0556536,19.8082,0.0534383
2.27609,3.93806,0.0555861
7.87771,29.1158,0.0948505
-1.30857,2.46067,0.0801557
-11.1896,4.52253,0.101551
1.95227,25.2764,0.0815342
9.73876,27.6138,0.122288
-10.5863,27.7113,0.0996656
9.5539,26.7156,0.0616078
3.79339,20.1491,0.0822447
-4.22873,9.48867,0.0768305
-3.89927,18.5922,0.0877876
-9.56579,12.4701,0.0724221
10.1247,15.3796,0.0883866
-1.69596,14.7941,0.0992018
9.19092,26.2113,0.05
13.8535,17.9426,0.0638153
-3.19328,19.6682,0.0936618
6.99848,19.4744,0.0925894
-6.69218,16.9022,0.0551763
-12.7904,13.9048,0.05
6.21533,28.5495,0.104229
11.3094,16.1804,0.0957232
9.3697,22.8095,0.0855619
-0.742285,5.03645,0.118582
-6.54662,28.0778,0.112279
13.4426,20.7999,0.118973
1.59939,27.2767,0.0780096
9.92417,25.1436,0.11516
4.56093,2.38195,0.0841188
-3.05472,6.47076,0.0544682
4.59154,25.8695,0.05
-6.1082,29.5332,0.0760071
-6.59256,1.08398,0.05
-7.03591,28.1116,0.100366
3.08562,4.61359,0.05
-9.08542,15.637,0.0793462
1.27382,22.5607,0.0895196
9.21204,20.5561,0.0818218
-7.22705,13.0876,0.0679325
-11.9579,21.3764,0.0686521
12.6343,3.07942,0.0768504
4.45505,24.2706,0.081901
-11.1266,18.5803,0.0555747
-6.75494,22.4696,0.106477
3.73447,27.5684,0.0949247
5.27558,1.25689,0.083582
9.49653,24.6675,0.06054
-11.7389,10.1228,0.0865933
-14.2011,24.7045,0.0823333
-1.32269,27.5063,0.112126
-11.4203,15.0885,0.0712153
0.826464,9.28261,0.0688786
6.58421,8.5789,0.0660698
1.37353,6.09947,0.133813
12.3801,3.2581,0.0693089
4.24946,21.2546,0.10757
-10.2068,11.6541,0.0656018
-10.1524,20.3279,0.0693716
1.29472,22.2766,0.0544195
-11.6463,28.3103,0.0754937
0.537805,23.5561,0.0923512
-2.26219,20.9352,0.0819958
-0.256675,14.379,0.0938311
8.79503,7.92247,0.0702605
7.38292,7.95647,0.0720475
-13.1298,17.7947,0.0971044
8.80163,18.0953,0.0902471
-9.46729,2.26391,0.0938593
-7.6157,18.8915,0.0722081
-3.69743,10.3467,0.0735379
-10.1763,17.6559,0.0550817
10.5171,5.00303,0.130068
-7.98115,9.96954,0.0760652
-9.74022,3.39357,0.05
-14.9286,8.91939,0.0713661
14.6215,6.07857,0.108364
-11.618,5.01505,0.0811994
8.21332,24.5024,0.080748
-5.42621,11.4773,0.0678947
12.7505,28.9154,0.103978
-9.72762,6.53699,0.0699181
4.24141,7.33824,0.0726311
-5.95741,17.2395,0.0782176
-12.8094,10.3575,0.0841541
12.4641,8.01777,0.102795
-0.471795,7.13963,0.0767857
-8.80046,14.3671,0.0964734
11.781,10.3731,0.0749998
0.0709283,16.8097,0.0867845
4.46038,12.7792,0.0563704
10.1197,17.0028,0.0688173
-14.0504,24.836,0.117678
-2.07005,27.3682,0.0657893
5.67723,24.7053,0.05
2.53591,19.5758,0.107365
14.4488,16.3549,0.107642
7.29677,19.5607,0.0721746
-12.8781,26.1361,0.0558857
8.60924,28.3333,0.0892305
10.2424,15.2715,0.0568164
-1.30225,5.0331,0.100447
7.14275,13.1412,0.0724063
-5.28393,25.2828,0.0828648
-3.32813,11.5156,0.0782424
-3.24234,23.6466,0.129877
-3.06032,13.6283,0.05
11.4077,29.6556,0.0837618
3.7836,28.5172,0.05
7.42362,28.4367,0.0809575
-7.5177,4.0542,0.081911
-10.2679,12.2889,0.0624465
9.57148,9.16594,0.0762222
1.87346,19.6805,0.0726265
-8.39083,10.7704,0.116608
2.68317,11.5131,0.05
6.05247,25.8821,0.0743501
3.5027,15.0027,0.05
-4.34387,5.28532,0.105315
-11.1245,19.1681,0.05
10.9392,29.9296,0.085383
-2.28645,25.9857,0.0772009
2.3783,26.1151,0.0723215
-4.46575,10.7734,0.0825408
-4.58736,11.3324,0.05
-11.9132,20.74,0.0795577
-13.4942,22.1861,0.0697678
12.6563,10.8251,0.0633313
12.5916,16.0991,0.0790922
1.85763,21.0533,0.0800916
-11.7694,0.416158,0.0790506
2.89344,13.0132,0.0818883
-2.93986,14.6468,0.0650449
10.8331,18.5729,0.0669292
-11.3001,9.61558,0.0905686
9.27909,3.82361,0.05
11.3662,9.41042,0.0846705
-13.9554,14.1478,0.09609
3.5488,7.4288,0.06708
-2.1027,20.755,0.05
-10.2414,5.49615,0.122697
0.761124,28.9184,0.0630345
6.66266,20.1899,0.0811096
-12.3623,2.93608,0.0790555
14.7923,13.7355,0.0783994
-5.58144,1.69408,0.0631949
-10.3401,16.8744,0.0928353
-0.66223,25.2938,0.0892456
-4.6328,9.30862,0.05
4.83016,14.5547,0.0628348
9.11935,12.8726,0.117602
-5.1411,22.9988,0.0567393
8.20564,29.7415,0.0764733
1.07839,20.5784,0.0860468
-3.31082,11.8045,0.092131
-7.25839,7.48016,0.0864656
-3.94055,5.66515,0.05
-8.26587,14.3974,0.0782705
8.53749,3.98481,0.05
6.49505,5.66178,0.114173
8.93906,23.9886,0.0577321
-8.10259,3.84722,0.0993309
14.7045,25.0274,0.127473
-5.27174,2.30667,0.0991965
-0.867541,25.8954,0.0683371
4.56428,21.1526,0.0602107
-12.7387,12.0237,0.128749
12.6392,4.06853,0.0936207
13.4552,11.6499,0.057158
-8.24054,14.0573,0.112507
1.77322,29.4462,0.0783669
2.27626,2.08029,0.0968874
0.232621,1.30416,0.0621804
-11.8334,10.7115,0.100315
-2.18394,11.9894,0.0876087
8.85458,21.124,0.05
-8.13387,7.64916,0.069759
14.4507,6.1331,0.0562505
2.57942,17.8877,0.0557312
1.73689,27.597,0.05
8.09715,28.5493,0.0660913
14.6182,27.547,0.0793104
-3.86392,29.4416,0.05
9.51481,13.714,0.0941434
-13.1796,0.976089,0.088942
11.7721,29.6651,0.0992705
-10.5414,27.3849,0.0735199
12.1813,2.25511,0.0652054
-13.1287,8.15342,0.0933765
-7.06321,19.2434,0.0780357
-5.60798,15.0934,0.11369
0.186734,0.322199,0.0542641
-12.0549,13.6584,0.0787393
-6.78351,28.5146,0.0764605
0.220099,16.0582,0.05
-3.46147,9.9356,0.05
-3.98339,26.8517,0.05
2.58662,15.5229,0.0677479
12.9842,13.8198,0.0804752
2.20542,24.2491,0.0933835
5.69863,29.78,0.0726745
6.62944,18.1779,0.081526
9.9596,0.688311,0.05
10.0579,20.7612,0.0576776
12.6586,23.9192,0.0970799
4.63929,9.93155,0.0692489
10.0579,29.0194,0.0829211
-5.71552,8.4633,0.106325
-0.592475,20.1647,0.087674
-10.2733,8.16042,0.101669
-2.87489,10.1495,0.0834186
-1.42083,0.279153,0.0600091
-9.88969,11.724,0.0557583
2.79252,10.9643,0.05
-2.44751,18.8101,0.091105
-12.2124,13.6817,0.0804992
3.97523,1.45325,0.0827436
-5.57891,14.6931,0.05
11.1694,9.62203,0.05
4.10123,4.95337,0.072618
-0.618132,5.30703,0.0911269
-0.262474,15.5795,0.121768
-12.3799,13.2478,0.0607613
1.65787,8.35739,0.05
-2.18139,8.17423,0.05
-8.16575,1.71168,0.0685595
14.1439,21.145,0.05
7.27308,24.7586,0.0704801
-13.4942,24.5441,0.0908888
-3.65174,26.966,0.0858507
14.6651,0.40103,0.05
-9.55128,25.7382,0.05
6.03333,7.22585,0.110249
11.694,26.879,0.0838124
0.917771,3.84311,0.0590124
-7.35862,4.4127,0.114506
-11.8462,17.585,0.0998462
4.35143,15.6234,0.0849169
8.07785,14.8707,0.0770011
-14.5021,19.2502,0.0930165
1.93814,15.9692,0.0621674
10.3821,13.2842,0.0780025
0.0836661,24.2139,0.05
8.4545,5.18689,0.05
-9.5305,13.7323,0.0848368
2.10787,26.8902,0.0605865
-13.2902,18.3958,0.0730913
11.4668,6.89458,0.0798623
1.52828,4.98207,0.0865515
-14.5127,21.46,0.130136
-2.17814,17.6154,0.0559275
-12.631,28.196,0.0764757
-1.34242,6.58058,0.0990732
-11.1056,14.295,0.0615152
-5.33374,4.20178,0.05
-3.80816,7.89196,0.0745662
9.0418,7.28077,0.0738028
3.93409,24.0808,0.0685513
-7.27023,3.79965,0.0803418
-9.28252,5.30392,0.10713
-11.0006,9.66951,0.0772261
7.88627,29.9696,0.0977173
12.7892,3.94664,0.05
-5.31954,9.55062,0.0859669
-14.95,15.2079,0.05
14.7999,21.7975,0.0558674
8.3567,20.4984,0.0896824
-7.53175,18.1375,0.05
10.7495,2.68666,0.05
-3.07802,25.4803,0.070206
13.9362,26.9701,0.0880467
-1.84255,29.7351,0.082696
13.1866,12.1956,0.0759467
-7.30291,23.1316,0.0851797
3.15234,0.223178,0.0535676
-8.01151,13.0342,0.0789641
12.9261,14.97,0.0715733
-9.00975,9.55985,0.0810073
-13.9795,1.08384,0.0609524
2.67464,12.8026,0.109871
-9.42009,12.221,0.05
4.09485,7.88038,0.0941168
-4.87543,11.9986,0.0806446
14.1361,19.0337,0.0537696
-6.49057,19.8812,0.0872584
2.34335,22.4789,0.05
5.42901,2.46009,0.0821463
13.5816,18.4251,0.0823578
11.6949,21.3771,0.0947009
-8.59581,22.2348,0.0914159
-11.6668,12.2969,0.0639987
-11.3446,6.1897,0.05
-4.10526,8.87475,0.0947806
5.99451,3.27023,0.106982
14.8928,1.45468,0.107243
-12.9004,12.5931,0.0560764
-14.4775,6.69191,0.0764881
-0.758001,5.35523,0.0568185
-1.85651,6.58154,0.0740206
2.31473,0.914446,0.0791976
7.84787,23.0039,0.0669587
-8.7565,26.6893,0.0901588
-11.458,12.9343,0.05
5.43934,20.6332,0.0863889
-10.5585,20.7005,0.05
-5.39505,29.5099,0.05
-11.9165,14.2165,0.0897557
-0.837562,7.95731,0.0750013
2.69808,3.98871,0.0878726
8.50181,21.7626,0.0933915
8.84485,27.9217,0.063286
-13.5253,23.0837,0.108513
-12.4352,15.4428,0.120782
12.6538,15.8931,0.0975381
-8.65762,14.9607,0.0717777
6.84232,11.9673,0.101268
-11.6434,3.64684,0.100037
11.8243,27.2958,0.10567
-9.77574,4.92748,0.05
11.2433,19.9654,0.05
3.42297,21.8909,0.05
4.74469,13.4786,0.0910254
11.5593,26.6495,0.05
1.04239,12.4938,0.0514567
-9.17144,12.3398,0.0685765
4.86381,2.25684,0.116589
0.286271,28.2602,0.0565566
13.8941,24.1679,0.05
13.2841,0.563806,0.0998741
-14.1015,12.7759,0.108736
2.20169,28.7161,0.0892139
9.16519,28.9739,0.0710333
-9.22644,20.2957,0.105421
6.22987,24.8376,0.100082
-0.784082,16.9858,0.0591741
-6.30614,26.3956,0.0984311
-11.5546,29.263,0.0634119
1.20283,4.86031,0.0512145
2.30809,26.2397,0.070651
-4.33912,26.9284,0.119187
-0.416136,27.8989,0.0644572
-5.61653,13.3934,0.073452
-0.604289,7.86133,0.0819983
3.29161,11.9738,0.0700626
-3.02647,23.7403,0.05
5.89517,1.13834,0.05
-0.209143,28.2536,0.05
-2.06752,1.15713,0.0875445
-6.15767,1.26708,0.117315
-6.37586,25.9269,0.05
10.0298,12.1898,0.0923548
-10.2879,7.9623,0.0969807
-2.10306,8.49315,0.0814624
-3.74464,14.2273,0.0868577
8.70537,29.1005,0.115842
13.3734,3.82875,0.0878652
3.64736,2.85512,0.0859678
0.105461,7.98311,0.0700158
5.8667,26.5742,0.05
1.61451,27.1188,0.0806165
0.994176,5.14221,0.0967691
10.3494,21.3517,0.0594711
-8.14463,14.5033,0.0821939
7.84284,2.03113,0.121933
-13.3868,16.4985,0.0808949
12.0373,15.233,0.05
-11.5034,24.3384,0.0730707
-10.6012,11.4941,0.0642107
-0.351445,15.2087,0.0769982
9.92242,9.66196,0.0692996
11.7707,19.7668,0.0574152
10.0119,28.6304,0.0593784
-9.37354,29.5057,0.0625602
4.15177,14.4639,0.0944134
9.89221,19.6119,0.05
8.72673,22.2032,0.0950198
-3.50568,20.8251,0.0714021
3.39158,25.6964,0.0959689
14.375,29.436,0.05
-9.16232,18.9631,0.136504
11.7983,16.0366,0.0748892
-10.45,15.5054,0.081513
1.60551,8.50327,0.104988
-6.2527,20.1342,0.106501
-6.34063,0.943695,0.0796435
-11.8614,13.6965,0.05
-6.38468,29.8799,0.0756109
14.6758,6.96405,0.139208
-8.41398,22.1277,0.119586
13.4053,4.45212,0.0856293
13.2447,23.1973,0.0731059
-2.1066,7.49606,0.0715634
-5.67727,10.9288,0.0847668
9.48907,1.41473,0.0981466
-4.86611,27.015,0.0869661
-13.7498,18.1182,0.0978014
8.53464,29.5358,0.0859508
0.66743,17.5727,0.05
-6.59115,26.0015,0.0752806
13.3123,2.31479,0.0651731
14.7698,27.2728,0.05
-4.38067,24.8815,0.0720344
-2.21543,0.680049,0.0681274
-6.0125,25.8044,0.0685312
12.8411,13.4802,0.0621235
-1.48062,7.21133,0.104412
13.2871,15.6214,0.0847648
7.9753,11.0732,0.11162
5.49056,11.1895,0.0501549
-0.887996,16.056,0.0614339
-2.38363,11.2533,0.0733848
-6.29521,28.8314,0.05
8.80245,29.8157,0.0635725
-7.70031,17.4963,0.0752168
-7.38863,19.0101,0.0943234
1.86262,9.71163,0.111093
6.30155,10.0003,0.110578
5.52077,3.27212,0.0861218
0.0729419,7.44904,0.0777772
5.6491,4.89995,0.108595
1.63647,20.4094,0.0796387
-3.29669,29.9969,0.0508001
14.5217,28.8864,0.0944391
-9.07066,17.1498,0.0872036
-6.23957,17.535,0.0683121
13.0096,27.1284,0.0878098
-5.50671,11.6918,0.0872353
-11.6948,5.29213,0.0589527
7.62864,4.55821,0.0853734
7.12249,20.6908,0.0610364
-3.92221,13.0266,0.0789617
3.53009,7.64299,0.0783608
6.71528,1.30391,0.0536143
5.84178,20.1124,0.0665128
9.87017,9.45528,0.05
9.22239,21.0249,0.05
10.8063,8.43636,0.0557903
-10.1844,16.3125,0.05
-5.30605,14.3496,0.086291
5.58915,29.0833,0.0763098
12.5597,17.9092,0.0698132
-4.54204,5.65829,0.0791316
5.82258,23.7847,0.125405
11.5048,18.3004,0.05
4.20427,0.259977,0.0923667
0.332846,28.1266,0.0848542
-3.50544,1.90156,0.0917732
-1.36555,0.883927,0.0802226
5.30049,29.2603,0.0776783
-4.74413,13.9706,0.0817602
6.69956,28.6211,0.0880745
14.3604,21.1954,0.0630418
-5.16928,28.2499,0.0804135
-3.76442,2.20274,0.107082
14.9061,24.1796,0.0939302
-1.67149,4.31895,0.0687817
-8.18841,0.666704,0.0627111
14.9477,4.88332,0.0523189
-4.90758,27.2596,0.0596369
4.78513,19.8848,0.05
13.7162,29.3725,0.0831236
11.2925,15.7495,0.063805
-11.6887,3.45023,0.101722
5.79801,2.81799,0.105505
-2.60017,22.4482,0.0566973
2.71192,0.61419,0.0791559
-7.43937,25.4463,0.0867039
-4.25001,13.5019,0.0874775
-10.6067,24.222,0.102389
-5.35067,29.6746,0.0968405
0.414071,22.7759,0.0925406
10.8738,9.84212,0.0690775
2.03563,10.493,0.0627188
-0.0783214,22.662,0.076634
8.06202,10.81,0.05
4.62643,21.2886,0.0893659
12.7268,24.4964,0.0557466
-11.688,4.06977,0.122592
-11.8158,11.0717,0.103686
6.8094,5.08066,0.0868523
-2.56937,11.5671,0.0840802
10.178,2.69563,0.0652155
-4.33739,17.2891,0.115916
-9.76424,17.822,0.0824807
-12.9172,6.53155,0.0683544
-14.7447,14.65,0.060531
-14.6137,8.59077,0.05
-7.64989,13.9791,0.05
10.8075,29.9687,0.0519365
-2.75494,11.4812,0.117244
9.96718,0.87338,0.135254
11.3882,24.4396,0.100991
-12.6365,28.8651,0.0736624
9.32069,27.0819,0.053985
5.42046,9.41567,0.05
4.19416,15.0412,0.0910475
3.64828,12.6056,0.0983502
4.00388,14.4818,0.0537202
6.20922,20.2341,0.0718227
7.28789,9.65679,0.0925174
8.42378,27.1059,0.0891702
-10.8633,24.2509,0.05
3.13259,22.1838,0.103951
-11.4952,27.9246,0.114506
10.385,3.47233,0.0937109
-11.6755,26.076,0.0767835
-0.029692,29.2982,0.0742567
13.1664,2.27374,0.0863592
3.99645,19.7377,0.0707776
-1.0102,28.9778,0.0941738
13.9211,2.05814,0.0748544
-0.131467,9.00813,0.0786722
9.01788,23.5848,0.0953483
4.57028,29.8764,0.0864372
10.0626,11.206,0.0586833
8.6713,26.2464,0.0711031
-1.4146,3.58539,0.0864702
8.7415,8.41039,0.107593
-0.668062,4.23671,0.05
3.52651,4.0362,0.0762588
1.60503,5.49628,0.112039
-10.2304,25.3851,0.102872
-6.53508,20.9865,0.0735202
3.51219,7.29961,0.0671942
-2.16975,14.9737,0.0972554
13.679,14.9301,0.0921612
12.0862,12.6593,0.0599315
-2.21725,22.5702,0.0785449
-9.56953,0.0499816,0.05
-12.1618,15.8369,0.0835495
-2.44753,20.5322,0.05
9.06806,27.743,0.0596985
3.79278,23.3408,0.0572681
7.18166,10.9014,0.0823133
0.941322,10.436,0.0701723
-5.22189,12.2271,0.0807412
-13.3862,14.7255,0.0851675
-5.78791,24.4786,0.0664096
9.21172,23.4245,0.05
-2.4938,10.4914,0.066605
7.09099,18.7544,0.0951016
-12.8553,14.6725,0.0815578
-11.7018,7.37186,0.0624824
-1.81117,25.9602,0.0841881
10.2317,10.9063,0.0844973
4.51611,16.8979,0.05
-7.06027,18.7358,0.067129
8.14226,22.7881,0.05
7.46795,10.0714,0.0718568
5.40943,23.3624,0.0938653
-12.1435,22.8804,0.05
12.4605,22.2177,0.0930757
0.0211491,28.7965,0.0654614
14.9477,7.68724,0.0523178
0.980714,22.7121,0.0615601
1.62423,15.0485,0.0828436
-3.80524,28.7693,0.0640995
-5.64899,24.4385,0.0781838
12.5843,8.1755,0.0955209
-8.62304,18.6982,0.057778
-6.08141,26.9205,0.0617966
7.62786,11.1632,0.0715362
5.36184,9.32773,0.0556846
4.27555,3.47652,0.0595422
0.748939,17.3023,0.0609822
4.3517,0.493226,0.0883629
12.149,22.518,0.0969119
1.74799,11.7061,0.0615915
-10.921,25.1381,0.0857075
-14.4337,26.2759,0.0986565
-5.04688,22.2015,0.05
11.5086,7.23002,0.0714508
13.9308,6.11463,0.0827824
12.2081,25.5329,0.057184
-10.7616,23.4008,0.118799
2.12057,28.1518,0.0969789
-8.38324,27.7804,0.0846763
1.60013,27.5578,0.065461
14.1044,9.88569,0.0590309
7.34267,28.7827,0.0665496
1.04344,5.85104,0.0600685
3.60357,14.202,0.0931238
14.8996,24.5612,0.0891319
4.79458,9.11869,0.0835256
-12.3427,14.0543,0.0545817
-3.09686,0.519726,0.127455
8.68946,8.72115,0.149501
9.61962,23.4327,0.0599472
9.43503,16.7068,0.05
1.23155,10.1299,0.0933446
-9.27592,10.714,0.0901914
-5.17201,18.7845,0.0635859
-1.52648,18.37,0.0915448
11.3914,3.97531,0.05
2.54391,7.2362,0.0931197
11.894,18.2599,0.0934859
-4.54148,14.8669,0.0551277
-6.59683,13.7973,0.05
1.06989,4.80105,0.0943483
7.22532,29.0243,0.0540957
3.20565,22.524,0.05
7.39616,18.1486,0.0601153
-3.97707,2.21925,0.106216
-8.83883,0.0763935,0.05
5.23205,17.5081,0.0607904
-11.1475,8.84478,0.05
-1.34258,20.5675,0.0817551
-1.2275,21.7916,0.103594
1.23608,24.8489,0.087215
1.99674,20.5274,0.0988568
10.6715,1.95658,0.0984722
-4.57802,3.48989,0.0819404
2.492,15.6341,0.078264
-12.7709,26.2314,0.0790038
-6.25623,11.2544,0.0700111
-10.5413,12.3185,0.117117
8.58045,13.0451,0.105984
2.16227,7.94556,0.05
-6.62626,23.9586,0.0934823
0.869501,17.5869,0.0703681
-7.91189,26.2238,0.0663711
11.4845,4.71297,0.060857
3.89443,28.4016,0.110161
-6.73485,18.0984,0.05
6.47941,9.12512,0.0919231
8.03055,20.5727,0.0988136
10.1283,1.72757,0.0822239
0.255231,7.45885,0.103655
-9.97868,16.7325,0.05
8.81962,24.755,0.0815984
-11.8199,15.7475,0.121289
-6.30731,13.7551,0.0545553
-9.70979,26.3564,0.05
11.0838,20.8582,0.0921342
-14.6679,25.3863,0.11924
-14.0812,1.42683,0.0799657
-8.73975,9.28104,0.05
-11.5229,16.3058,0.0885371
8.07332,3.28178,0.0989891
6.10072,8.86075,0.0514741
13.6542,6.21292,0.090933
11.5261,28.818,0.0901219
13.6188,15.0588,0.05
3.04731,12.1292,0.0724681
-7.31322,6.68483,0.0866759
7.7102,16.6819,0.145783
14.1992,21.0234,0.0835847
-0.934237,20.1933,0.0825749
-14.292,20.5918,0.0850668
-3.48008,0.830312,0.0643776
-9.36007,12.9112,0.0704517
8.70296,10.9439,0.0647898
-3.49968,18.9836,0.0751851
-4.6022,6.36909,0.123033
-2.10974,27.8965,0.0915024
-4.27232,3.47714,0.0858161
-13.1929,4.81074,0.105678
8.06899,2.62367,0.0985473
3.33967,14.8018,0.0726457
-12.0287,9.98806,0.0773078
14.3222,18.2919,0.0626574
14.5072,29.18,0.06208
-3.55914,21.4832,0.0856955
14.6975,9.64325,0.05
-5.94688,19.7758,0.0768714
13.6651,18.8548,0.0919072
5.76266,9.90207,0.0595969
-2.72343,9.25188,0.0719021
10.8594,21.4896,0.0892959
14.0978,29.8732,0.0828159
-5.17924,22.1228,0.103963
-6.0198,10.8608,0.0741475
3.83475,7.58603,0.101611
-7.90488,21.921,0.0688907
3.61586,8.46749,0.0709636
-5.36831,25.5787,0.104021
10.612,7.17832,0.0994047
9.06795,16.3547,0.05
-12.5088,26.8184,0.05
-3.85202,16.4324,0.0677456
7.35428,25.8423,0.0873465
0.593016,4.31992,0.0676856
-13.2096,22.2842,0.0825417
9.71955,15.5868,0.0542053
-12.3535,7.481,0.0734462
-1.72184,22.5212,0.0605033
13.9314,15.3308,0.099129
1.31275,16.1761,0.1146
-12.9306,12.2398,0.0535847
-12.9915,21.8299,0.05
4.2502,24.1477,0.127132
1.36533,22.7193,0.0935447
-3.03714,8.5987,0.0840988
-8.72683,8.3164,0.127348
-5.32278,14.7783,0.0596242
11.505,14.2639,0.0994896
12.5541,17.2862,0.13088
-9.59408,21.7809,0.05
-10.0866,8.46871,0.0635905
-0.902458,28.169,0.0893328
12.983,7.79787,0.0762751
14.4506,2.60731,0.139686
3.38623,6.43739,0.0791592
13.0398,12.5191,0.0916301
12.5849,11.2104,0.0671412
-7.14806,13.7669,0.0997453
-1.52053,3.2692,0.05
1.08939,12.757,0.0704392
11.8247,7.73707,0.083369
3.47819,10.0623,0.05
2.93707,0.460323,0.0664905
-4.9306,9.49436,0.0963713
-8.44543,11.8268,0.0851071
-5.56906,17.0422,0.0933219
-2.76773,8.16282,0.125307
-4.37818,23.3901,0.0857454
-14.5188,12.9343,0.05
1.70892,26.9079,0.0752476
-3.72247,8.54961,0.05
-0.110934,7.25506,0.0708112
-9.70714,20.1124,0.0582397
14.0552,6.68674,0.0985232
2.3736,8.17868,0.104579
0.338988,26.8353,0.0667817
-8.77439,2.5715,0.0770564
-13.5907,16.1958,0.14042
4.02263,27.3888,0.0916836
2.5897,4.80019,0.0600711
-3.24705,1.42399,0.104881
2.05716,25.1512,0.081855
3.44828,15.5528,0.0768036
-11.602,25.5841,0.0715058
12.825,26.7297,0.0870514
9.23701,1.68695,0.0751181
7.30881,21.5927,0.065609
6.27612,27.6041,0.0876834
13.3004,13.3481,0.05
3.60933,9.62307,0.114603
-9.71917,21.2502,0.0942699
6.32278,3.78918,0.0913399
9.55368,1.19443,0.0570225
10.7142,29.6963,0.05
-13.0642,7.69411,0.0754583
11.5616,22.1936,0.127662
-7.39655,17.1528,0.0741845
-3.61861,18.9152,0.0620117
-8.9458,18.5885,0.05
-2.87295,2.67509,0.0742203
2.92233,18.6502,0.0608283
-10.106,16.0555,0.0815255
-11.854,29.8835,0.0972841
-12.9826,29.9325,0.05
4.4634,11.1816,0.0780676
-0.618992,11.1763,0.05
0.549015,14.2596,0.109388
4.80229,1.24488,0.0805518
-3.99557,15.6318,0.098692
-8.28483,23.9696,0.148718
-14.2242,3.25236,0.0928729
3.79116,10.5639,0.107896
9.75981,1.24544,0.0552514
-6.38158,3.97721,0.05
-6.98847,14.5224,0.0914919
-4.386,12.1198,0.0553174
10.8043,28.8108,0.123845
11.4954,20.5564,0.05
1.70773,13.9155,0.0689748
6.41229,25.1937,0.0985883
13.7096,12.3914,0.055598
10.4033,21.2227,0.0802931
-14.6696,19.6692,0.0554448
-9.866,29.222,0.0988082
-0.493124,22.0925,0.05
-13.3785,5.08559,0.101102
-2.80167,2.96992,0.0583413
12.1152,25.7068,0.0603463
-11.2716,5.16086,0.05
2.2993,4.375,0.10321
4.98031,19.4322,0.114801
2.48101,26.278,0.106469
11.7946,5.51951,0.0836711
2.92406,16.4663,0.0583161
2.39102,2.22966,0.0914984
-11.2135,3.75119,0.0741306
0.0227165,24.5022,0.0735025
1.40763,26.0385,0.0932618
11.6956,27.2082,0.05
-12.1991,0.748449,0.0657186
6.74215,11.6037,0.0851966
-7.99498,2.3975,0.05
-1.74673,6.48339,0.0732373
0.808833,19.1095,0.122116
13.1351,29.9794,0.0777114
-7.06397,18.1544,0.05
10.7502,21.8545,0.0718317
-1.67768,0.553933,0.0567359
3.53585,25.813,0.05
-11.1476,12.6487,0.0846347
5.09947,8.90027,0.0918189
4.72852,29.8443,0.0750292
-10.1093,9.16796,0.0750962
7.28615,14.2551,0.102091
-1.9127,24.7818,0.0746865
11.2068,8.63811,0.0824855
-2.23518,13.7983,0.0653929
11.9997,15.7133,0.05
-12.6578,18.8328,0.0870093
6.29804,24.4662,0.0652662
-5.16915,18.3678,0.0639174
-14.5118,3.02575,0.05
-6.35243,23.2964,0.0693398
-11.04,13.8245,0.0680214
1.08399,4.44242,0.0672782
10.5774,9.87779,0.071146
-1.97057,26.9328,0.0861107
-2.77707,5.7981,0.0903599
11.5573,26.0354,0.113876
-8.26139,3.02692,0.0876193
-4.45181,1.24395,0.103313
3.44144,13.1673,0.128528
12.1199,17.3489,0.0600341
13.0499,21.3073,0.0881712
-5.11817,13.3202,0.0952656
-14.0715,4.62145,0.0632978
-12.3585,3.94499,0.082746
0.506855,11.193,0.0968526
-4.85448,16.9827,0.0890933
-2.98481,13.3189,0.05
-8.93965,24.9626,0.0991166
-0.39765,14.516,0.102774
6.43515,19.3608,0.059734
2.63971,1.35363,0.05
-2.45487,13.5945,0.105701
9.44553,7.57799,0.0825728
0.318629,12.5512,0.0719767
10.2238,14.8943,0.0997074
-3.86434,7.56228,0.0666631
14.336,0.560889,0.0686235
6.23377,7.27617,0.0909932
-4.26568,1.283,0.0868767
-12.5452,13.1881,0.114919
-9.93853,15.049,0.0702873
8.62882,26.0591,0.103813
13.2698,21.6939,0.05
-9.26464,29.2901,0.0687758
-9.42849,1.24417,0.0671344
1.35886,4.74227,0.0894373
0.810801,26.4618,0.0902885
0.423191,19.25,0.05
-10.5285,8.12238,0.0950367
-6.18909,6.23305,0.0542585
7.83665,2.96817,0.101678
0.558483,24.5317,0.0988909
14.938,17.6691,0.0620095
1.1182,2.51229,0.101073
2.62514,23.8468,0.0659636
0.433962,20.1692,0.05
-8.89522,10.6515,0.100016
11.6697,20.9435,0.0928176
-12.5081,26.9284,0.0599926
-4.63655,14.1647,0.0945493
-14.3176,7.82301,0.0967777
13.8977,8.43068,0.0936107
13.5845,23.996,0.0659714
-14.5969,27.3527,0.104062
-9.76993,11.9887,0.0711146
-12.2543,1.09548,0.0683094
-4.30999,23.9767,0.05
4.45766,25.4384,0.05
-12.1424,12.3136,0.106179
-14.736,10.1833,0.0749985
-14.193,22.2106,0.0684804
-11.4132,28.1161,0.05
-0.327656,17.6297,0.0609763
-3.48172,22.4692,0.0651734
4.55473,14.7584,0.0882228
-9.39552,21.6821,0.05687
8.35376,27.6934,0.0629314
-6.43945,5.80041,0.05
2.58909,1.74037,0.101797
-3.28568,28.576,0.0779186
-9.48029,12.1315,0.0578521
10.7163,3.06684,0.05
1.5599,10.8347,0.0581978
-11.4468,29.9071,0.0704595
-9.82121,19.4065,0.05
-13.1391,5.3973,0.0941763
1.41219,4.21024,0.103214
-9.97522,11.9373,0.110978
-9.55547,0.163854,0.0647791
-7.99335,17.6833,0.0782814
-13.8795,16.5371,0.102268
-3.5343,15.13,0.0591406
4.42436,26.8963,0.0507907
0.892119,21.3744,0.0583484
8.74744,18.5132,0.0574259
4.59358,7.49454,0.0985814
2.32722,27.6166,0.0672315
-2.61024,25.6214,0.0633717
-4.55651,19.2853,0.101923
-4.39844,14.6351,0.054442
11.2544,26.5111,0.114799
7.23191,10.1787,0.0812846
14.5958,28.0937,0.082217
14.6785,23.1291,0.132935
-8.80499,21.212,0.115941
-3.83931,6.12481,0.0673282
10.8718,28.4676,0.0636359
3.28177,15.5333,0.0908375
-4.99634,4.80496,0.0778843
9.78314,16.2866,0.0715761
-12.0823,7.76978,0.130352
3.98076,5.87061,0.0879706
9.66666,14.1342,0.0996614
-14.5733,17.6961,0.0718199
-11.0237,1.31029,0.0887262
-2.45237,17.003,0.076958
-5.88707,8.34568,0.10167
-13.7539,29.9164,0.0814295
-5.84839,12.5985,0.05
10.4439,14.6608,0.0917638
-12.767,24.3936,0.0502722
-6.39143,26.8559,0.05
7.41779,11.4963,0.12101
-14.0785,8.39212,0.0574408
-1.52484,25.7133,0.05
13.7565,15.8434,0.0651445
4.96806,25.3976,0.0670414
14.2944,26.2292,0.0631903
0.526938,9.32978,0.0795924
8.51953,12.0821,0.060227
-7.13327,7.1137,0.0901623
14.5371,16.0391,0.0883253
3.29782,29.0042,0.0817525
10.6006,29.7989,0.103088
5.92469,10.8729,0.05
2.04833,2.59016,0.0778242
6.89738,9.425,0.05
-9.41118,9.54557,0.0820264
-3.9117,2.07611,0.0511621
-2.41954,4.18452,0.05
3.91611,15.5036,0.0562883
4.84056,3.91828,0.0663952
4.10304,7.30043,0.0704509
-11.2011,24.325,0.05
12.1632,8.15532,0.0851832
-12.9682,12.4807,0.0604899
0.0795026,14.5596,0.119755
-8.4849,20.1894,0.0591579
4.92124,3.82774,0.0548962
5.25391,7.23538,0.067812
-4.26847,12.2754,0.100389
-2.94499,0.789145,0.05
14.0726,5.49019,0.0660175
10.5011,18.5598,0.105143
4.0607,14.9697,0.060346
-9.86927,24.5144,0.0758181
-8.14479,26.2161,0.0817029
-5.14751,21.8779,0.0601543
-2.64907,20.0533,0.116744
7.15581,4.50675,0.0513359
-8.5007,6.97425,0.0773996
5.61524,1.87094,0.0591207
3.63055,17.6936,0.0790785
12.9446,12.7892,0.0630152
-3.78833,4.50975,0.0938683
-13.8294,3.02952,0.05
7.23915,9.51219,0.0600799
6.13119,18.7238,0.0635321
2.19125,14.5506,0.0912661
7.2588,22.4365,0.0696671
-8.46591,28.2744,0.0503142
4.14997,17.2456,0.0765846
-6.33003,26.1358,0.05
-7.52932,18.9779,0.05
1.20388,12.4317,0.12158
-10.3694,2.87815,0.0579286
2.58513,9.38921,0.0774666
7.63206,13.0084,0.05
9.89325,14.5092,0.0985015
3.51182,27.484,0.0945428
-0.317139,20.7722,0.0903477
-13.7507,24.712,0.114229
-1.05287,14.5546,0.0776612
-5.58821,24.621,0.114214
12.9816,0.778493,0.05
6.85781,6.22195,0.0716247
-0.633254,10.7029,0.050666
7.89757,25.0272,0.091973
13.0688,12.3282,0.101439
9.42448,21.8286,0.0927681
8.05532,17.5602,0.0652446
4.13003,22.1744,0.0714777
10.9808,8.44637,0.11903
14.95,25.526,0.05
5.03436,3.1311,0.0538079
4.61379,29.0657,0.0911614
0.791242,10.8755,0.0730336
-6.69957,7.33714,0.05
-1.69682,2.65932,0.0829089
-1.21872,0.767927,0.106914
13.6552,7.93977,0.0691488
-4.48056,9.54341,0.0969793
-13.4662,12.8867,0.0927736
-8.20705,4.14596,0.106896
6.22761,0.0564751,0.0564893
-2.36996,2.38227,0.05
4.41507,20.0222,0.0614319
-11.5378,15.1814,0.0785225
1.69016,24.353,0.05
-14.2133,8.16475,0.0788396
-1.60656,25.2647,0.0660578
-5.33857,2.57797,0.0580778
-5.82564,12.4375,0.112635
11.754,17.0602,0.0807076
2.39204,14.7554,0.115457
11.1149,19.4031,0.05
-13.3679,24.0127,0.0990181
-9.39766,23.0619,0.100245
-5.08,8.95962,0.05
11.209,14.9984,0.082266
7.07457,28.3268,0.104956
-6.8227,23.1518,0.05
-3.75178,17.269,0.0616309
-5.84887,21.4812,0.0976972
12.4631,25.0294,0.0747342
-12.4985,20.231,0.100201
1.63722,16.2318,0.0828404
2.47079,27.9861,0.0721626
12.4975,18.8991,0.0935206
-2.15048,12.5012,0.0601681
7.56757,21.5686,0.0960294
-11.3654,11.5177,0.0917998
4.26844,5.21989,0.05
6.25075,23.9439,0.125088
8.67831,13.7853,0.0829793
2.16904,8.62968,0.0901517
-11.1207,14.7033,0.0626436
7.57636,17.7651,0.0804577
13.5559,29.0086,0.110396
6.91861,25.1875,0.105796
-7.16199,6.68,0.0646336
7.95879,3.95258,0.115987
0.351395,25.2542,0.05
-2.93902,6.55324,0.0876048
-4.27513,7.51668,0.0523425
-14.3203,24.9446,0.0603664
2.69374,24.7378,0.0935526
-6.27926,6.11683,0.0928392
9.03487,17.394,0.0658195
-9.16092,3.89547,0.070245
-7.20197,18.2435,0.0928664
6.77494,26.345,0.05
-7.00771,18.2371,0.05
4.44958,28.775,0.0838602
-2.61801,1.30266,0.066678
8.68076,18.4289,0.05
12.1,28.6023,0.0946886
-2.4852,7.081,0.05
11.6306,28.9187,0.0547473
-7.54167,12.4253,0.0751812
6.03977,4.93679,0.107025
0.0247134,18.1549,0.100978
-7.63513,14.8395,0.0908518
-9.53301,14.2215,0.107389
7.61661,24.5398,0.120081
12.2927,6.37963,0.097946
14.6022,19.9041,0.0582844
-4.65837,17.1043,0.0651147
7.86657,13.5045,0.0637394
-5.12514,14.8661,0.0769772
-10.9533,21.0238,0.091432
-13.9648,20.3369,0.0654768
-7.88897,0.745314,0.100758
3.55893,1.57137,0.0520266
1.56915,14.0814,0.05
7.20039,21.3647,0.0617306
-0.148457,21.1539,0.05
8.60061,18.8009,0.0965065
0.260552,21.1431,0.0515238
1.68643,9.08234,0.0753638
-0.744941,21.8571,0.0610337
-7.56053,22.4163,0.0762141
0.187017,26.1198,0.0753266
-10.8259,23.1874,0.104087
-12.558,2.80774,0.0523672
-10.1834,26.7875,0.0611395
-3.84021,23.6229,0.0661262
11.128,22.6455,0.05
-13.6302,24.165,0.0798266
7.40574,13.7962,0.0778233
2.06794,26.7664,0.0694795
7.92253,4.27303,0.104519
3.48186,1.84088,0.086028
2.12108,23.6306,0.05
12.8792,7.32506,0.104411
7.03093,11.9837,0.0880567
-5.73514,27.8907,0.0796092
7.43886,14.0301,0.0727939
-13.6924,2.31408,0.0857622
-0.682535,22.089,0.0800656
-8.97752,3.24808,0.0824043
10.5318,5.82862,0.05
-0.348308,24.4557,0.0504334
-10.5412,5.03476,0.05
-10.0287,28.1387,0.0683806
-14.9439,19.32,0.0561306
14.5842,26.4642,0.0702865
-7.92127,3.82968,0.082852
-6.98451,14.3506,0.0773869
-7.22315,6.98801,0.0643581
9.81825,21.5704,0.0546688
-10.5939,7.83227,0.100338
7.44882,22.1089,0.122226
-10.2585,21.9088,0.106749
7.03132,16.8527,0.0617499
-5.83788,4.94327,0.072981
10.0117,19.0647,0.0790032
-7.46671,25.8613,0.0792069
3.34226,8.3904,0.100427
13.9159,18.28,0.105202
-9.58917,24.8727,0.0916329
-5.23436,24.1676,0.0949359
-2.29909,4.60472,0.0677967
-2.08646,22.4686,0.0870638
4.12616,6.49108,0.0786822
-11.8727,8.52753,0.155836
-11.9684,7.47582,0.0955639
-2.96736,11.7943,0.05
3.54135,23.7402,0.0693509
-8.63029,1.8103,0.0721819
-2.40675,29.3618,0.057758
-7.47351,1.48075,0.127093
-11.3789,2.99428,0.116075
-14.0967,28.7154,0.0789706
-5.45387,9.49651,0.0572938
-11.1211,12.3609,0.0596769
-8.67604,11.0899,0.062736
1.07913,26.8172,0.0624134
-4.90903,3.09951,0.0721873
-4.09461,0.994922,0.101856
-7.68185,19.9355,0.0808108
6.46391,2.94153,0.05
-12.9742,16.1183,0.0759583
9.85789,24.9492,0.0900634
-13.1584,23.5659,0.106644
8.71209,7.40845,0.0914617
12.4153,21.7034,0.0977956
10.5053,11.9459,0.0934262
14.7544,4.45096,0.0722239
-12.7201,25.0377,0.0917497
4.68432,15.3596,0.05
-6.67122,14.446,0.09483
-10.4822,9.25448,0.0674042
-4.92081,22.3956,0.05
-9.97283,19.2183,0.0557043
5.66021,2.57901,0.05
-11.4792,14.3316,0.120197
1.01257,18.2658,0.0837078
9.11739,15.8316,0.127217
-3.99342,26.9578,0.0564687
1.95139,18.395,0.110608
-2.04156,19.4245,0.118522
4.41904,12.0865,0.0616771
-6.47625,27.4127,0.0838991
4.10123,2.48815,0.0923741
0.864827,6.79153,0.0754323
2.34697,29.7372,0.05
-13.8521,23.3711,0.0900361
-5.26421,11.5537,0.101528
5.60564,4.05291,0.05
3.3422,29.1753,0.0900765
13.9833,5.04766,0.100089
-3.67403,25.7328,0.0597822
0.476074,4.33309,0.05
-13.1764,28.4493,0.068244
-14.1091,29.7299,0.0552728
9.43149,25.5524,0.0720037
6.10111,10.0629,0.0994052
-4.91772,3.46934,0.0954985
-2.43195,20.3701,0.112876
0.434087,13.8069,0.089861
-8.45261,25.2125,0.0913939
1.62489,19.3951,0.1276
-12.6352,10.4197,0.0759115
5.73486,11.641,0.0897932
2.02228,15.8678,0.0696097
4.50416,20.8702,0.0986202
2.17066,13.6718,0.121575
3.4843,5.18889,0.105611
5.90169,18.5055,0.0930268
11.4493,10.7276,0.0500597
5.89585,24.4529,0.0863698
-13.7109,17.9755,0.0500619
10.1297,22.0356,0.1105
10.6231,5.93908,0.0933097
8.51298,19.4426,0.084922
7.61469,22.4305,0.0840539
6.01357,6.6141,0.0808212
-14.2991,2.15548,0.0950259
-7.80714,22.0261,0.05
11.4369,25.4207,0.0995139
-6.43615,25.6306,0.0645636
0.352063,9.31618,0.0958129
3.68192,25.768,0.0996238
-9.26281,24.2956,0.06742
-5.5718,19.7121,0.0521873
0.20216,8.48877,0.0655275
8.00714,26.5876,0.100743
-11.5851,11.7392,0.0677709
2.45206,11.9304,0.0571425
-1.6847,1.19066,0.0648721
13.0849,2.82319,0.0840944
6.03981,9.34232,0.0697691
7.10969,5.15544,0.0858847
6.00375,13.1561,0.05
10.7795,3.51764,0.0589266
-0.518748,15.8181,0.0758858
7.17408,22.9314,0.0520173
-12.9338,18.0645,0.0719464
13.4406,1.81308,0.05
-2.42251,1.93631,0.1019
-10.8814,17.3372,0.105837
-10.8938,10.6276,0.0959353
-0.670129,17.3542,0.0596111
-5.25776,9.28062,0.0788573
11.847,9.68543,0.0706195
7.06654,18.0242,0.0862236
-6.66972,23.1028,0.11062
12.2722,0.928335,0.103512
14.7726,8.64451,0.0641632
-4.42519,8.73053,0.085888
9.13228,7.56793,0.0528865
-0.636993,21.7501,0.0909428
-5.96627,1.52566,0.05
10.251,8.83392,0.0523874
-10.8734,17.5085,0.0656978
-13.5199,15.85,0.0504233
-13.1663,14.4288,0.0529609
-4.68299,16.1931,0.0944154
6.70342,13.4271,0.0706917
-8.40281,27.4235,0.05
4.68601,11.5217,0.092544
-4.7568,27.1427,0.0556221
3.45027,19.3658,0.0909701
-14.1861,26.374,0.0646478
9.61653,6.37305,0.0773206
4.77378,28.777,0.0605825
12.5403,21.2001,0.0845086
13.9193,19.9088,0.0741573
4.42426,15.8111,0.116426
10.6078,23.2511,0.0592959
-11.6623,24.198,0.098597
0.630207,25.0523,0.0907501
2.72727,15.4984,0.0721458
4.39049,6.32418,0.115127
2.35249,11.7776,0.0676377
-12.8794,26.8033,0.05
8.56973,24.3281,0.05
-5.70561,0.194563,0.0714522
-12.8094,8.96319,0.0952816
12.6025,13.4148,0.0869417
1.76589,17.2988,0.05
-10.972,1.72356,0.115302
-5.97809,18.6538,0.0780821
-12.3707,11.7659,0.0663359
-6.70322,19.0544,0.0869833
-3.044,11.7271,0.051863
5.99974,28.7203,0.05
7.74241,9.82794,0.0915651
-12.3837,23.0368,0.0611972
7.67906,25.4027,0.0526104
-13.9074,22.5282,0.0646059
-7.23462,12.9347,0.0851359
-4.55823,19.7812,0.05
4.83524,23.858,0.0564225
9.05955,9.7708,0.0716448
-1.24121,16.1809,0.0853344
9.24334,25.2405,0.0503368
10.4431,18.0744,0.105295
8.32748,5.97131,0.0640933
-5.99503,8.13017,0.0964395
-7.29975,0.798013,0.05
-1.42217,18.8288,0.0792981
4.66434,12.5338,0.05
-8.58792,20.2966,0.0895749
10.5462,21.8171,0.0542757
8.11164,3.08146,0.104994
14.6334,23.3524,0.0948113
-8.80678,27.0145,0.115766
-5.33419,24.2726,0.05
-14.1197,3.64287,0.05
12.1392,15.2975,0.0522246
10.9498,15.7763,0.0858202
-11.0842,13.2454,0.0747634
13.2139,2.49659,0.141532
6.52053,19.8246,0.0690287
4.70741,2.86085,0.0721724
14.1581,10.8408,0.0828772
-2.71141,23.2875,0.0752484
1.11975,25.8524,0.070735
10.303,7.66988,0.131081
-13.7587,1.11873,0.0695035
-4.39521,17.9352,0.05
-3.73547,22.3243,0.0954603
7.01614,22.114,0.0781438
0.704185,29.6257,0.05
-5.29004,9.86084,0.0912004
-6.56888,26.3592,0.0598608
-8.20652,9.93789,0.0622301
-5.63145,23.9927,0.0648891
-5.05285,1.78176,0.104024
-1.35861,17.4284,0.105447
12.697,8.82026,0.107963
-8.27752,12.2387,0.0600264
7.64708,26.9832,0.0836489
6.55156,0.51851,0.0660746
-0.906183,2.8653,0.05
-8.92393,4.66799,0.05
10.0002,12.3384,0.0591904
-14.7746,17.7913,0.0808906
-8.32112,16.4697,0.0840951
-0.433815,27.5813,0.0583026
10.8502,9.27266,0.0703714
-4.57427,29.1499,0.05
-0.304086,1.27687,0.0859194
2.96864,29.6558,0.0977422
10.2637,15.7362,0.110829
-9.68458,19.3941,0.0872017
-11.4976,8.38132,0.125793
-3.95246,11.5923,0.124648
13.5727,26.1981,0.05
-13.7445,25.8439,0.081262
9.33193,17.2666,0.0735797
-10.9024,15.1465,0.05
-4.67046,23.8516,0.093032
5.28322,3.98691,0.144224
-11.4524,22.4525,0.05
12.4903,3.682,0.0952824
1.14816,22.9845,0.05
3.74131,9.73045,0.05
-12.611,6.78058,0.132756
-3.20916,8.4431,0.060409
-2.71204,3.81476,0.0514125
-8.54935,20.736,0.0716979
5.73782,17.8239,0.05
7.88845,24.2867,0.0620567
-5.56627,0.732376,0.0610469
10.612,0.633711,0.105944
14.655,1.88118,0.0857426
10.8117,10.5951,0.0609045
-3.84427,8.54353,0.0719516
-12.1095,26.2876,0.116555
-13.9273,8.02604,0.0790336
-1.49593,14.4923,0.0775025
-13.3587,2.92963,0.0951905
-0.158994,26.1208,0.0954986
9.06672,28.563,0.059959
0.239102,15.9374,0.0723141
10.8354,17.4749,0.0944802
-12.6885,24.1508,0.0529472
13.1121,4.02679,0.0651173
13.6291,8.76128,0.0822113
0.227233,11.6163,0.0791327
-14.3581,15.7382,0.0555561
5.401,8.83391,0.0701798
-2.45447,3.80814,0.0789219
4.38406,28.6435,0.0630982
7.97322,8.47054,0.0841085
-11.2343,21.3194,0.0645323
0.648605,21.1961,0.0843154
-7.27522,2.76207,0.0981523
8.48068,17.6352,0.0892773
-3.29478,21.2598,0.0787897
-11.1875,23.9891,0.0763913
10.3137,29.2425,0.0732506
-7.33333,20.514,0.104394
5.28626,29.544,0.0858107
-12.0091,10.2194,0.0546342
0.473661,4.98631,0.123544
14.0164,13.2692,0.128934
1.92493,22.1166,0.0929054
13.4495,23.6539,0.0561027
-14.5513,11.7963,0.0972686
9.07534,27.2007,0.0871167
1.82935,8.22319,0.05
-3.49581,2.06198,0.0689555
3.92176,1.94027,0.0918417
-0.924066,1.46138,0.0891694
-10.5807,0.984573,0.0814825
-7.33916,6.4981,0.101848
3.26207,25.794,0.0661711
-12.1229,1.15899,0.0776428
3.36309,19.2055,0.091517
-12.3187,22.4003,0.117578
-10.446,4.28563,0.12049
-1.43413,6.05014,0.0780752
-13.1545,22.4475,0.0676924
-4.59414,10.7348,0.0515341
-8.76712,25.0772,0.0511334
6.49773,14.4386,0.05
11.0364,12.0373,0.0834688
-3.52037,21.7931,0.0565351
-7.39954,3.7833,0.05
11.4512,11.0315,0.0634329
-10.6965,7.97697,0.0624838
0.760414,10.3623,0.125185
5.52345,18.5642,0.0573586
-11.5085,5.66984,0.0853676
14.9153,21.5009,0.084747
-8.42078,26.0629,0.0649431
-5.03411,28.1927,0.0663406
-4.04853,17.8572,0.0605384
14.9308,4.05735,0.0692157
1.47331,29.065,0.127914
8.92175,12.2764,0.0884555
-14.0205,24.4727,0.0635133
-10.9791,24.3133,0.0815134
2.11324,0.206851,0.0574212
-5.55299,0.916653,0.0888288
2.24539,11.1108,0.05
11.5492,9.54654,0.116091
2.44695,12.7532,0.0714838
13.2808,10.6597,0.067653
12.06,26.2898,0.0667302
10.3943,28.6233,0.05
-0.405065,12.4771,0.0697055
12.8704,7.68827,0.0808894
-4.72372,7.5876,0.05
-7.93814,11.9359,0.05
-7.90328,13.5094,0.05
-5.6327,11.9383,0.0650776
-6.88073,16.3633,0.0788355
8.72864,12.6994,0.0625757
-7.30132,9.64486,0.0533617
9.47345,17.0914,0.0968222
9.71171,15.296,0.05
-6.99578,7.98306,0.0703091
6.45531,8.59761,0.064185
-1.13101,8.34871,0.0583491
6.33522,19.0003,0.05
5.93353,15.6464,0.05
1.76555,5.05442,0.0823918
1.80803,25.9511,0.115019
-13.6395,26.6685,0.0810908
-6.06347,27.3688,0.125237
6.66519,13.266,0.0769623
-1.86629,17.9553,0.0758743
-8.87286,18.4947,0.0688488
-10.2081,5.83348,0.05
-4.9551,3.98732,0.0812658
-5.97487,27.7921,0.05
-14.7741,0.378737,0.0816118
2.67396,1.58782,0.0727933
-13.8843,19.7349,0.139952
6.92358,16.8231,0.05
3.98043,15.9455,0.05
0.14527,0.561439,0.06962
0.48137,16.6598,0.0859045
6.54047,7.34271,0.0668077
-4.27423,0.0751869,0.0752022
6.25889,7.70232,0.0902714
14.9061,15.309,0.093946
0.333556,21.8528,0.0542479
-4.41148,15.543,0.0868566
-11.3448,12.7157,0.068667
6.33104,4.33504,0.0715389
-8.74511,12.5606,0.111613
-5.57828,5.70096,0.0736646
11.0526,2.35639,0.113636
2.00696,24.9745,0.05
-1.71259,19.9071,0.0894805
-2.12229,27.5506,0.114639
9.67551,1.47471,0.0877137
8.43062,28.8495,0.0881276
-8.96893,21.9167,0.05
7.37586,13.6719,0.05
4.42208,11.9232,0.101697
6.32044,25.4677,0.0653442
13.0735,6.23602,0.0892326
-11.4123,6.49122,0.0593196
-6.602,1.8554,0.114888
-1.6063,11.967,0.0898842
11.0208,3.29286,0.0527975
6.10536,21.2356,0.0552345
0.955573,11.5455,0.0686963
0.871797,26.3198,0.0641891
0.28417,1.94162,0.0635617
5.13338,11.1731,0.0636831
1.463,25.2984,0.0746356
-9.32305,19.7127,0.0624211
-4.88793,23.8768,0.119945
-3.43867,3.9,0.0923698
6.04815,18.5034,0.0534498
10.468,15.7582,0.0818283
-8.94557,10.0089,0.10118
-5.70614,11.5779,0.098461
14.3984,26.4849,0.0555468
-11.867,23.3342,0.0895262
8.78451,16.3904,0.0626797
11.978,23.0773,0.05
-7.72624,1.31452,0.0612585
9.19926,3.09304,0.101166
14.4779,10.7966,0.0900456
14.4993,8.94705,0.0845421
0.196406,26.4601,0.0653371
-13.5939,9.02758,0.0680287
1.66516,10.2623,0.113986
10.1247,19.0024,0.05
2.05549,19.3457,0.10265
-7.80877,7.04969,0.0773227
-4.59242,23.9923,0.055408
-6.19237,20.9574,0.05
-13.0703,18.6706,0.10363
-6.19871,16.2371,0.0830499
0.763304,24.2402,0.077669
-8.28395,6.22247,0.05
12.1247,5.51754,0.060909
4.9078,14.455,0.0616694
-6.31472,2.03186,0.0698063
11.4562,10.5934,0.0580894
-12.2634,17.4855,0.05
1.62068,6.19352,0.0656557
8.38856,21.8506,0.05
-3.73717,1.47593,0.05
-5.1515,28.3791,0.05
-13.2448,8.01098,0.0746638
-11.3831,23.8008,0.05
-3.19228,26.664,0.0737729
-3.09672,25.8734,0.114342
-2.22296,23.4679,0.0634355
2.96472,28.1933,0.0768481
10.6407,13.7814,0.0509058
-4.01036,24.4238,0.0950463
2.1053,5.66031,0.080409
-5.39679,29.8536,0.0879237
0.943219,17.4056,0.0930555
-0.945511,7.10045,0.108113
12.114,17.7488,0.0857417
12.3904,17.6531,0.106343
-2.63584,5.99646,0.119937
-14.3653,3.77778,0.114594
9.39767,7.73442,0.0809318
-0.864244,9.03029,0.107636
10.4986,7.54111,0.103086
-12.6324,2.92431,0.0629834
5.18878,24.3755,0.0570382
-1.14237,15.6615,0.073883
-8.14354,20.4544,0.0699528
4.68277,10.2974,0.0880227
1.61881,13.9946,0.05
10.0263,22.8657,0.0677012
-1.72604,21.1327,0.0604501
1.52093,13.2243,0.063751
1.5026,17.3161,0.0741575
-0.234269,23.7209,0.075665
-12.4616,14.6833,0.0640138
-13.4322,13.538,0.0724811
-2.61239,29.0998,0.100519
4.53868,16.7563,0.0934098
6.8373,12.9383,0.103286
9.13273,17.9383,0.0839241
-2.06624,8.10855,0.082565
3.68909,6.65777,0.0974496
0.162641,27.7811,0.123533
-10.3406,9.25882,0.0743192
5.80468,13.3949,0.11891
10.7619,14.2457,0.05
11.6184,2.48165,0.102206
-5.23277,25.4667,0.05
7.2711,10.0351,0.05
12.7527,0.608377,0.0749471
-3.05619,15.8261,0.118486
-10.065,26.0185,0.0789718
-5.86514,1.10551,0.05
0.774294,28.6469,0.127288
11.0919,14.1004,0.0795561
11.4127,12.2813,0.05
14.3695,1.21707,0.05
14.033,20.9836,0.0873465
9.63431,5.27169,0.05
-13.0998,25.6209,0.067563
6.36682,19.4467,0.05
-13.6331,25.9768,0.0896005
2.96718,17.3074,0.0671422
14.3299,18.4204,0.0659916
-3.24027,16.53,0.05
2.17475,24.8947,0.103006
12.3737,7.07816,0.05
-11.1997,16.8966,0.0969634
-4.09942,4.40716,0.0975654
-7.47667,18.4482,0.0872612
8.42425,6.11304,0.0840241
3.05607,7.2356,0.05
1.23538,25.2188,0.0659927
4.00955,0.816238,0.0766759
13.6633,1.9404,0.05
-11.5629,11.5144,0.0646111
-1.161,29.135,0.0890842
10.8318,21.0975,0.0705898
12.6907,2.43046,0.0819994
-8.783,7.28713,0.0953297
7.37516,22.6123,0.05
7.34692,29.0293,0.0676073
-5.24648,15.293,0.0789712
-5.33461,4.37481,0.118695
-1.83337,25.6642,0.0916295
3.30262,0.4373,0.0502881
5.34847,7.834,0.133124
-2.7099,14.6939,0.134326
-12.8965,25.2686,0.05
-14.2907,20.9238,0.102335
-13.9802,6.56371,0.05
7.45664,2.82578,0.0661514
-9.04852,18.774,0.0841665
-10.7375,11.1581,0.0661873
-0.164343,20.4178,0.0767103
2.96291,7.34433,0.0690611
14.6528,27.9255,0.0953477
5.26532,26.8704,0.0515826
2.87473,23.1605,0.108421
-9.30939,11.019,0.0974827
5.53986,14.8225,0.0965699
-5.89743,10.97,0.0898983
3.39668,23.1878,0.052048
14.6201,21.7478,0.130719
-6.3917,13.6579,0.0741825
-14.8947,21.5755,0.105308
-10.5217,11.3903,0.0664899
8.20966,8.8455,0.0582644
-9.95669,8.04828,0.0702194
14.0586,16.6483,0.0651093
4.43513,3.07892,0.069358
-2.44306,22.7248,0.077435
-1.3496,16.4441,0.05
13.4014,14.4686,0.0652801
12.507,23.8427,0.0727105
12.5243,15.7242,0.0682758
1.50411,2.76062,0.05
6.71333,10.1215,0.110334
-13.6421,28.6863,0.0822545
10.4022,3.75426,0.0903132
8.06782,18.9853,0.05
-2.41621,8.69474,0.106654
13.9226,29.6035,0.075305
0.430181,9.91002,0.0693622
-3.24398,15.6654,0.128642
4.77104,0.749205,0.0634767
11.6969,6.98406,0.0698227
-10.73,26.7498,0.0850767
6.36997,14.4487,0.0781584
-13.4533,26.8261,0.0505978
0.187139,11.7902,0.09929
13.7741,27.6816,0.0523342
-4.0163,27.2111,0.106351
-14.265,22.35,0.0784696
-6.96069,14.9826,0.0773373
4.19079,18.7404,0.0612649
-10.9082,21.5417,0.0837714
-1.21674,16.8362,0.0898203
-8.37101,16.0699,0.0636757
-13.2452,17.4766,0.0830953
9.04845,7.85101,0.0934452
-11.4447,13.797,0.0846534
9.51804,23.895,0.0552645
-4.99923,20.5104,0.0868027
-10.1724,7.40688,0.083542
1.94756,18.2248,0.0597168
-14.4665,0.8777,0.109209
-3.21542,11.9166,0.0550424
6.85427,10.3025,0.119018
12.1775,16.0188,0.101168
-12.4948,12.6912,0.0598667
-11.6102,19.4805,0.0984589
-3.85612,8.93931,0.131906
-8.90455,18.1054,0.0800691
14.2729,4.19018,0.0834949
13.4844,12.9502,0.0915229
12.4132,1.30463,0.0782865
8.57023,7.42294,0.051135
-14.1255,9.47151,0.0775544
12.9011,1.78076,0.102244
-9.39381,18.4667,0.104298
-4.56675,8.07327,0.0950697
-0.110775,13.1054,0.096269
-6.28455,23.9881,0.05
10.1769,2.03312,0.0566274
-11.9743,11.8782,0.105526
9.98203,22.2992,0.072115
1.26485,24.4107,0.05
7.45078,6.02731,0.097099
-7.81326,2.40653,0.0907765
-3.63317,28.1102,0.0930395
-13.0147,26.5971,0.0837036
9.53702,19.088,0.0662366
-4.43179,1.99366,0.0649764
-14.3536,1.48663,0.05
2.62277,18.4309,0.109957
1.25853,22.1342,0.0923897
-10.8888,16.0281,0.125606
-5.55454,10.3552,0.0944696
-14.6268,28.863,0.05
13.9342,3.15483,0.0922529
-10.9638,21.9115,0.0809639
0.45012,8.04923,0.0986375
-4.56342,13.1757,0.05
14.3551,8.10367,0.0815827
-13.3182,26.1257,0.0809295
-14.6757,2.41744,0.057139
8.05938,21.3833,0.0673964
-0.756823,28.1807,0.0567633
5.42824,28.9636,0.0566856
6.58457,29.5414,0.0794203
8.41213,2.24895,0.060605
-2.7826,22.8089,0.0788195
-9.71959,16.7922,0.100926
-7.12517,27.9906,0.05
-0.444726,23.3665,0.0541305
7.16263,21.621,0.0832784
6.10424,18.2181,0.109805
-4.19257,29.3257,0.0768751
8.93185,16.3663,0.0865966
-6.66891,25.5137,0.0556439
0.739158,1.41035,0.0636194
11.4452,7.02264,0.05
-3.96067,18.4498,0.0672717
-13.1996,6.51813,0.087555
11.9449,26.3094,0.05
-10.3472,15.6072,0.0632322
14.9462,7.14807,0.0537636
-1.68356,20.7398,0.0675235
-8.46689,19.5469,0.12819
8.43637,26.6949,0.138818
-2.03594,26.7321,0.125028
5.7081,16.867,0.05
-9.51717,10.1878,0.11714
-0.493157,23.9186,0.0647551
5.93084,9.27654,0.0575138
3.25308,25.1699,0.0806387
-14.5804,23.7779,0.05
-4.91827,12.3413,0.0784372
8.27983,4.12318,0.111424
-4.18625,15.4571,0.05
4.13454,27.7563,0.0738734
-7.90132,18.7196,0.05
14.2468,9.56523,0.121216
14.3143,15.0239,0.0718889
-14.3216,5.8782,0.05
-2.70118,6.84986,0.10938
-10.0257,26.7149,0.0614565
8.53167,15.1462,0.106466
2.06168,11.4194,0.0809257
11.0197,16.8565,0.0766151
-11.8008,18.6577,0.105637
3.40341,4.00816,0.05
-13.462,9.06662,0.0695722
-0.246604,5.33239,0.0743318
-1.51003,8.30913,0.0804107
-2.28546,15.7704,0.112151
7.27482,19.4405,0.05
-14.3592,19.2552,0.05
-11.0241,17.5578,0.0928835
-7.87388,26.4223,0.0909688
-9.04604,7.72077,0.05
9.18023,11.3588,0.144888
14.6587,5.18171,0.0598343
9.69097,2.00507,0.0966523
-0.527904,2.84724,0.0731526
5.76315,25.859,0.0830775
-0.668486,29.424,0.05
-7.6451,1.58051,0.0713999
-10.7368,11.002,0.0673335
8.62813,25.8897,0.0655608
-10.201,12.9809,0.0855355
2.83362,13.4054,0.05
-10.9589,23.7353,0.0664108
7.29474,5.16701,0.0995313
-5.14904,9.15188,0.05
-8.56107,26.014,0.0553817
-2.94804,22.5943,0.0811846
-10.3189,2.36319,0.0735597
11.4245,1.77007,0.0549152
-6.64852,15.7692,0.0982628
-8.95575,14.4365,0.0736186
14.3547,17.1084,0.0793317
-1.6263,8.02435,0.116016
14.429,11.7674,0.05
3.44049,10.766,0.092119
-9.4456,0.518948,0.0716328
1.36626,11.8499,0.121439
13.8124,13.7882,0.0888027
-7.29297,27.1221,0.0513581
-8.99833,27.0268,0.0761765
-10.2062,10.3024,0.0979326
1.02288,9.75531,0.0751559
7.68808,29.6397,0.078919
9.37967,28.0305,0.0580292
-14.7527,26.9863,0.0846565
14.3105,18.0236,0.0605187
-9.43723,7.70374,0.10061
6.03225,3.54902,0.05
-14.4794,14.2754,0.0570633
-3.32438,10.5384,0.05
-9.33761,29.8968,0.0966245
9.37162,11.3955,0.05
4.78476,8.21362,0.0654572
-12.758,26.8686,0.0879297
-12.7784,29.7966,0.0896714
-5.1042,21.5956,0.08604
1.03357,27.3739,0.0563345
1.01915,25.5011,0.0624204
-10.795,28.3714,0.05
11.2018,26.0671,0.0876047
9.84288,21.7687,0.0943239
-10.2157,14.3561,0.05
-6.06033,17.6055,0.124281
2.53441,20.7827,0.05
-2.31719,10.1504,0.102363
2.84254,17.4116,0.0953468
-12.7627,15.7837,0.0583243
-8.04877,4.79139,0.0829287
11.9111,8.64835,0.05
-5.30053,22.8266,0.05
0.142309,19.7055,0.106574
-13.3881,22.3174,0.0990398
-13.1854,8.66513,0.0675343
-12.2751,7.81373,0.0674668
-13.3159,2.59353,0.0663395
14.7996,24.2981,0.0654109
-10.0087,26.288,0.0602849
-7.60675,24.2404,0.05
3.142,26.8049,0.0920239
5.30424,17.0406,0.0796435
9.66987,26.6562,0.0686799
-7.71407,11.9132,0.108781
-5.36001,17.5266,0.0792175
8.11309,26.4373,0.0830039
-13.4367,13.6837,0.073269
-7.35569,5.13258,0.106362
-5.4692,9.12978,0.0501504
-3.97803,7.10051,0.0622863
5.01195,20.6187,0.0955387
-0.68254,6.35778,0.0896246
-5.42877,2.86982,0.0768803
4.06595,27.8683,0.0574266
-3.18466,2.78702,0.0620101
10.7336,20.2479,0.05
12.8808,26.4871,0.102485
13.7134,12.2619,0.0739421
-5.46602,2.44431,0.0525288
-9.84254,11.3869,0.05
2.5818,22.7414,0.0598738
-1.64028,0.0558564,0.0558566
-14.1289,8.50819,0.0691183
6.57187,27.6132,0.0948655
2.98107,16.7463,0.0710272
-7.36314,2.52035,0.0994593
1.37479,5.28797,0.100801
5.70174,21.0095,0.0847791
1.84152,17.884,0.0777596
-3.96981,6.05553,0.0788801
-11.1306,29.3362,0.0598659
-12.2538,18.5494,0.106461
9.83855,0.340893,0.05
-14.9402,19.0886,0.0597896
-6.71387,17.2865,0.0864121
0.87914,29.7902,0.101448
-7.10181,1.38207,0.0809066
13.41,17.7086,0.077603
-12.864,4.51208,0.05
0.79519,14.8411,0.0908267
-2.27817,29.2398,0.0635359
7.98145,25.3148,0.0789213
-2.52736,20.9525,0.10469
-9.83238,12.4909,0.0992152
-14.1654,16.3893,0.0825087
-13.5297,6.8862,0.0988124
-6.26979,15.9597,0.0695914
-3.26823,15.8903,0.0975687
-9.58355,25.2193,0.0791105
14.244,2.08901,0.103694
-7.3163,6.86301,0.0915312
-10.8848,24.6425,0.0742888
9.82295,26.5926,0.0970714
-2.64853,3.22108,0.0741648
-6.06262,12.3089,0.105416
13.9444,2.20698,0.0596835
-6.83574,0.382063,0.118141
-6.908,22.3636,0.0796926
-3.51383,13.5538,0.10309
-2.96063,8.09113,0.0804877
1.17616,11.1567,0.05
6.68311,23.3259,0.0608073
4.3682,17.5604,0.0698117
-7.27529,8.07201,0.0807085
-7.19469,25.0803,0.073926
-5.1807,0.222628,0.0826767
-3.63741,23.9611,0.05
13.2246,7.74903,0.05
-2.25254,19.3614,0.05
11.9646,26.0927,0.081728
5.01169,0.101489,0.101512
-6.85638,0.200259,0.0649118
-2.09109,24.2931,0.0856839
-10.36,22.5273,0.05
7.02304,26.2529,0.0980557
-2.52125,15.8622,0.122799
-0.69837,11.0671,0.0849426
6.95679,26.6268,0.0595714
14.4341,7.18621,0.05
-1.59908,20.39,0.100258
1.94013,24.3544,0.0544635
10.1347,17.8617,0.0676652
-4.86457,4.47529,0.073019
-12.1347,8.94599,0.0822777
1.90827,10.8146,0.0922085
-10.2962,26.9268,0.102262
-9.87991,23.6444,0.0604958
11.2088,4.69798,0.0571508
13.8005,8.54824,0.0589058
12.5101,3.53808,0.05
-1.25053,10.8326,0.0836053
14.7121,14.6118,0.05
-13.323,13.1862,0.0839101
-7.91325,22.3926,0.0908261
9.44451,18.3999,0.0608751
8.98509,7.05041,0.0577054
-4.51733,8.61988,0.058099
-4.18981,13.6729,0.0938166
-7.09107,18.9213,0.120849
2.10141,27.2788,0.0888988
-0.279267,12.7127,0.05
8.78274,1.82407,0.105233
1.38981,0.573315,0.0508114
5.20594,4.8385,0.0516353
4.02907,22.6537,0.0791978
-5.68075,20.0004,0.0835915
-8.17655,29.126,0.0842332
-3.02468,21.1603,0.0546263
11.7157,1.01409,0.0768025
-14.913,5.03048,0.0870115
0.318226,3.32088,0.05
-7.76856,21.1793,0.124104
-12.4444,14.3401,0.0538412
1.40961,4.42226,0.108826
7.16656,17.0644,0.0839674
-1.67473,26.1552,0.0618969
-7.18892,0.304248,0.0820015
-12.3554,8.51668,0.0865479
-4.80741,10.3818,0.0829077
-8.31466,5.85271,0.134265
1.41916,12.4128,0.0945284
2.13061,20.1832,0.0702665
-5.69395,29.9712,0.112677
-8.71745,8.73579,0.112855
4.87819,15.2335,0.100741
-9.19512,27.2247,0.05
4.25788,4.37692,0.0911872
0.92532,3.3779,0.11742
0.293408,7.9964,0.0666572
7.59652,21.3752,0.0995221
7.09634,23.0701,0.059445
10.9621,15.5874,0.102126
9.89623,15.9871,0.05
-6.99439,19.9783,0.0535537
14.9092,18.7906,0.0857854
-12.8464,23.923,0.0644497
3.50807,18.5791,0.0934349
12.1793,20.3803,0.0811707
-12.773,15.2693,0.104367
2.11793,11.1309,0.0790362
-7.58548,24.6941,0.0790572
-7.20467,16.6048,0.0837853
-13.9488,14.5201,0.0836046
2.76337,3.80146,0.0805688
3.31031,13.9688,0.0727657
-11.1775,1.74382,0.0912111
-1.72577,18.0658,0.0679593
-10.2032,19.4315,0.118612
4.42388,0.896278,0.0961487
-13.4192,18.1737,0.05
6.81136,6.067,0.0901415
11.4517,2.58747,0.0952752
0.0990391,18.3267,0.0861741
-12.9646,9.28431,0.0771266
14.7281,18.5292,0.0951879
3.4605,17.8282,0.05
4.14847,13.3346,0.0916561
-11.4671,9.91249,0.0571962
2.05328,9.81859,0.107527
-9.3984,2.11957,0.0661102
7.90485,14.3236,0.05
1.34032,6.64745,0.0763087
7.6533,0.605206,0.0850366
7.72916,0.0762007,0.0762194
10.4469,1.28246,0.076862
-14.0749,0.460698,0.05
-6.75977,22.9446,0.05
3.21146,11.0168,0.0884521
-8.42548,28.4092,0.0748721
9.42645,9.52258,0.0756599
-14.5862,19.5502,0.0898829
-3.28527,5.03539,0.079929
-3.20676,26.7871,0.05
2.62983,9.21289,0.10441
9.72648,14.5695,0.078835
0.0662361,10.4283,0.101001
6.49784,18.0984,0.0721782
3.11049,28.604,0.0776717
13.3129,0.363077,0.102922
-14.9086,0.55312,0.0914377
-9.53036,16.0504,0.0890276
-10.8493,10.4321,0.104598
0.29515,13.5823,0.0832809
10.7597,12.7182,0.0834757
-1.29385,14.9583,0.0572453
-2.8506,19.6515,0.0516297
12.2264,26.2115,0.108673
12.1511,23.843,0.0763145
-8.45535,21.0102,0.110181
-8.22106,18.7743,0.0684247
4.83161,27.3586,0.05
13.2236,24.7849,0.121346
-0.539043,18.4153,0.0734751
9.69879,3.84795,0.0860481
-1.22858,7.12037,0.05
12.6748,1.5473,0.05
-8.07782,14.0458,0.0505899
4.49963,9.69126,0.0787261
14.0891,15.3836,0.0671636
12.0725,4.18623,0.0905922
-3.72398,15.8081,0.095127
1.8386,27.7549,0.0730644
-11.2229,20.1416,0.089637
6.76396,24.5468,0.082497
-7.44505,16.7572,0.0657145
-13.9567,26.109,0.0754501
-12.4571,22.0667,0.0671554
-2.28115,9.99434,0.0577825
-2.83926,7.54965,0.0515309
-11.8604,1.63518,0.05
-14.3249,0.988369,0.0694547
7.91569,4.4475,0.0655066
14.599,28.6694,0.091426
11.8302,25.8152,0.0802876
-4.37222,22.8945,0.115806
11.0998,13.9406,0.0804589
6.52607,25.9917,0.05
-8.56097,11.0241,0.0698217
11.9494,27.2031,0.05
5.8141,17.7213,0.0778017
-5.98479,0.0712751,0.0712904
12.7065,4.25092,0.0877922
9.47761,23.6551,0.0555169
-0.600298,12.3236,0.056208
6.78591,21.3899,0.0885471
2.08714,17.5366,0.0977951
-4.55505,15.3174,0.0694392
3.4248,7.14759,0.05
-13.7522,26.2723,0.090418
8.13324,10.723,0.0624477
3.97216,28.812,0.0955078
1.35534,17.9898,0.070352
-4.79767,26.1098,0.0897791
3.57632,17.3278,0.10804
-7.70945,14.6564,0.0853576
0.743555,0.37593,0.0716579
11.6636,11.2992,0.0729247
4.82859,5.18854,0.0852061
12.0639,7.11897,0.0683022
-4.32517,22.5087,0.05
-11.7815,28.3502,0.0655078
-12.0465,2.72456,0.0875606
-2.94101,22.4428,0.05
-13.4689,24.1623,0.081537
13.6216,27.9858,0.0805039
-7.10796,26.8101,0.085282
-3.24538,0.787658,0.0752609
-1.62765,15.2082,0.05
-1.11215,13.6993,0.0714249
-10.4457,9.51253,0.05
-14.667,29.7539,0.0703845
-13.1816,7.8981,0.0546908
-8.3359,23.4934,0.0663641
-4.03832,19.4589,0.0862324
-0.94145,12.0074,0.0872247
-10.8056,19.4475,0.05
-13.5557,18.8506,0.05
2.93168,28.043,0.0770274
5.60968,9.20056,0.05
-14.6405,20.8845,0.0607961
1.6722,9.71276,0.0793299
-1.66492,28.0078,0.129849
9.26753,13.453,0.0567045
10.9693,0.16717,0.0672748
3.15342,23.9038,0.0597813
-0.926492,14.9494,0.0989938
-13.4621,29.3366,0.101001
5.97292,22.2589,0.0812629
9.88946,12.005,0.0591384
4.14977,10.1833,0.0829507
7.4727,24.8281,0.0747669
12.2955,25.075,0.098983
-0.6457,1.19089,0.10839
-3.80629,5.76008,0.0662169
-7.69382,10.7579,0.089847
-8.53417,9.97334,0.0933591
-9.55334,10.5167,0.0637309
-4.07409,3.27331,0.0758443
6.45215,4.34523,0.05
9.50663,0.306376,0.107102
-3.20189,16.4046,0.0811271
10.6204,3.13108,0.0612359
-5.74064,2.16965,0.0696932
0.475105,27.5645,0.0958469
-11.1971,4.9555,0.0722739
-9.20811,11.4693,0.0931363
-6.64959,0.364285,0.0688841
10.4566,16.4155,0.05
-9.64484,15.4864,0.125973
-4.6322,7.13734,0.0773098
-12.2031,8.47334,0.0718375
10.2866,0.365986,0.0689221
-0.0430108,12.2552,0.084045
9.13396,1.995,0.112875
11.8447,3.73485,0.0890017
-12.2441,23.9753,0.0535006
-11.8479,8.77127,0.0891561
-5.83731,15.9667,0.0726543
4.73824,16.2445,0.0757816
9.89228,29.2798,0.0771677
-0.748978,9.33659,0.0790932
-3.5402,4.61593,0.05
-10.7446,16.1283,0.05
-4.17021,6.39784,0.100943
6.64582,1.22097,0.0545701
-5.04691,2.93174,0.0674827
2.46564,0.950403,0.0759409
-11.5072,22.2907,0.12085
1.79026,28.9669,0.05
-10.89,0.695665,0.0936936
13.9253,25.0846,0.0893369
-12.7341,23.5121,0.0515219
-7.28686,18.4324,0.0578274
-3.72448,11.3942,0.0539963
11.5755,17.6387,0.0701259
4.99219,18.9901,0.0577561
9.74709,7.2469,0.110316
13.8304,6.59002,0.109626
-7.46138,0.802895,0.108832
8.35111,2.41968,0.103253
11.259,13.0311,0.102368
14.621,14.3295,0.0921885
5.75488,10.8024,0.0765738
9.16419,17.2956,0.0966461
-0.0304428,11.1074,0.05
-0.447121,29.1287,0.0832343
3.3547,16.638,0.05
10.4581,17.6057,0.101423
3.16341,0.0920803,0.078012
12.1469,3.8042,0.05
-14.7413,13.3574,0.110213
-11.7325,29.54,0.102653
-11.595,29.4672,0.0529339
11.3939,21.8823,0.08268
-9.23854,20.6711,0.0554735
3.68813,26.2229,0.0760988
-9.12189,24.9326,0.0800027
-2.78415,11.1088,0.05
-10.569,14.4744,0.0507385
1.98224,19.0832,0.0652627
-2.26083,29.394,0.0915664
-5.64912,10.797,0.05
6.2574,3.39176,0.0508577
10.2989,29.6986,0.106818
-0.559675,12.141,0.0848584
11.6926,5.80992,0.0755715
-13.737,20.5452,0.0527828
9.49122,19.2083,0.05
-14.6632,22.6763,0.0890895
-11.8603,13.9014,0.05
-8.43542,11.2903,0.0647046
-12.7086,11.3081,0.09837
11.2393,25.3514,0.0973034
12.9945,9.05226,0.119081
7.98728,11.6402,0.0901514
0.454196,12.6863,0.0773456
-9.58044,27.2368,0.05
0.131717,1.05607,0.107506
6.02709,28.5856,0.0874323
9.05273,18.403,0.106413
-0.326906,2.79133,0.135488
-14.7763,14.7599,0.053879
-1.83989,2.7301,0.0767091
-10.7051,3.03871,0.111886
-4.3418,23.0897,0.0817102
-13.6245,15.5951,0.0839847
-2.26072,2.5979,0.0956055
-3.86709,13.2816,0.0800614
14.4322,19.3671,0.0643026
-5.68558,5.20338,0.072685
2.64768,24.9241,0.0983234
13.8864,1.05959,0.060566
-10.9119,4.90408,0.05
12.5821,20.204,0.0666253
12.4275,4.9977,0.0660319
-8.01597,27.1594,0.0548924
-5.96743,6.61167,0.111122
-12.7087,28.3558,0.100048
-14.1499,8.66283,0.08694
11.9598,22.139,0.0927087
13.5923,14.0427,0.065342
-12.8786,19.234,0.0772108
-10.8188,21.415,0.0712994
0.429583,12.8961,0.05
-13.4704,2.51725,0.092193
1.41871,29.6132,0.122624
-3.72068,26.0945,0.0807997
13.4742,15.321,0.0791377
7.18419,3.19309,0.107777
-7.54772,0.653568,0.0636831
1.26345,1.58041,0.0611343
11.4095,29.2438,0.0823246
-10.8846,9.61721,0.05
3.70672,15.3564,0.0750216
-11.698,21.3774,0.09456
4.36707,5.20343,0.05
11.2694,5.74498,0.05
12.8553,4.02907,0.0556739
-8.57842,16.3702,0.0646148
6.26537,16.0677,0.05
-11.3758,25.7039,0.0820331
1.43163,10.3598,0.05
12.1257,17.9077,0.0735501
-6.27512,17.8185,0.05
2.56743,3.17,0.0683378
6.32321,15.663,0.0667786
-6.59625,25.8748,0.0514577
13.168,9.54983,0.108869
3.91424,2.57755,0.114925
-7.48047,1.26134,0.0924577
10.6582,8.02651,0.0729505
-8.99475,3.97811,0.0568554
-14.278,27.1721,0.0789892
5.54124,20.2302,0.0934648
8.38026,25.9647,0.0634476
9.86283,11.6226,0.0885101
10.4524,5.97018,0.0802224
9.63417,8.11729,0.0883189
10.0682,22.1966,0.0618431
8.57147,7.8103,0.0925073
-11.1017,17.0521,0.0527905
-14.9114,18.6522,0.0885963
2.41564,2.51328,0.0580377
-0.388173,0.868883,0.0655143
-7.79867,2.85729,0.072012
7.90732,22.6679,0.0697504
-9.94885,17.9865,0.05
-2.12302,18.2345,0.0709626
-2.81781,4.16329,0.117964
-14.08,25.9135,0.0602363
-9.70418,1.50848,0.0639437
-0.632716,28.2091,0.0705391
14.473,3.05054,0.0573944
3.34583,5.00966,0.0631993
-0.326259,6.72702,0.0705878
10.703,9.36553,0.103684
-14.9075,11.6127,0.0924926
-13.4957,5.39018,0.0703668
10.3745,17.2044,0.0591593
-10.3561,0.383295,0.0826507
11.2854,6.97233,0.117513
-6.47587,16.1715,0.0763798
1.94895,3.96502,0.071327
3.01618,26.4368,0.05
10.0794,28.3219,0.0937928
-12.0622,20.4086,0.0656804
6.87222,2.96933,0.05
-9.09037,14.4098,0.0636323
2.13947,12.5232,0.0712808
12.0432,29.6988,0.0799294
-3.35467,26.6981,0.0921326
14.95,14.1455,0.05
9.51636,26.3704,0.0635805
-9.1237,4.05435,0.0929423
-2.49834,28.9304,0.103645
-0.138341,6.67683,0.118097
-12.7606,9.64349,0.0963543
-4.31002,2.65533,0.05
5.78093,12.1209,0.0756813
-5.34711,10.4146,0.10693
1.34742,2.73521,0.108758
-6.95424,3.79039,0.0856096
8.54655,15.4282,0.0544107
11.6371,16.9799,0.0611874
-12.3118,4.37499,0.122268
-7.07412,5.92559,0.0966329
-10.0797,19.287,0.0714032
-8.15485,5.43945,0.0994563
0.710445,12.3934,0.05
10.246,28.3716,0.0800586
2.37911,3.77835,0.0848044
14.6525,29.4641,0.0677877
-7.58949,2.01223,0.079307
12.9116,17.8695,0.0888905
0.569945,14.0546,0.0607888
-10.0401,17.728,0.0764022
7.44262,24.6907,0.0659323
-13.7573,6.55714,0.0638275
11.9654,16.0263,0.0830427
1.86206,6.16245,0.108779
4.41623,18.1888,0.05
13.922,16.4424,0.0739003
13.1624,18.3633,0.05205
-10.999,22.6062,0.05
0.325187,7.71552,0.0711035
-5.71445,8.80829,0.0990009
-2.49208,17.1356,0.0614601
10.3485,26.6021,0.0714998
-7.19972,13.4491,0.0684605
11.2782,13.4618,0.0991524
13.7154,12.6174,0.0548456
-3.42521,25.5413,0.109588
-8.71331,24.1661,0.0923869
3.68644,21.4037,0.0970888
8.06488,8.86629,0.087564
5.83686,6.52021,0.106899
5.47312,27.9443,0.115827
-14.5774,16.7831,0.0944422
-5.33889,13.4305,0.105188
7.47489,3.56147,0.0625636
-9.50207,21.127,0.05
-2.78201,23.0028,0.0943922
4.6709,13.9381,0.0818295
8.12895,26.6872,0.056576
14.1736,8.25209,0.0679266
13.8551,2.5829,0.05
-2.36578,16.6225,0.05
0.250627,4.65205,0.100374
-11.6911,20.0083,0.100257
3.64083,18.1392,0.05
11.5262,19.4126,0.068827
5.13727,1.19573,0.0676793
-9.61233,7.64832,0.0830602
-7.48103,19.7469,0.0894377
3.03965,18.829,0.065693
13.9163,16.6011,0.0848861
-6.09198,18.4796,0.0766765
11.9942,6.68072,0.0846051
-2.03753,28.7234,0.0573282
4.5176,7.67936,0.10125
-4.34488,0.577793,0.0791644
-9.05872,12.2161,0.0536107
1.22802,24.5174,0.0627924
-3.05619,10.195,0.0726238
7.50737,19.2217,0.0686359
8.74709,25.6087,0.05
7.2565,6.61649,0.113001
-10.3582,10.0277,0.0990156
1.24379,25.6535,0.05
-7.83101,10.4774,0.0813291
6.15773,27.4477,0.0681899
0.324434,24.8272,0.05
5.83327,25.613,0.05
-2.54908,24.6951,0.104298
6.16815,3.09854,0.0630652
-13.6539,2.06545,0.076287
-13.3069,9.38026,0.05
14.5053,17.5627,0.0744317
-8.31609,5.0807,0.05
12.9248,29.147,0.0841585
2.54742,13.2046,0.0871458
-1.93353,3.01763,0.103409
11.3027,4.89833,0.0610078
8.68534,11.3891,0.0596934
-8.96851,13.5332,0.0746906
7.23037,22.1093,0.0962189
-9.63244,6.10093,0.06267
5.19113,28.9407,0.122504
-5.03871,25.7414,0.111009
5.676,20.8515,0.0621419
-10.255,15.2315,0.0598225
-4.17617,29.1583,0.0913012
0.360189,21.0867,0.0560007
10.526,8.73483,0.0837127
11.2621,21.8042,0.0706002
6.13039,29.3101,0.056215
13.8585,20.4634,0.0738229
6.89437,22.8441,0.0655016
1.81688,4.89587,0.0842708
6.10622,16.6986,0.055479
4.68587,1.14851,0.0705945
14.9393,28.253,0.0607184
-11.0017,3.07694,0.05
-4.94804,6.37235,0.0978296
-1.76593,10.0297,0.107521
-10.4345,10.7876,0.0816248
7.31393,24.4031,0.0900754
-10.4161,27.6428,0.0838182
11.5277,0.202078,0.0567295
7.03079,0.795067,0.11978
11.5993,4.77876,0.0714352
3.07514,1.28768,0.0641509
6.42709,17.9691,0.0752521
-14.95,2.35991,0.05
-3.90718,20.4046,0.077944
-14.9114,2.68528,0.0886501
-8.60492,4.06123,0.0662891
-7.81047,2.05348,0.05
11.734,5.2499,0.0703347
10.5347,11.7574,0.0750028
-3.41749,5.64377,0.0674506
-12.8481,2.66607,0.122692
11.1595,29.7821,0.0721174
5.10708,26.7758,0.0646366
9.70159,21.8056,0.05
14.7301,19.7227,0.123536
1.27915,15.5401,0.0751924
6.25043,8.32153,0.0664701
4.85435,11.0864,0.05
14.1567,25.8172,0.109794
0.241689,25.1783,0.0833478
-11.4966,21.2763,0.05
-11.9097,1.06361,0.0658315
-8.20923,4.78553,0.077638
14.9009,28.0978,0.099088
-5.93183,2.81105,0.0637861
3.24926,25.923,0.0635003
8.75333,28.5832,0.0592471
1.73696,19.7057,0.0661909
-14.5579,25.0247,0.0803294
4.28242,2.45015,0.0927726
7.49661,20.1522,0.0762121
-9.40082,9.24349,0.0715767
-8.37732,10.4168,0.0573857
-9.635,27.6574,0.05
2.9522,22.1276,0.0849934
-1.59799,3.79853,0.0856847
-3.73405,19.9113,0.05
0.592135,1.89628,0.0781636
7.23269,2.45695,0.0951109
-5.06625,3.44017,0.0558797
-7.76493,14.9447,0.0751731
3.24618,12.1478,0.0881742
-3.50991,4.39434,0.0818534
-5.70122,16.9397,0.0739615
-10.5126,2.09247,0.05
4.97539,29.8973,0.05
11.0962,28.2179,0.0802558
12.2087,11.6631,0.0896401
2.34431,8.65548,0.05
13.3297,9.5015,0.0598173
12.966,20.357,0.0927218
-8.74295,11.4257,0.120022
4.18568,9.86433,0.113271
2.65439,17.8131,0.05
10.6942,18.9254,0.0869609
-0.321164,17.3219,0.083449
-6.20562,7.7309,0.0589153
-13.6477,10.9735,0.0809412
1.95933,2.18852,0.0877704
-7.66611,19.3446,0.086073
-13.2686,27.4838,0.05
-2.16257,26.4264,0.110583
12.0075,8.5403,0.0945834
-0.874998,19.8243,0.0985639
9.22631,1.2969,0.0647709
3.98553,2.09404,0.074641
1.15465,18.6955,0.0576736
0.44006,7.15592,0.050078
9.19659,12.5363,0.0845762
-14.9172,26.118,0.0827491
-7.96417,25.0904,0.136596
9.36855,9.17301,0.126825
-11.9403,27.0716,0.0604551
-8.37829,1.85304,0.0838424
6.69021,7.58529,0.0785338
4.17814,14.7763,0.05
-12.5768,18.2326,0.05
8.40395,18.5112,0.05
-14.2691,23.3239,0.0876669
14.2497,13.0998,0.05
-1.96732,13.1444,0.0702697
-10.286,26.2723,0.0969599
-9.14635,7.7175,0.0503618
13.0125,7.5883,0.0853306
-6.05391,29.7769,0.0955541
14.95,19.5614,0.05
4.7452,26.2998,0.0508717
-1.51638,27.0949,0.0538852
13.9066,4.6305,0.05
-14.9324,13.1498,0.0676307
-12.3634,7.60899,0.0549219
8.49039,25.9921,0.05
10.3555,24.8159,0.0504837
10.1682,9.74195,0.0757204
9.94957,14.0377,0.05
-2.91921,19.5765,0.05
6.82973,8.31528,0.0853281
-10.6281,12.8961,0.0644445
-14.6341,13.112,0.0510607
5.10455,17.1112,0.0969394
-8.35936,0.0889629,0.0889653
-5.25205,14.8621,0.05
-7.34637,9.16713,0.149654
-14.1503,29.3104,0.0905429
-10.4889,28.7429,0.0854217
2.30461,25.7829,0.0724479
7.70368,18.5558,0.05
-14.8544,27.3471,0.126831
2.80608,4.40094,0.0637211
2.04676,29.0526,0.0546222
-1.62696,12.8882,0.119887
10.4401,16.1483,0.0737376
7.61981,8.60499,0.10765
7.67712,4.87107,0.0657194
-7.52511,25.294,0.0800573
5.36938,14.1029,0.109834
-1.51301,17.7485,0.05
2.07054,4.07887,0.0952573
-14.6981,23.3874,0.0695478
-14.8952,2.11284,0.05
0.730544,27.9621,0.0834946
12.6997,9.75155,0.0974763
-5.64854,25.3769,0.10375
-8.52174,21.784,0.05
5.95819,15.3068,0.130064
-2.64078,0.74955,0.0503476
9.46375,8.50501,0.05
14.9395,23.5977,0.0604538
-5.74854,12.593,0.05
-8.01334,21.8169,0.0814236
9.49431,5.56532,0.101216
-3.35747,7.17425,0.0834075
-7.39616,22.7591,0.111278
-1.05241,22.3571,0.0979798
-2.18645,7.98633,0.0732089
5.73783,25.6861,0.0658422
-9.24468,19.3556,0.0755554
11.1537,15.1291,0.0596313
-11.5459,3.29932,0.105658
1.06717,29.1029,0.0568875
-6.67322,20.3878,0.0728791
10.8077,12.0562,0.0898562
-14.9256,20.3925,0.0744206
-12.6092,16.1771,0.108544
1.23452,25.0473,0.105422
-14.2905,2.33996,0.0896794
1.96691,23.0281,0.0652503
0.56689,20.1924,0.0849307
-13.7593,20.1231,0.0730805
-5.24046,1.18645,0.0765976
11.1038,20.9989,0.05
-12.541,19.2753,0.0902127
-10.2513,8.42683,0.106352
14.1507,27.33,0.0503715
-11.8857,24.0248,0.0937669
0.28821,10.8144,0.0622286
-9.07237,22.0723,0.0719049
-7.59191,11.7781,0.0733579
-9.69059,13.0716,0.0787
9.43406,7.31523,0.0607053
-6.25516,5.14486,0.0901822
6.45723,26.0936,0.0706807
-3.20272,20.2185,0.0703098
-10.725,14.7743,0.100964
-8.47814,7.97423,0.0901643
-14.1607,18.3635,0.05
-8.91244,22.0328,0.0791119
-5.78263,26.3133,0.0619262
-10.8814,6.15518,0.0554011
6.01115,2.26431,0.0995805
-6.76056,19.469,0.0831448
-1.65703,24.294,0.05
-6.34624,27.6543,0.0762911
8.69496,11.2375,0.0922311
-2.37352,26.7612,0.0849148
13.2331,24.5841,0.0797555
2.65475,27.1872,0.0797103
-9.32557,10.2901,0.10008
9.48162,16.3565,0.0670441
13.011,12.9122,0.05
-14.6623,11.1154,0.0509222
-6.00873,20.6234,0.101675
-9.81093,10.6137,0.0835904
-7.81705,3.7473,0.05
-1.85478,15.129,0.0586663
-6.91372,28.2721,0.1013
2.40412,15.0807,0.0767478
-11.4071,25.0837,0.0531232
-5.11478,11.2841,0.072497
-0.53962,16.1276,0.05
1.81077,16.3311,0.117125
-0.0444501,14.0801,0.0998725
-0.231085,4.59718,0.0842282
4.70665,22.2701,0.081914
-0.280159,23.9784,0.0595907
-3.84041,6.96123,0.107088
-12.5056,4.78113,0.121083
13.4581,5.17017,0.0537376
10.1225,11.6713,0.0601494
-7.24486,14.4589,0.0643362
-12.5181,16.9199,0.0743783
6.30191,25.3282,0.075392
-10.6283,16.3553,0.0788342
-4.36695,4.86296,0.0622796
0.763484,23.2614,0.065719
-9.63235,7.2513,0.0510164
10.5709,6.45784,0.05
-1.6356,1.33751,0.0899742
3.83833,20.0102,0.0622418
-13.7778,24.3956,0.05
8.52763,27.2344,0.0758636
3.0389,19.0141,0.112432
-2.10176,23.393,0.0657854
-13.5026,4.54355,0.0650978
9.74406,29.8106,0.0905289
-14.2471,0.500597,0.116506
-12.025,0.969047,0.058546
11.4643,13.0907,0.090893
-3.17647,19.9529,0.05
-1.74512,5.83115,0.0939967
10.3757,14.276,0.077044
7.6895,24.3068,0.0860143
-12.2177,13.8121,0.05
8.03209,8.00501,0.0769882
-13.7811,26.5091,0.0814655
4.04824,20.1593,0.0759569
-14.1821,13.6255,0.05
4.61081,1.55069,0.0923869
-10.1617,14.9539,0.0668905
-7.14416,9.62914,0.0628976
-4.1732,19.055,0.0705394
-3.93426,5.77797,0.0630013
5.36658,26.8787,0.05
-2.39,17.4307,0.0883025
-8.78447,14.8752,0.0811714
-8.19997,26.0957,0.0507191
-12.5499,24.5609,0.0931275
-5.31824,26.9192,0.0687101
5.24066,6.58413,0.0754567
-5.55838,24.0814,0.05
6.3317,3.49335,0.0750428
-9.47473,6.3691,0.0923185
2.1997,20.7147,0.0519974
-11.669,18.7486,0.0545143
9.70167,2.40148,0.0906952
13.0861,5.53994,0.0957518
-12.2007,22.5192,0.05
6.54966,21.8992,0.05
7.59773,5.97061,0.059752
1.44065,15.2801,0.102137
-7.6389,5.62798,0.0808058
9.16844,27.6988,0.05
-14.8574,14.2068,0.0884574
10.6673,5.35559,0.111139
12.0955,18.9099,0.0506995
-3.68584,27.6077,0.0673107
8.13777,19.7994,0.0761126
-8.80522,23.6394,0.0813511
-10.6456,29.145,0.12827
11.8856,26.4085,0.0654693
8.94848,2.76635,0.05
7.92832,2.51963,0.0764232
10.193,23.9176,0.0551957
-12.021,5.7731,0.0550135
10.4265,21.7906,0.0682526
-0.0675069,29.7046,0.0723428
0.188088,24.5184,0.0926519
2.00343,24.8506,0.0738853
7.68063,29.2976,0.0622404
-7.48907,17.6081,0.11984
8.19239,19.2425,0.0646552
-4.37063,6.3225,0.113176
-4.58397,16.9761,0.0831175
1.14133,6.5038,0.092335
5.12583,1.02578,0.0609166
-7.04918,20.9504,0.0887284
-12.9766,21.9934,0.106303
8.73929,5.56657,0.05
-2.07247,2.27078,0.103269
13.3379,20.9325,0.05
-8.47048,17.7994,0.0514498
-0.943671,9.43074,0.05
5.48232,19.7703,0.050871
-4.5104,3.8202,0.0708114
12.7882,23.8305,0.0599627
-6.04474,18.9498,0.110575
3.51456,11.4546,0.144238
-9.28471,2.57312,0.0706698
-4.32569,11.8347,0.0578662
-7.17139,17.4683,0.05
3.00544,0.191787,0.0966724
-2.3275,20.1164,0.079946
6.58585,13.3998,0.05
-13.9654,15.9829,0.125851
-14.2044,19.8532,0.05
-7.87118,24.267,0.0836654
1.9369,11.3798,0.05
13.7586,10.5907,0.0745927
6.68029,4.96878,0.0839964
3.45386,5.68885,0.0778715
7.39159,23.8657,0.0825061
-10.6497,25.877,0.0806203
4.76746,17.7571,0.0954889
10.8226,12.8418,0.055181
-10.6484,20.4914,0.0520529
6.62743,4.53277,0.0512203
-4.95354,25.5038,0.141419
-0.683037,0.350884,0.0641259
1.24626,14.3234,0.0584753
9.49565,19.7716,0.05
-4.3498,29.8624,0.05
11.6191,3.02167,0.0879753
6.86276,23.6821,0.0669765
12.7009,22.2619,0.103684
14.76,25.2474,0.0994493
13.4786,19.6922,0.0811379
1.03268,0.0507518,0.050759
-1.94477,10.0139,0.0720205
-3.71003,26.2578,0.082848
5.29969,1.98773,0.127476
11.2123,1.32057,0.0718758
-13.2078,19.5886,0.0734137
-0.918606,23.2601,0.05
-9.97594,15.1723,0.0586082
4.25434,1.25048,0.0862282
14.1091,29.6872,0.103547
-1.77709,0.0827852,0.0828085
0.395073,16.9114,0.05
3.1767,4.53507,0.070254
13.7851,7.16263,0.0661937
-6.10862,22.302,0.104194
-9.5059,15.3193,0.0913616
4.51737,12.194,0.05
13.1458,24.9523,0.0630995
-8.60264,24.3555,0.0704899
14.95,13.0406,0.05
2.45657,22.3969,0.0736902
0.853109,25.4136,0.125258
5.42971,20.9588,0.0885554
-8.22856,6.38412,0.0905242
-4.05587,5.3193,0.05
-1.54437,15.4565,0.0510438
-8.01702,19.248,0.0551156
9.06639,8.70453,0.0803629
3.97286,26.4714,0.0837995
-4.34953,2.85594,0.0705733
-14.7765,7.74513,0.105
9.87513,17.9919,0.0926468
7.95949,23.3754,0.05
9.47794,29.236,0.06319
11.4705,16.9719,0.105531
8.08195,24.7837,0.0525365
11.6074,17.7861,0.0807637
5.82178,27.9629,0.05
1.9975,16.8123,0.0781014
6.45435,11.9874,0.0823346
-11.4931,4.86146,0.0634558
-3.37289,13.6724,0.0790129
-2.22733,28.4212,0.05
-8.56468,26.4608,0.100478
-11.6991,24.7219,0.0940964
1.01064,21.9586,0.0588346
8.58785,13.5865,0.087236
-6.13385,13.7708,0.097415
10.5992,14.6169,0.05
-11.1019,16.2737,0.079181
13.5777,0.484684,0.05
-14.0905,5.30776,0.0839467
-5.63065,22.4734,0.0591697
-2.59139,21.6453,0.117946
2.93861,16.9251,0.0856532
-13.0676,14.378,0.05
-1.28878,24.6362,0.05
0.288893,6.42045,0.0891054
-7.53699,11.5153,0.0846815
-3.21463,13.6385,0.0659836
-3.11839,8.15018,0.0879607
-4.48181,0.277636,0.0914243
13.3947,13.7729,0.0831074
-10.2264,6.39177,0.110725
-1.03804,18.9868,0.105977
4.82472,20.5583,0.0668063
-5.65574,23.6635,0.0641242
-6.94293,19.8764,0.0605386
-11.7388,4.47924,0.0777538
9.37059,21.524,0.0574806
13.7728,13.9998,0.12025
-4.03046,26.3167,0.05
8.49735,5.49708,0.060356
8.91452,21.4036,0.0782339
13.0333,21.4445,0.05
-8.35195,17.898,0.0516048
-2.68827,29.8626,0.05
11.8701,20.0521,0.0653499
-10.7128,22.137,0.05
-8.00648,24.1019,0.0825152
-3.61317,25.1965,0.111845
-11.7003,22.3955,0.0989179
8.73821,23.3111,0.05
-0.0332593,20.5449,0.105885
10.6073,10.7771,0.0550785
9.95643,21.4739,0.113866
0.929586,10.0483,0.0570655
-14.2954,15.5425,0.0895685
7.96753,2.23721,0.118952
5.24115,2.80957,0.0518033
0.938045,20.9467,0.070089
1.58609,28.5337,0.0722543
-4.84255,28.727,0.139625
3.133,28.1999,0.0893712
1.02053,0.423047,0.0760196
-10.4696,4.09887,0.067757
-13.1091,6.39064,0.0687639
-0.030232,28.5101,0.0960148
9.35341,16.4144,0.0735942
-10.4966,2.38454,0.0995014
-5.40399,27.1183,0.05
-0.108804,19.9075,0.0591892
-8.54499,7.77907,0.05
10.5417,8.87942,0.0617328
13.0862,17.7339,0.103492
-10.1886,17.4848,0.116419
-7.40235,3.03801,0.107366
-0.806978,12.0347,0.05
-6.99735,22.525,0.10479
8.89446,8.03029,0.05
2.22802,22.7517,0.106632
-4.81303,12.9497,0.087333
-0.178476,15.1106,0.0554781
8.15903,18.6439,0.0892979
4.38056,0.127902,0.127926
6.79769,18.1815,0.0867599
-4.18731,26.6046,0.0981026
-9.43683,28.6032,0.0937548
4.32809,0.701311,0.121086
-5.51321,15.9911,0.05
-14.9055,6.69517,0.0931163
13.0939,22.5889,0.0765404
-14.3847,9.00802,0.0811326
13.1759,21.7283,0.05
10.0217,21.8517,0.102795
-12.8506,24.807,0.0933148
8.86778,3.08194,0.106678
5.76966,3.89828,0.115712
4.1999,7.77955,0.05
-3.35185,23.3859,0.140197
-4.25756,13.3266,0.0649744
-2.92867,25.2292,0.0576177
-7.96076,6.14683,0.087446
-7.00916,8.9677,0.0981465
-5.10651,12.4247,0.127347
6.60098,26.8231,0.0929786
-6.90721,10.7977,0.109939
-10.5587,22.0907,0.110854
10.0952,27.6936,0.05
-5.67928,9.72037,0.0628311
8.98255,28.0383,0.11712
1.29347,27.1497,0.10104
-12.0432,0.0896722,0.0897153
9.72883,22.0317,0.0970587
3.86847,5.21578,0.0830844
-13.6985,20.2698,0.0857349
-10.2664,27.6296,0.06645
11.6812,21.6089,0.0509351
5.6501,20.7424,0.05
-1.98542,27.8289,0.05
-3.13916,22.8154,0.0854084
14.2894,20.0866,0.0943275
-6.15591,11.3338,0.057961
11.0152,28.384,0.102355
1.47223,26.6709,0.0922492
-13.2676,15.7782,0.05
2.76728,15.3714,0.0610022
0.949147,10.9572,0.05
12.5549,17.7532,0.0862369
-14.95,23.1456,0.05
-12.0063,17.5997,0.0603789
-6.12937,17.8145,0.0958065
-7.31694,14.0776,0.05
1.73323,3.55455,0.0716463
2.71431,16.0304,0.0964733
-8.73034,18.5027,0.0735503
2.69269,2.32741,0.12766
12.1483,6.28272,0.075587
12.692,18.3099,0.0756523
-13.4156,16.0663,0.077375
7.96248,13.6339,0.0973042
-5.52154,23.2549,0.134057
0.154799,28.2735,0.0755865
-3.1475,7.80289,0.0941458
9.34371,18.697,0.05
-10.7305,8.65066,0.0865812
13.99,22.6976,0.100013
4.17515,0.850217,0.0923934
3.57561,14.3608,0.0681037
0.173829,11.3634,0.081095
3.19126,19.5303,0.0885579
13.1981,1.99653,0.091228
10.1197,15.9511,0.05
-5.89865,22.2751,0.0888911
11.5205,27.7903,0.0975278
-6.78995,3.00478,0.0787467
10.944,4.32042,0.118469
-11.647,15.7048,0.0561637
10.0797,0.700891,0.0707797
-3.39214,14.7419,0.0947767
-6.49822,11.3816,0.0597827
-2.09851,0.583109,0.0837555
-3.8498,20.7801,0.05
-10.1238,5.36969,0.05
0.329077,19.9748,0.0738949
4.00966,11.9257,0.05
-11.3005,6.47321,0.0539627
-2.85426,16.6337,0.05
11.3265,3.34383,0.0795284
-7.8673,14.2508,0.0884599
10.2592,27.119,0.0836521
1.93735,27.3186,0.0799093
-3.3676,25.3111,0.105977
-3.56556,3.49019,0.062149
-6.19582,28.8645,0.05
-13.8383,20.5278,0.05
5.7992,17.2236,0.05
-12.3089,28.6372,0.069606
3.26165,27.1748,0.0895356
1.54494,11.8401,0.0575169
12.2916,24.2879,0.05
-13.4175,0.913628,0.0527622
-10.5312,20.0269,0.103801
2.00759,21.8198,0.0789869
-0.536812,13.0961,0.05
3.22927,20.3537,0.088716
11.6495,8.63461,0.0812137
11.8528,26.5343,0.0645576
9.53622,18.2979,0.0762561
-4.16071,24.8268,0.05
5.50753,4.4975,0.110261
3.79959,25.3314,0.05
-7.1737,16.9159,0.104554
8.58184,18.4143,0.05
7.99764,15.1664,0.0919149
-7.5065,17.2235,0.0564868
-3.15958,27.3079,0.0608413
8.70307,0.05206,0.0520654
-9.08797,26.093,0.0673465
-2.63226,13.8901,0.0734384
-14.9175,9.21587,0.0825135
-11.0778,25.9299,0.0733532
-4.30828,10.7685,0.0750019
-12.8042,12.9914,0.0509515
-9.68735,0.736598,0.0580276
6.86429,2.75019,0.0841651
11.9114,5.99505,0.05
4.96973,14.5817,0.0792883
-14.1744,14.8708,0.110735
11.8352,5.70197,0.103257
-11.2958,22.6689,0.0698936
14.349,7.89898,0.123206
-8.45214,7.27112,0.0610186
11.8174,29.5229,0.05
-11.5113,19.3397,0.0735278
-7.31671,4.00074,0.126065
-11.4168,24.2343,0.0622995
4.4731,13.3899,0.094092
8.44556,18.26,0.115462
-4.5289,15.4483,0.0640114
-4.08232,16.5722,0.0701754
-10.5382,23.5766,0.0671122
-5.72296,13.5144,0.0876804
3.19053,18.1776,0.0675188
0.215704,23.4104,0.0587647
5.35462,28.7176,0.0838152
1.93523,25.5113,0.091654
-10.0105,2.94588,0.0972129
0.465044,28.4741,0.0976788
12.3677,6.06763,0.0975378
11.2643,8.85094,0.05
-13.1044,19.3049,0.0725087
-12.4187,28.4138,0.0627335
-11.6085,9.49455,0.0869623
-11.6269,24.0537,0.05
0.317401,14.7347,0.089206
2.39033,22.7022,0.0630582
-8.05422,12.5191,0.0728027
6.15348,10.7543,0.0672005
-5.65605,16.8171,0.0567143
13.6088,1.58587,0.0778285
14.575,6.74285,0.0770509
-12.2373,26.419,0.0666981
11.4428,9.77189,0.133119
-6.39063,5.05484,0.0724725
-7.43626,3.43689,0.107603
10.6607,3.70934,0.05
-7.49166,18.0114,0.0700775
13.5018,20.9623,0.0538592
4.82795,10.8959,0.126482
-0.705828,17.8286,0.05
-9.57344,17.931,0.0621576
-11.5706,17.2726,0.0762114
-0.971243,22.6084,0.05
1.16559,7.24283,0.103446
7.60224,27.1358,0.0746801
3.58205,4.31858,0.0518312
-12.0508,27.0712,0.05
-1.19572,1.43491,0.06115
-0.403734,9.78289,0.0658104
13.1778,25.7239,0.0607215
-12.2561,10.4011,0.102704
-9.45824,25.6571,0.0734205
4.36551,7.0691,0.0650319
-10.3508,1.85032,0.0638626
10.1394,16.5791,0.0830495
-13.0602,10.0206,0.0929052
-13.8017,19.105,0.0867033
-0.168199,1.27869,0.05
-6.83233,5.90293,0.0904283
0.707203,18.044,0.0764913
-1.02004,5.06527,0.082014
1.97441,17.7298,0.125832
3.79225,2.96629,0.0899291
2.64825,7.60623,0.112017
-11.244,29.2466,0.05
-3.00936,27.32,0.0574617
1.75305,6.84713,0.126336
10.1656,13.0515,0.0517577
-3.28955,3.92893,0.0595322
4.2211,29.4592,0.109414
-9.5367,27.6391,0.05
9.33647,26.4885,0.127775
7.47936,23.503,0.05
10.3475,0.159788,0.0511633
-11.9645,3.06059,0.05
4.10517,22.0139,0.0908888
-12.5609,9.13323,0.0717076
-2.89753,28.4421,0.127975
-9.66951,7.85695,0.0790831
5.68853,18.9702,0.0845872
-9.07191,17.925,0.05
9.27196,5.7254,0.0840457
6.04278,10.7158,0.05
-12.5438,17.801,0.05
-4.25001,0.87746,0.0866439
9.51103,8.19045,0.0533302
11.3774,23.2018,0.0848661
-9.59233,28.6426,0.0666114
6.36904,14.1879,0.0578102
13.8232,12.3482,0.0656659
7.6505,29.1307,0.107387
-2.6533,10.7811,0.0639901
10.705,22.7247,0.0641956
8.79564,20.6632,0.05
1.94093,28.2357,0.0992325
-3.19636,11.1811,0.0870123
-3.59423,9.13423,0.097397
-13.446,11.2987,0.0813892
-11.1968,16.4006,0.0792904
-3.5817,27.5536,0.05
7.48173,28.7361,0.0794362
2.77525,10.4276,0.05
14.1902,10.3302,0.083149
-0.760107,20.6992,0.101348
8.78836,7.67259,0.0683985
-5.14974,8.01602,0.0805253
-4.73672,3.02744,0.114596
-14.2674,28.6149,0.0981298
-0.812141,18.1796,0.085194
0.688206,27.7961,0.0877948
9.69238,22.3105,0.0525049
-1.57334,8.81369,0.078834
-12.0218,6.90354,0.05
-10.3875,0.152907,0.05
0.693686,6.8006,0.095956
0.687839,9.43759,0.114093
-10.5548,1.7105,0.0654575
-11.4176,10.8255,0.0641838
5.27266,29.883,0.105692
-5.23994,3.07201,0.0713105
-14.9387,21.2216,0.061313
-8.25448,27.4051,0.0994636
11.7978,12.0591,0.0652347
-7.07876,8.26392,0.061782
6.14724,4.20666,0.0701315
12.8689,10.9328,0.0533057
9.27748,14.7555,0.0878171
-2.72252,15.8441,0.0792884
4.17614,23.6037,0.0613128
10.4259,11.6395,0.0854901
-11.7254,5.14871,0.0876987
-10.8217,14.5984,0.0746449
-14.1972,0.0801244,0.0801248
-2.64614,27.6531,0.0681937
12.0032,21.2645,0.119782
-1.22901,15.2224,0.0776364
-13.5703,24.6841,0.0683691
14.6385,12.6525,0.0878068
-14.1424,17.402,0.0677504
7.61665,27.5738,0.0801688
-13.723,11.403,0.0649338
-7.78577,17.6007,0.05
6.47838,20.7316,0.0968789
-10.7014,25.5327,0.0901796
6.58237,27.7778,0.0700283
7.84064,6.78893,0.05
4.2679,2.80813,0.0981008
12.4178,28.7713,0.05937
2.24902,20.3643,0.0623946
-13.9483,12.0766,0.0980821
-12.1404,23.0632,0.059012
9.5277,14.0786,0.05
-10.0971,11.5431,0.0904098
1.59539,27.694,0.0708513
-4.11945,24.1021,0.0596087
-11.2745,29.3854,0.0921859
7.94842,17.3025,0.0641615
-1.12406,16.9408,0.05
-5.9923,25.9212,0.05
8.549,20.6928,0.0659076
-13.7293,6.39896,0.0952517
9.45796,27.7403,0.0648611
11.6839,27.4071,0.0509505
14.5153,15.2901,0.0709971
7.60326,11.3412,0.0941123
1.85743,15.2632,0.0823506
-9.34938,1.09861,0.0985513
13.5761,9.94564,0.0729063
8.81485,6.32649,0.05
-1.04812,23.9912,0.0542652
5.88194,5.20392,0.0846378
14.9469,4.57747,0.0531241
13.4012,25.9283,0.107717
8.15616,3.9738,0.0825164
6.94839,0.0499955,0.05
6.06492,27.3438,0.0710772
-10.2318,4.6614,0.116843
9.21855,4.34865,0.0666862
6.01812,16.8348,0.106737
-9.04216,0.214371,0.107018
-1.661,9.6883,0.0826582
-14.9454,27.504,0.0545576
7.4544,26.457,0.0884766
-12.418,0.522746,0.05
-3.71878,16.7457,0.0960158
-13.2752,29.9136,0.143213
-14.3446,11.1044,0.114587
-5.75998,23.6047,0.0555435
-0.807401,3.86754,0.0769589
-5.48806,4.56662,0.066322
-7.79642,18.645,0.0720529
-3.68061,27.4513,0.0891879
-12.221,2.77649,0.0872454
-13.3254,12.2734,0.106821
-7.97563,22.6641,0.0971357
-14.9326,13.2848,0.0673678
-14.5731,12.225,0.05
7.36516,20.1683,0.05
-14.262,26.2581,0.0739046
2.72674,22.4193,0.0995722
0.648514,7.51509,0.0520465
8.45446,5.96925,0.0629146
-13.3404,23.0623,0.0728589
12.9703,16.5389,0.139465
-11.8378,24.6623,0.0531193
5.36487,20.103,0.05
2.69708,25.8088,0.0924896
6.19743,11.3402,0.111613
13.0126,21.6974,0.116233
1.55993,12.2154,0.05
-3.14769,28.4388,0.0641525
-14.2997,0.238958,0.0844743
-11.7583,17.7231,0.0638354
14.0825,22.3023,0.0502561
-6.26306,18.6613,0.05
11.6135,24.7964,0.0948367
-13.6641,15.7834,0.108426
-2.81847,26.9451,0.115184
-1.06149,3.27219,0.0699954
7.75171,23.9443,0.100199
-10.1329,21.716,0.0954639
1.79811,17.1183,0.133322
12.8668,17.3212,0.0609302
11.9983,23.5711,0.0989056
13.471,1.45688,0.110934
7.69686,9.06164,0.108859
2.71734,10.8613,0.0774901
-5.30939,12.5828,0.0727237
-5.63331,25.0427,0.120224
-2.42669,5.80026,0.0533351
7.38538,12.3679,0.0890783
8.63728,8.52859,0.05
5.08565,4.92812,0.0983728
3.48863,28.8916,0.106382
0.69627,16.0599,0.051517
8.06032,23.9269,0.05
5.10632,9.34865,0.126148
7.55436,4.1851,0.0566449
-11.6017,2.28408,0.0516931
3.64929,22.632,0.05
-1.39846,7.04795,0.0784615
7.6236,24.8956,0.0905463
-7.13446,9.22352,0.05
-10.5018,20.8597,0.118995
0.239609,11.25,0.05
14.4541,21.6057,0.050384
-2.28027,11.4937,0.0956443
-12.2705,13.0014,0.0641768
-5.11808,2.42769,0.0964197
13.4121,10.6176,0.0702628
13.2898,26.6841,0.0973588
3.34019,18.8895,0.0932931
0.74453,21.8456,0.05
14.0294,24.9512,0.05
8.08005,15.3106,0.0742331
-5.40916,6.85875,0.132899
-0.361118,2.21919,0.05
-7.3137,28.4356,0.0876449
-7.12197,2.52244,0.05
4.32428,7.77919,0.0743797
9.24789,12.0089,0.0597963
-10.0527,15.8469,0.05
-9.38621,3.02217,0.0594821
8.97768,20.831,0.0943056
11.2794,24.7991,0.10929
-11.5363,17.3941,0.05
-9.07299,1.49493,0.05
-12.7342,1.52074,0.0677265
2.75922,28.6676,0.0904589
-7.48444,25.1502,0.0694251
2.00969,6.04581,0.079373
-3.62068,1.49299,0.0677485
-1.48382,8.71606,0.0536247
6.88511,18.841,0.128265
-3.43885,25.8378,0.05
-11.1968,2.38309,0.0547958
-2.48284,15.2141,0.0602772
-3.54734,16.3737,0.05
3.36838,6.6596,0.106483
5.1488,26.2177,0.0507393
8.79576,15.9573,0.0879631
13.1257,9.22883,0.097781
10.465,23.3099,0.0951861
12.8118,19.4157,0.05
-9.46717,11.5086,0.0875135
-6.60939,22.4077,0.0516801
-0.986748,1.0287,0.135107
-13.88,2.31612,0.101852
0.946734,28.5443,0.0551742
-2.74592,9.70792,0.0761341
0.770306,29.2404,0.05
-7.12885,24.6967,0.119927
14.1874,3.70324,0.0690761
-5.96773,21.5689,0.05
-12.2374,16.5807,0.0543635
12.6253,3.23033,0.0743307
10.9781,21.1638,0.0750603
-9.76096,7.11879,0.0506034
0.210747,12.9878,0.0915704
0.449443,10.8264,0.0994443
3.78037,25.9391,0.0977661
-0.406958,0.597099,0.0980596
13.0273,16.2923,0.113589
-10.8973,3.63516,0.100786
-8.61082,7.26295,0.0785389
-3.5043,17.0789,0.0789934
-11.5582,6.17985,0.060652
7.92254,16.0961,0.121873
7.52512,27.0378,0.05
-11.1999,13.93,0.0531388
-12.8401,20.5657,0.0717515
-9.91638,21.1669,0.05
0.526925,2.15516,0.0589049
-2.61227,1.77753,0.0890191
-2.82825,7.16238,0.0692838
10.6881,17.8758,0.0667576
14.7135,4.82437,0.0867104
9.54908,4.1303,0.05
-4.4995,4.98061,0.0706539
8.51531,6.35478,0.0645337
8.44427,29.6462,0.05
-0.588606,3.36411,0.105469
8.68495,2.48623,0.05
11.2471,29.2406,0.0800485
-7.6095,25.4345,0.0838271
8.84489,1.22324,0.0552847
0.0561714,13.111,0.070776
7.70736,10.3357,0.133017
12.9443,26.0503,0.135527
-2.25649,24.1633,0.0884833
0.346475,23.5098,0.104478
-6.56405,9.60852,0.0648052
-6.56157,17.2242,0.0781314
9.89417,17.578,0.0719724
-4.78017,28.3428,0.113399
13.8451,17.816,0.0630129
13.6575,1.43955,0.0763972
10.5983,16.2144,0.0816577
-0.922632,14.0456,0.0938028
1.79551,14.5091,0.0787579
-1.18602,5.43173,0.058497
6.14073,9.87318,0.094436
12.8471,14.1494,0.0809665
11.5315,24.1378,0.05
-8.70514,27.3346,0.05
-6.25991,29.2043,0.095644
-11.746,21.0937,0.0974603
-14.9122,12.1591,0.0847483
-10.6425,6.05678,0.0537697
2.9035,9.82131,0.0605557
-10.7713,15.437,0.0656095
-7.60749,25.8231,0.0666494
-0.452635,20.3125,0.0921433
-9.96611,28.4651,0.05
-12.9311,25.3872,0.0578235
-6.85241,23.3163,0.081464
-11.9555,22.3014,0.0940155
13.5665,27.8022,0.0816517
-0.524035,11.8077,0.104973
7.8307,29.7671,0.112304
-13.0334,9.85708,0.0727764
-3.38661,16.4455,0.108063
5.19585,28.6113,0.0801292
8.73619,11.8186,0.101113
-9.61426,18.9126,0.107219
-5.09207,10.4941,0.062308
-9.30395,16.4021,0.0788902
11.4379,6.57666,0.0720403
0.0740804,29.8604,0.0787291
1.91067,20.6736,0.0708291
-7.15734,3.8648,0.05
3.31663,4.54336,0.0699325
-9.27148,1.96076,0.0880735
-11.8308,5.35721,0.0501141
-6.82312,15.734,0.0798583
-7.42171,23.3672,0.05
8.59517,22.0649,0.0958669
3.12003,17.6612,0.0867989
-10.3534,25.9828,0.0777176
-11.134,2.85177,0.0746118
-0.594378,26.205,0.0685261
2.0592,13.4966,0.086042
-5.75183,13.9092,0.0665262
-6.80037,29.9371,0.05
-9.95337,13.857,0.0892059
-9.79051,3.24468,0.107163
7.33717,3.58291,0.0697254
1.07835,17.1144,0.0776521
9.37551,3.02233,0.088748
9.50421,14.4585,0.0943207
8.65075,24.7137,0.061566
-0.893274,11.5066,0.0885695
7.59879,9.90167,0.05
-9.59394,19.5207,0.0684699
-8.10314,6.92672,0.0562366
8.76105,3.5323,0.05
-8.43776,4.32144,0.05
5.44459,18.2356,0.0543332
-8.36318,17.398,0.0906768
10.5558,15.1475,0.0786281
4.62782,0.119469,0.11949
12.0801,0.409318,0.05
3.90752,14.5735,0.05
-11.5359,23.6273,0.080118
5.12732,22.6959,0.0701094
-13.4033,29.7631,0.0520811
-0.101418,28.8042,0.0573519
6.324,23.0956,0.05
-6.92295,22.0417,0.104655
9.65629,12.7405,0.0915331
-8.57874,19.7131,0.0721088
-14.95,16.7226,0.05
-11.0403,17.1956,0.103309
6.45392,5.27223,0.05
-6.10709,29.0681,0.05
10.4693,2.91084,0.097186
-9.82463,21.6355,0.114324
5.47689,11.9387,0.0697268
11.3639,8.86306,0.05
-4.89568,17.4895,0.0934752
-5.38452,16.7046,0.078362
-5.69085,14.0661,0.10176
-10.8766,26.9852,0.0653214
4.13943,29.6473,0.0957037
-1.27536,24.4135,0.0981489
1.1177,22.5182,0.0659425
-8.30286,29.2243,0.0753906
2.86793,21.7301,0.0980166
7.2162,24.6277,0.0549336
-1.27824,29.795,0.0675994
-2.40674,12.6428,0.05
-10.2643,18.3953,0.0658529
9.01916,26.886,0.054388
12.7311,7.11275,0.05
0.234779,0.640701,0.05
7.18264,12.5974,0.104039
8.50433,16.6954,0.0553798
-3.34695,29.0818,0.0822279
-3.75754,4.67548,0.05
-13.6122,27.4649,0.05
8.38326,28.6733,0.0812716
7.25404,24.5298,0.05
4.11828,14.2914,0.0813902
-12.2985,15.8601,0.0550449
10.9404,27.1038,0.110151
12.2668,3.83096,0.0728675
11.1436,9.16824,0.0744476
12.3816,21.8586,0.0610517
13.4782,6.13979,0.0996764
0.674661,15.769,0.05
-5.34326,8.68878,0.0763893
14.4898,4.9209,0.109794
-0.229285,14.0965,0.05
7.7781,14.9054,0.05
0.133411,0.860104,0.05
8.66152,5.07062,0.0662457
0.841207,22.2371,0.0616033
-13.7387,13.7338,0.05
3.92319,20.1744,0.05
12.5697,9.44041,0.05
13.9374,27.9083,0.0776943
-9.20253,28.8637,0.0698929
4.7863,22.1188,0.0852305
5.7512,4.56247,0.13234
6.96716,1.92987,0.05
-1.36022,20.9332,0.111219
-7.26774,24.2835,0.109512
0.275836,27.9787,0.0736614
-2.77788,18.5331,0.0731047
0.0156444,21.1233,0.116935
13.7379,26.3907,0.0933632
-10.9004,8.16878,0.103354
-8.79937,29.4156,0.0927067
9.53242,11.7327,0.103847
-7.34636,19.1626,0.0638254
9.17707,20.872,0.109225
12.5755,1.77527,0.05
-1.99891,4.58718,0.0660882
7.90186,9.98794,0.107178
6.29895,8.08791,0.0846944
1.13103,25.1634,0.05
-7.27162,4.81061,0.0815436
7.05387,8.14641,0.0972133
14.4063,13.7126,0.0549273
-2.86327,7.96303,0.0804131
11.9366,25.1265,0.103797
-1.30143,4.64442,0.0897321
8.44707,21.4669,0.05
3.43846,22.7678,0.0961851
2.87779,27.4233,0.0878147
6.174,12.1243,0.0608727
-13.7816,13.4263,0.0604668
-14.2853,21.1149,0.0888102
6.27874,13.0399,0.0554559
11.3996,19.208,0.0650094
-5.33485,12.8643,0.0710888
-8.57948,3.81651,0.0729094
9.08747,20.1098,0.098136
0.0299381,1.71001,0.05
9.46221,15.6904,0.0991492
9.98259,1.65169,0.0821125
-14.9445,10.3003,0.0554999
-6.59639,17.9858,0.128465
-2.7271,13.2799,0.0750728
11.7157,1.82147,0.0584546
0.949063,27.6353,0.0786843
1.63392,5.06859,0.05
-5.2582,7.01047,0.05
3.72998,28.9869,0.0550227
5.02062,28.2058,0.0946722
-1.75327,25.3102,0.0875354
14.2763,27.984,0.0847739
-1.83024,16.9918,0.0718318
-11.1148,29.1832,0.0939416
7.15023,22.2815,0.0937683
8.28431,13.2195,0.120215
-12.8161,4.91361,0.0646482
-3.95826,6.21741,0.0834228
-3.35305,13.3981,0.05
-8.54169,8.65687,0.0560411
8.79329,11.99,0.0795504
-7.37893,11.3284,0.10252
0.651034,19.2309,0.0769433
0.437755,23.0584,0.0660129
-8.73407,25.5172,0.0863689
6.35107,27.0488,0.05
-4.88847,18.3077,0.0703832
14.5075,10.3606,0.11927
9.65106,12.4615,0.0863154
-11.4677,5.39562,0.083732
-2.67158,18.208,0.0745341
12.9019,12.4723,0.0539623
13.2046,25.6164,0.05
-4.75851,23.1591,0.05
10.1495,27.2232,0.0676271
5.82297,18.6652,0.0849584
9.11941,22.4702,0.107686
2.01563,20.7755,0.0673276
-11.789,15.0552,0.100229
11.1613,19.0354,0.0690534
-3.48064,13.2725,0.072019
-12.0717,3.06198,0.0572678
-2.02508,25.6215,0.104777
2.99255,22.648,0.0965665
1.20868,10.4373,0.0566381
-7.95373,3.39854,0.0865891
-5.84895,1.82628,0.0985906
-9.40806,14.7262,0.0728678
-4.33562,24.5128,0.107164
-14.4168,21.2506,0.100178
-3.02792,16.9289,0.0971837
-6.7857,26.939,0.0610214
-12.1058,17.7729,0.0920454
-8.7287,11.6004,0.0552417
-11.3762,3.67601,0.10512
-12.4757,15.6087,0.05
11.6456,15.465,0.05
14.6012,8.32083,0.09543
-8.43609,5.63603,0.114114
-12.58,8.50724,0.0724432
-5.31683,6.5636,0.0568304
6.11924,12.4339,0.0614428
10.742,19.0889,0.083425
-8.21522,18.1018,0.0810665
11.2042,6.80479,0.0686899
3.72845,14.394,0.0882963
8.00166,4.68522,0.05
-8.10344,6.09814,0.0633155
11.4762,5.54904,0.0847487
-6.56079,26.5003,0.0814926
-7.18577,5.41708,0.105434
-7.79941,0.286443,0.0768559
7.40125,16.004,0.0968982
-4.42291,13.8379,0.0620849
-4.77206,20.6675,0.073843
-5.36013,2.4319,0.054089
11.359,11.1617,0.0961236
-10.7221,14.9633,0.0881216
-10.1652,17.7642,0.0538028
5.87485,28.4306,0.115648
2.69168,28.8652,0.0894885
-4.64212,3.19715,0.0797375
4.98681,29.0162,0.0923247
3.87292,21.0823,0.0668037
12.6396,13.5749,0.0773452
-2.07597,15.9514,0.0797373
5.76731,3.4717,0.0891651
2.27874,14.102,0.0918706
1.33956,14.4009,0.0627726
9.09546,24.7438,0.0557545
14.2155,23.0979,0.05
-0.990732,6.19475,0.0869223
9.97525,18.7228,0.0794685
-12.9703,13.0296,0.119439
4.00441,1.6426,0.108886
13.3493,29.0048,0.0961524
-7.50274,8.27245,0.05
0.15568,15.2172,0.074492
-2.6206,18.0567,0.0773255
14.7174,29.8337,0.0945458
-1.7458,22.1159,0.0894277
-1.89225,20.5266,0.0617525
9.0107,4.01847,0.0691157
-8.50865,10.6054,0.0860794
-6.43025,4.87997,0.0776498
8.45769,17.3063,0.0879396
13.1399,26.1077,0.0656028
-13.7197,16.6942,0.108112
6.00008,14.7626,0.0626714
12.858,6.37044,0.0708156
11.5848,7.0935,0.0848716
-1.10848,2.85523,0.0676194
4.78938,18.6662,0.0858205
-8.51314,21.2296,0.0751299
14.9187,28.8606,0.0812659
3.9016,5.03247,0.0582436
-11.9422,7.30785,0.0744479
-8.03476,29.9516,0.0518391
2.5783,4.53603,0.0693496
-13.1909,22.153,0.05
-13.9777,28.0682,0.0624834
5.5756,19.5653,0.05
-14.2943,9.68479,0.0759535
-12.6464,0.914397,0.05
-5.80334,23.7301,0.0771666
-12.24,6.73418,0.050241
8.8786,21.7676,0.107201
0.878358,4.28825,0.0625175
0.0559327,10.5886,0.059664
-5.96933,9.44576,0.05
-8.45581,11.0829,0.05
-1.79413,22.4376,0.05
1.29543,2.03934,0.110304
-3.21564,1.16418,0.0772477
-9.68928,19.0969,0.0917629
9.36584,14.4995,0.05
-0.833857,0.690877,0.134786
-6.73217,1.18265,0.05
-1.19532,21.9429,0.0510871
-13.4571,20.8438,0.0763869
-3.3195,23.9022,0.122426
-10.22,1.87432,0.0620756
-1.43621,4.77352,0.0968985
0.819814,15.6965,0.112236
2.85432,7.97375,0.05
12.1544,21.646,0.0815082
-0.992701,19.7213,0.0578519
-1.1839,24.5834,0.0674169
11.2887,27.3008,0.0526532
-4.67986,17.417,0.0719523
-0.742064,18.674,0.0853166
8.84286,17.8863,0.0750068
12.4046,22.0602,0.05
-3.68171,7.1044,0.106651
13.7352,18.694,0.0835061
-4.72176,16.4299,0.0562129
3.62783,9.09691,0.0665466
0.889716,6.52895,0.0744249
4.09173,11.092,0.0504971
-11.9263,22.6419,0.0906636
-5.54849,27.1363,0.0926254
5.77631,0.621364,0.0699699
-11.6537,14.4741,0.0771471
-0.625666,12.7163,0.0585773
-5.72633,7.02458,0.101786
14.8015,9.30432,0.0910687
12.7693,11.2046,0.11734
11.855,4.06704,0.0864153
2.90705,13.6396,0.0647345
0.17703,4.99568,0.100377
-3.46917,3.39159,0.075764
-1.42676,20.425,0.0755579
-10.8939,12.2346,0.0856933
11.4264,13.4443,0.05
-6.09277,14.8951,0.110384
-12.9761,14.228,0.125649
-11.6744,15.9634,0.111305
-10.3078,7.09792,0.0664634
1.07561,27.2651,0.0603785
-14.2354,12.8918,0.0683325
-0.87153,9.53608,0.0776668
2.40956,1.69142,0.084305
-11.6845,10.6907,0.05
7.25529,8.75662,0.054526
9.2629,1.84493,0.084994
-7.93304,8.29448,0.102518
6.65212,8.98118,0.132215
-6.50771,22.6286,0.0726073
-5.81676,19.4016,0.05
14.6247,19.438,0.05
13.6703,0.447148,0.05
13.7032,28.8821,0.0837928
-4.70725,26.4308,0.0895545
11.7536,28.0694,0.050081
8.83942,2.73256,0.0641744
1.64518,11.3165,0.0592234
1.11081,28.0581,0.0775846
14.5079,27.9681,0.0557378
2.82903,19.8534,0.0841192
14.7415,20.8137,0.0625335
13.9368,17.2426,0.0502802
-2.87474,20.6734,0.05
2.42591,28.5048,0.0976799
-6.7814,28.1987,0.05
13.9125,22.826,0.05
7.23642,23.2938,0.0739903
-12.7886,5.35681,0.0799426
-1.72001,16.8518,0.0709662
-11.6039,23.504,0.0607335
3.10849,19.7095,0.0849393
3.32886,27.8897,0.0624322
-10.9112,2.63683,0.05
3.40502,5.95213,0.0945646
-4.87422,4.76705,0.05
4.05115,23.3124,0.082506
-13.9141,17.7985,0.0944966
2.65943,17.9773,0.064437
5.68382,17.455,0.0716566
-10.4412,5.03442,0.05
2.66585,21.0351,0.090588
-0.447837,1.92218,0.072696
-5.58884,1.92356,0.0888456
-5.18483,13.4493,0.05
-10.3965,2.73844,0.0793586
-11.9595,23.4446,0.05
7.93338,23.9661,0.082782
-8.15242,11.496,0.0993455
-8.44675,25.6249,0.05
-11.3591,19.312,0.0811749
9.47269,3.22385,0.0501164
-12.8368,27.5717,0.12029
10.3973,20.312,0.11198
-14.95,1.6889,0.05
7.34208,11.8125,0.115202
-11.3603,0.356045,0.0655425
-7.85587,27.4766,0.0826946
4.02218,5.49449,0.0722575
-14.4814,20.3143,0.0988187
-7.07547,28.8,0.05
1.53276,9.49407,0.0826197
-1.08044,3.72483,0.110711
5.32453,10.6711,0.101025
-13.5098,18.7425,0.0673519
3.7595,29.0877,0.05
-6.52877,25.5138,0.0844782
-8.45341,15.5701,0.0903387
-0.481174,15.6916,0.05611
10.8094,8.04233,0.0790854
8.63749,3.98408,0.05
11.5335,28.958,0.05
-14.5242,20.0465,0.0656123
4.16995,9.28262,0.0567576
-4.13849,4.10074,0.0613816
5.78023,7.20026,0.0590576
6.62914,26.4921,0.0719259
-5.49416,5.4932,0.05
-4.72389,2.77396,0.139235
5.26478,0.0611791,0.0611973
1.34469,11.2117,0.127283
10.2833,1.74708,0.0740118
14.1069,12.1368,0.0947504
9.26868,20.3308,0.0566839
13.3889,23.147,0.0795768
6.70477,3.14061,0.0888431
-3.52158,7.69237,0.0624593
-13.4143,22.657,0.0800378
-0.0660302,5.87878,0.11986
1.9714,19.9294,0.05
8.50174,19.6392,0.112026
5.38976,6.49613,0.0976771
10.8947,5.52552,0.0730622
-7.07834,28.6496,0.100299
-8.74836,21.7781,0.0592622
-10.0993,4.47294,0.0505493
-13.0392,25.4669,0.0757981
1.53023,6.61625,0.069294
14.0364,0.398458,0.0895176
-2.67103,19.3579,0.0600552
8.39797,6.27327,0.0783436
6.73987,4.73485,0.08081
-8.1295,20.5735,0.05
-6.71123,11.9838,0.0565282
-1.90549,14.456,0.05
-1.78368,9.81092,0.0749178
2.4793,7.44903,0.11875
5.40984,11.4006,0.0726393
0.116446,11.1901,0.0869564
-10.038,5.52504,0.082811
-13.6347,20.8641,0.0751172
1.34366,0.417758,0.111483
-7.33002,0.224137,0.0692171
3.14657,23.6695,0.05
12.4816,11.4212,0.05
4.16274,14.8752,0.05
-10.4763,14.2215,0.05168
8.99458,28.4691,0.0583417
-6.88031,26.7247,0.0685891
5.19402,24.0576,0.0951918
-1.73075,16.1618,0.05
-3.62938,11.898,0.0642211
-3.74954,5.61608,0.0885701
5.66526,7.12742,0.0770513
0.197283,29.1871,0.108964
3.58952,22.7252,0.0607674
12.5231,10.2621,0.114028
2.60675,21.348,0.0521009
7.03386,14.7219,0.0739656
14.6164,21.0414,0.05
-8.9933,1.87188,0.0705598
-9.19582,14.0716,0.05
-6.62494,5.44778,0.112663
13.78,6.11568,0.0680514
-5.82718,20.5505,0.0939499
-7.67063,13.5682,0.05
-8.46901,1.44816,0.0647562
-7.24138,28.5879,0.0692861
-5.67025,27.7746,0.0534028
2.45269,24.3135,0.0631378
-7.8787,14.6776,0.079271
-10.9748,20.5362,0.0725125
-1.38671,24.8347,0.124233
11.9378,24.194,0.0782441
-6.89455,19.0315,0.104458
10.1724,6.86734,0.122328
9.98191,24.8451,0.05
-6.0677,4.29427,0.0644647
3.31306,22.1635,0.0776429
-7.77766,28.7738,0.0729403
-2.56057,6.73815,0.0625726
8.49482,8.91898,0.0786336
12.4976,13.5279,0.0672968
3.45578,21.5834,0.0811291
2.70406,23.1995,0.0666673
-7.35506,18.5227,0.0553533
-6.37436,9.42446,0.0578992
12.266,28.7944,0.0941018
-10.6736,21.1826,0.114657
10.9687,19.9206,0.12324
11.6195,5.99787,0.05
-2.8453,27.1315,0.0730862
-14.4191,11.3574,0.0897457
-14.7546,12.1608,0.0728841
7.60077,7.29731,0.0689807
-2.61205,20.4946,0.106062
14.405,6.56354,0.0925004
-4.37171,23.6436,0.098153
-4.81499,10.854,0.05
0.63753,27.6349,0.0811682
-1.30819,7.20754,0.0680524
-10.9416,27.269,0.097676
3.14214,15.7464,0.107759
-4.35363,17.8442,0.05
6.62425,24.1575,0.0744786
13.8697,23.7326,0.0846974
-7.35217,26.2905,0.053107
5.78393,20.695,0.0919654
-4.50203,4.83414,0.0758484
10.3038,10.064,0.0995859
8.21171,22.513,0.0568589
-12.1764,25.1634,0.0733532
8.33801,15.694,0.101315
13.0222,2.04738,0.091871
-14.7993,3.32138,0.0853395
-3.41406,27.4869,0.0801937
10.1771,4.88938,0.0850713
-3.28851,19.9893,0.0677805
3.90856,19.369,0.0858309
-5.81628,27.1028,0.102593
4.8678,25.6761,0.0920435
-6.75651,29.3271,0.101359
9.71687,12.2946,0.0540889
-7.44693,0.499217,0.120693
-8.52059,5.24989,0.109007
11.3728,14.398,0.0671638
-3.43951,26.4156,0.05
-8.19644,13.8615,0.0882164
1.10018,8.53237,0.090041
14.0999,11.0407,0.118506
9.35077,3.1856,0.0763945
12.0173,4.74653,0.05
-10.2743,16.3563,0.05
4.06757,18.5029,0.0735701
-6.52862,29.1595,0.05
8.33456,27.2603,0.0891671
-12.3565,25.9738,0.113035
8.65628,22.5293,0.0619654
-5.883,28.4565,0.0563377
0.238692,22.6758,0.109375
12.163,8.57457,0.0646237
8.1451,20.8607,0.134689
-13.084,9.68059,0.0767987
-6.11036,11.6153,0.0548525
-13.8568,26.8598,0.078268
-0.505946,10.0492,0.0852471
13.9454,0.614979,0.05
8.23682,21.3905,0.0956369
-14.5542,11.2224,0.101245
8.35079,15.0707,0.0895206
5.91707,0.0687218,0.0687221
12.6505,19.3707,0.0878796
5.61173,3.77749,0.0747341
-7.46659,4.55335,0.0628115
-7.84991,7.3182,0.0667899
10.8576,1.30813,0.10872
-8.82867,10.2743,0.126998
14.3423,11.3484,0.05
-12.1768,17.3733,0.0916582
-3.09709,0.332752,0.059519
10.6733,27.385,0.0552726
4.20135,21.0719,0.0650096
5.19065,3.26198,0.05
0.887206,12.0942,0.121624
-6.71427,8.41355,0.0716307
-12.095,21.6207,0.05
-9.17869,29.8905,0.0624255
13.7666,9.12713,0.05
4.15144,15.5203,0.0945471
-8.90834,16.7619,0.0751166
2.04104,9.44539,0.0704368
2.41976,3.40975,0.0612592
3.84673,17.2231,0.0618595
8.4853,10.3154,0.05
14.585,20.031,0.0697497
2.20823,3.81033,0.0890441
-12.6073,6.30296,0.0791889
-13.6244,19.0643,0.05
-12.5352,23.8498,0.100517
8.42716,29.4383,0.059168
-14.3034,8.54353,0.107376
4.22429,16.7173,0.0861546
-14.7464,17.1084,0.0665019
6.07328,6.06632,0.0569932
-11.8088,27.4072,0.0792485
-2.93698,18.1475,0.107821
13.7711,24.1631,0.0730759
5.23899,22.0723,0.112148
10.3945,28.0956,0.05
-1.7824,15.6206,0.0883507
-6.94209,2.33236,0.094014
-5.3704,2.15522,0.0815653
7.72722,5.24051,0.104939
0.971059,28.7417,0.0911134
11.29,9.56183,0.0848188
-2.06091,0.72833,0.06628
1.68412,23.2289,0.0732083
-7.18035,29.783,0.0972034
-12.8006,5.80559,0.0824635
13.8337,7.75684,0.0777702
12.3026,19.605,0.054852
-5.13552,28.0794,0.0857125
-1.04733,5.98552,0.122891
1.09005,25.3338,0.119328
-2.56551,9.69711,0.104602
1.06446,28.22,0.0908158
14.6164,2.09237,0.0817263
-1.42977,16.8618,0.124754
-10.1619,28.9396,0.0909009
-3.34216,7.53795,0.051087
-9.17633,2.66513,0.0715201
-8.63115,28.8327,0.100829
-11.3105,4.17317,0.0818514
6.92178,1.48926,0.0637814
3.31406,9.82329,0.0990409
-6.92107,27.0706,0.05
0.999389,1.93298,0.0886925
11.3797,15.4618,0.0637148
10.2121,2.28377,0.0691604
-5.84012,11.333,0.0969053
4.88028,3.49685,0.0552511
14.4126,6.74059,0.0847188
3.85892,16.4015,0.0645338
1.21991,29.5536,0.0848999
-7.18035,18.035,0.116765
-8.96148,12.025,0.0684857
11.1335,25.7237,0.0821922
14.7825,19.2349,0.0907037
-1.65293,6.77173,0.0581713
-6.08347,22.689,0.0972135
14.0532,17.9743,0.138348
-6.31544,20.7274,0.0789873
-1.97964,1.04105,0.05
4.92305,16.4552,0.05
-11.1661,15.9613,0.11179
-4.77375,29.5335,0.05
-11.1424,29.4933,0.0783445
-11.0704,8.9816,0.0696879
-7.38283,4.679,0.088204
10.3454,12.4041,0.0601872
8.5272,8.1511,0.087302
8.41041,7.7684,0.071763
-13.4922,14.316,0.0860316
-13.048,6.50883,0.0643239
3.91038,23.0268,0.05
0.445795,17.7935,0.0961127
12.0979,5.26607,0.0551434
6.81564,4.37234,0.0833335
5.76833,23.5438,0.121526
11.6553,14.5641,0.05
11.4666,19.0613,0.0868566
3.07118,29.1691,0.0924213
5.22244,1.80606,0.0699543
-9.88249,16.5461,0.05
0.843332,10.5506,0.0806022
-6.38323,23.4245,0.0624095
-8.45347,14.4401,0.114101
-0.365169,13.422,0.0766713
14.1166,24.4937,0.0696296
12.2369,15.096,0.0589269
-1.23748,17.2987,0.0545499
-3.86059,21.3662,0.108156
6.71205,24.9298,0.0708994
-6.10017,27.9977,0.0874076
-12.8034,12.2175,0.0755495
11.2494,9.89655,0.0970058
13.8305,15.5559,0.0587518
3.81439,0.532562,0.0909243
12.8061,25.6573,0.10577
11.6388,17.5045,0.0782357
0.71399,27.1979,0.135243
-5.1659,25.5852,0.085995
5.04721,11.0356,0.0582953
-10.9756,21.7098,0.0973685
-7.76679,4.08272,0.0640962
0.803884,4.54173,0.0779843
7.18477,24.4573,0.05
7.59061,26.807,0.101193
13.9528,12.6194,0.0994799
1.46146,19.1018,0.124488
-8.04119,15.7089,0.0596719
7.55667,29.6983,0.0649827
-3.92684,5.10524,0.0529306
8.51794,29.9441,0.118496
9.6321,20.0435,0.0757542
-4.48064,17.8412,0.0770404
14.8589,16.5121,0.0870959
-2.35642,4.49291,0.0578555
-4.54783,28.0116,0.05
5.08405,22.1201,0.05
-14.0715,26.3775,0.05
12.4705,1.74646,0.0546208
-14.6085,5.79725,0.104472
-8.01311,27.2729,0.05
14.8513,19.4454,0.05
13.7984,14.4898,0.110907
-3.06911,6.88463,0.094689
13.014,2.21578,0.0767313
-11.0049,15.8676,0.0724521
6.52461,28.468,0.05
-14.1668,4.89906,0.0687661
-3.96946,13.6418,0.119387
-11.5391,4.3261,0.0630192
-6.79505,28.9249,0.10154
-6.4454,22.8384,0.093826
0.323275,22.4595,0.122945
-1.37564,0.105554,0.105557
5.85313,6.11966,0.0736909
-8.25041,0.944744,0.121921
6.71552,8.57242,0.065405
13.6778,0.585996,0.0886171
-13.0227,24.1247,0.104229
9.01393,4.56111,0.105039
-9.30366,7.38317,0.0889711
-10.4321,21.4336,0.0984551
-1.37613,0.409511,0.0707446
-3.05214,28.9299,0.134875
-14.2993,5.97567,0.05
7.34847,4.49091,0.05
-11.2321,26.574,0.0784382
7.1294,0.343815,0.0774603
-9.46787,19.5372,0.05
3.46707,0.0698294,0.0698356
-11.0006,28.8762,0.0904076
2.38562,22.8151,0.05
-6.10286,23.4474,0.0842939
-6.12639,13.3743,0.0923015
-2.95831,12.9308,0.05
10.8038,29.466,0.0618716
-8.38966,9.06937,0.0834213
6.66277,16.3817,0.112682
-5.19632,24.7982,0.05
-11.8006,13.7988,0.0687426
11.7997,21.6442,0.0716307
12.151,0.635673,0.0945838
-5.7077,3.87432,0.0797437
11.3111,26.9098,0.0807109
7.96183,28.1879,0.0774875
4.62676,12.7639,0.0948458
-14.4227,4.63708,0.109747
-14.0715,28.006,0.05
6.8216,20.9303,0.116594
2.72066,29.8465,0.0792498
-6.29866,21.0327,0.05
-2.66953,10.6144,0.103445
-12.4402,3.45295,0.098674
11.9232,15.868,0.0807655
-3.51492,23.6141,0.0624845
-8.06107,13.7729,0.0735288
5.43933,2.27726,0.100987
0.555934,23.0255,0.0566563
1.40655,19.9686,0.05
7.27219,17.6324,0.0646316
-7.75505,8.41813,0.114216
14.811,20.6807,0.0875351
2.95176,15.8265,0.05
-8.55326,25.7058,0.0837366
6.57861,0.399598,0.0558754
14.4719,12.9028,0.0753108
2.80357,26.1009,0.0587196
14.2986,14.7577,0.0723771
-5.75289,12.9015,0.0856582
-9.04364,18.4865,0.091374
-4.20715,23.1236,0.0542266
-13.3006,13.3321,0.063685
8.12568,11.2453,0.116949
13.5015,17.5768,0.0827926
11.8764,13.6041,0.103439
1.24077,15.207,0.110635
1.91709,21.9468,0.0770113
-8.53558,11.3881,0.059077
6.97016,19.287,0.0969647
-12.8326,14.519,0.0736137
-11.6668,17.373,0.0628138
-11.7434,15.3907,0.108079
-0.722558,5.59101,0.05
9.48513,4.8295,0.05
-1.09839,8.22124,0.0732286
-11.7564,20.2838,0.0930462
-4.37076,26.5735,0.0865958
-8.32072,25.3362,0.0893901
-1.09972,5.56596,0.0927488
-10.341,8.7903,0.0709628
-14.6561,28.4996,0.112329
5.90355,18.8015,0.0733651
-0.950038,20.492,0.136219
-0.523809,22.8697,0.102696
-6.32673,15.7526,0.0543192
-12.9915,13.4241,0.100508
8.47465,0.917168,0.0578517
-2.78144,22.5039,0.108349
13.9747,5.81353,0.05
9.95284,4.97695,0.155677
13.3991,3.65612,0.086678
-9.30373,3.71299,0.0653706
1.91618,18.9607,0.0739032
1.66271,4.38896,0.101924
-6.35071,0.281617,0.142312
4.38512,16.676,0.0798975
4.32355,5.8825,0.0856766
0.94538,10.2939,0.072027
-0.874309,25.4153,0.155202
14.7164,28.8415,0.105413
14.7706,5.12603,0.0651419
4.24275,11.8516,0.09141
9.88884,6.11723,0.0856037
1.76736,24.6222,0.0729649
-13.6506,29.6739,0.05
3.56571,27.6691,0.0982394
6.82975,25.5993,0.0955387
1.45733,3.47592,0.0528084
-11.3524,20.2859,0.104176
0.0476183,26.4575,0.083459
-1.01646,6.89383,0.110351
-11.4314,27.3495,0.05
-3.02795,3.81254,0.0843112
7.78949,17.637,0.11419
1.06157,5.67111,0.100527
5.80402,13.6879,0.0545979
-10.7739,19.6798,0.0901187
-1.35077,21.9603,0.105329
2.50242,22.6518,0.059827
-12.4058,1.48848,0.0661098
4.41348,10.5473,0.0717546
12.8482,3.69905,0.0852858
-8.68958,10.3937,0.0562597
-7.18159,0.875996,0.0915744
1.49569,7.8126,0.128012
-1.51764,8.97037,0.0629878
-3.67355,7.27781,0.0669592
-12.3516,15.9888,0.0841976
11.2262,2.69006,0.0794669
11.1812,2.15228,0.05
-10.7665,27.7058,0.0805978
2.72209,25.9491,0.05
-9.74513,25.8671,0.135366
-10.8672,25.461,0.0761877
3.45648,24.315,0.0728569
2.97733,29.3097,0.0766732
-13.9704,26.2339,0.05
2.33512,28.7558,0.05
6.11535,13.2714,0.110438
9.51803,10.5218,0.05
-5.89403,14.8698,0.0899597
6.22117,26.8279,0.0915381
12.6842,6.70202,0.068138
13.2748,20.8202,0.05
-12.5009,18.3345,0.0691973
-3.91077,10.2012,0.0834043
-10.2701,2.60475,0.104631
-8.74501,8.8963,0.05
-4.58289,17.5018,0.0567927
-7.91533,25.7591,0.105969
-6.79469,9.51763,0.05
-0.16242,22.2665,0.0981995
12.855,19.2258,0.0609442
8.97111,1.99379,0.05
13.7128,18.4938,0.0657057
-4.68628,10.4382,0.05
-11.0295,28.3737,0.0631664
-2.52229,5.56265,0.119317
-10.5986,1.93114,0.05
-8.39534,4.19249,0.0857435
0.313387,15.2802,0.0953202
1.30874,1.42037,0.0680493
1.03338,3.9327,0.0872751
-6.28501,7.93375,0.05
-2.68684,14.3873,0.120785
7.28019,18.5402,0.080342
13.7409,5.75933,0.0847291
2.19914,19.6258,0.0772484
11.1595,16.5398,0.0614058
2.03755,16.0693,0.0789083
-2.33925,18.7066,0.0586528
14.5646,9.64598,0.0829539
-10.9727,19.9101,0.0697264
8.97922,21.6253,0.0670391
-2.82245,6.15656,0.110628
9.40386,3.32011,0.0682319
-14.404,28.1062,0.0922089
-5.89101,19.2732,0.0982542
5.53627,2.57364,0.0740653
13.7694,22.9789,0.05
1.75036,25.0843,0.0719699
4.21643,14.1809,0.0663884
0.32838,26.0342,0.0899412
-0.322792,10.4189,0.05
-6.46708,19.603,0.0957826
0.963846,7.48826,0.05
14.4172,1.08364,0.0917178
11.1348,29.5006,0.0649392
-12.3612,26.3773,0.0640251
-10.1678,7.15818,0.0858992
-9.16548,11.7454,0.0883038
-11.3506,1.3743,0.108867
-8.47867,8.31356,0.0744003
-13.3161,7.31656,0.05
0.239203,4.16062,0.0631972
0.312015,1.01948,0.076476
-10.2041,15.5543,0.0892658
11.9502,28.6991,0.067928
10.0361,27.2544,0.05
-9.60373,13.4442,0.0554398
-9.80658,8.07301,0.0819122
-12.7305,2.09403,0.110987
-8.6594,11.2776,0.05
-6.11189,18.1533,0.0633826
12.0193,24.0595,0.0790078
-2.85764,13.1977,0.0791482
4.8579,25.4809,0.0710067
-6.6115,6.64732,0.05
5.18955,15.1,0.114498
-13.9856,20.554,0.0995916
-9.52849,12.2389,0.0598471
11.9908,18.4938,0.05
4.77957,5.58019,0.0895294
-7.13427,20.5395,0.0962804
8.07544,28.0198,0.0923731
11.4782,19.8611,0.0550519
10.7013,0.789121,0.0733088
-13.7664,10.466,0.0589193
-8.4681,16.625,0.0964844
-0.362924,21.8435,0.0712362
4.81025,23.2281,0.0720786
14.0389,0.650451,0.05
-12.0841,25.4309,0.0657379
-5.10449,28.9461,0.05
0.524817,25.1716,0.06844
11.3576,6.46677,0.0640845
-6.57809,1.66752,0.0745167
9.23588,4.93446,0.0829771
7.6896,23.19,0.0940426
-0.304812,14.2424,0.05
13.163,5.16486,0.050947
5.46936,11.5476,0.0859688
-10.9269,25.7578,0.0564004
-6.22915,13.0414,0.101711
4.93808,27.7254,0.103826
-10.6012,24.7524,0.05
7.91726,6.31521,0.0905847
8.62482,16.0211,0.0944888
-4.02667,26.6024,0.05
-12.8572,19.4914,0.0752117
12.716,15.4697,0.0553144
-5.13115,23.5223,0.071296
-13.5709,7.59369,0.0610587
-8.89818,12.4899,0.0570043
-5.05722,9.29781,0.122413
-13.5703,5.72261,0.100755
-6.56643,29.2685,0.0653051
-8.26294,8.66339,0.0854295
-5.41728,5.99045,0.05
2.41267,6.31878,0.0923793
-4.83203,4.12722,0.105071
-10.9929,26.2101,0.0934341
7.70564,21.1649,0.0941015
12.2566,5.55665,0.0765859
-3.8656,29.2818,0.109793
-13.2327,29.1116,0.05
8.65648,25.2109,0.05018
-12.3124,14.4089,0.0948957
1.66173,2.46245,0.0679132
14.379,7.70164,0.0763957
11.8317,2.73193,0.0664144
-7.83764,22.2399,0.0721267
-13.5923,15.9499,0.0728785
-3.39465,2.29003,0.0672816
0.912541,24.4708,0.0706615
12.9338,25.7872,0.0550909
-6.49869,8.85858,0.0748194
-9.72303,21.8074,0.0816402
2.88002,29.9714,0.10266
13.9083,10.2073,0.081212
-8.56418,8.43418,0.0734531
-8.87179,2.4698,0.0633927
7.3682,2.90766,0.0543761
-11.7985,4.78848,0.0738128
-6.48661,29.7653,0.0777704
-2.00461,23.0859,0.0990601
-10.6344,0.670893,0.0955206
4.22323,20.8826,0.125538
-2.64485,24.8563,0.05
-9.57964,8.13839,0.08179
-11.6241,7.89957,0.100836
6.45741,19.9275,0.05
8.98623,8.14027,0.0574098
-6.97728,2.05068,0.0631818
-14.938,3.37091,0.0619679
-8.11794,18.9514,0.0997566
-7.16993,19.3328,0.0607004
-1.06734,16.4432,0.052103
11.026,28.0647,0.0879953
-10.0323,24.2846,0.0585392
3.9721,20.3087,0.091685
-3.92077,24.1487,0.05
-12.5105,22.3707,0.0765264
-5.3208,9.70461,0.0680222
3.74691,19.415,0.05
7.76309,2.79992,0.0819531
5.21657,5.47153,0.0926497
-14.0712,22.4236,0.128867
3.67416,6.83266,0.0780734
-10.834,15.2814,0.101216
-13.8425,18.5163,0.131305
8.90382,3.84606,0.133735
-0.589502,16.587,0.0726498
-9.55772,16.9722,0.05
-12.1636,28.5582,0.065517
-4.31996,0.393002,0.107343
4.84108,25.8473,0.0811908
12.6492,8.01214,0.0802487
-10.9086,28.2171,0.0813167
3.64292,2.66612,0.103084
-6.01743,23.6949,0.05
-6.89709,18.5183,0.0820688
13.7648,4.07938,0.0579402
2.20177,2.97381,0.0501416
4.77014,28.3248,0.05
-5.2819,16.4341,0.0870526
10.1462,11.3645,0.120521
-1.95405,25.0636,0.05
-0.107747,26.452,0.0720045
3.71396,20.4459,0.05
5.47205,9.9362,0.104367
7.89265,8.58639,0.0569912
-1.19494,24.1369,0.0931583
13.9834,14.9276,0.132771
-10.9255,7.06199,0.0596454
0.430358,9.78817,0.0524899
6.55327,24.3333,0.115154
6.31672,24.6615,0.061316
-7.95106,16.3596,0.0782378
3.01362,21.8352,0.0760402
-0.958029,17.8155,0.136221
-5.7357,14.3746,0.112032
9.90365,10.2718,0.0898379
13.3739,0.718924,0.079392
-3.20755,25.1833,0.0637007
-14.1696,21.5308,0.05
-5.00835,13.5787,0.0881322
-7.64115,28.788,0.0643124
2.20803,14.7141,0.0731111
4.04226,14.0188,0.0507753
-0.886604,1.85298,0.050196
-0.174989,3.99305,0.0879194
-5.51693,13.2981,0.0643817
-10.6891,24.8648,0.06943
-13.2561,18.8605,0.0996951
-9.21223,26.093,0.0569085
-12.518,17.2538,0.0504204
10.5663,15.3575,0.131624
-1.91256,5.97096,0.05
6.37359,16.1648,0.05
8.03922,13.7907,0.0772364
0.0151591,26.172,0.0860078
-6.18921,28.5398,0.0538703
12.3955,26.2215,0.05
-10.0131,24.5304,0.0672263
13.3345,29.4237,0.0656127
-4.72822,19.335,0.0768304
-6.93472,25.6184,0.0942517
10.8928,13.5114,0.0809166
-5.21789,9.01863,0.0999837
7.12392,17.1914,0.05
-5.96495,29.6386,0.0689025
-2.8996,26.7152,0.07056
6.158,0.544757,0.0565022
13.7223,7.30726,0.091495
-6.49359,16.3034,0.0565886
-0.609463,7.19486,0.0507507
-13.1201,22.6835,0.0732286
-8.66947,15.2561,0.0880271
3.35389,26.2739,0.115869
11.5495,27.2113,0.0898673
-9.10738,29.7697,0.0778247
5.83904,16.9147,0.0893368
-12.6519,28.6907,0.101368
0.98243,26.9829,0.0825877
12.0971,4.87286,0.0994398
10.0492,14.1033,0.0693182
-5.45583,25.0568,0.0578149
9.05157,27.0347,0.0804942
8.48174,17.0055,0.0900597
-6.32401,13.202,0.0847513
-9.20886,11.9122,0.084065
-3.80254,29.5245,0.0531437
-7.36337,13.768,0.102665
-6.26513,26.5861,0.0964176
-9.47223,21.3358,0.105299
6.7588,22.8904,0.0538715
-6.31631,28.1402,0.062106
-7.40881,15.6271,0.0605009
-12.2293,5.37403,0.0517121
8.06382,5.06372,0.0672815
-1.02595,23.4966,0.08202
-3.54183,27.4619,0.05
-0.16729,13.283,0.0901875
-4.90798,14.2997,0.0630058
9.38056,9.37672,0.0772406
4.28134,29.6804,0.05
-1.36334,0.541109,0.0614936
2.33144,16.146,0.0940841
-4.04385,9.03915,0.0807158
13.4084,26.2043,0.0754176
-12.4944,6.12734,0.0785637
4.77413,0.205019,0.05
-1.89089,11.7157,0.0876144
-9.72551,29.6993,0.05
6.9122,2.8755,0.05
-14.5198,27.7365,0.0716052
14.1325,4.7893,0.0599324
1.54678,20.5493,0.0865735
8.38852,25.6752,0.05
-9.10989,29.1237,0.0906586
-3.42983,21.933,0.0735029
2.56519,12.2774,0.120129
7.48051,1.6967,0.0949455
6.67372,9.67303,0.05
-11.4689,24.9228,0.05
-6.61171,6.92838,0.0873023
10.3953,26.1193,0.0873953
2.92282,5.47745,0.05
9.48776,4.00999,0.06076
-2.84922,21.4354,0.0733564
5.94407,11.9406,0.0772541
-4.91249,5.69448,0.077435
-5.06977,5.61233,0.100004
-14.9427,4.43588,0.0573321
2.15692,17.1289,0.0925095
-14.9451,25.9485,0.0548782
-10.5526,16.9687,0.0565439
5.46926,23.8304,0.1107
-11.2006,19.6407,0.0583273
0.797505,17.0263,0.0758661
11.2791,5.57815,0.05
-9.24328,22.2141,0.05
-7.54799,26.6359,0.105207
10.6538,8.82103,0.0646876
-12.7596,25.2203,0.0950656
2.66353,20.1783,0.102025
-13.9869,11.6489,0.050224
-7.54469,22.9222,0.10935
-2.29981,26.3095,0.0696928
5.86703,18.9648,0.094002
0.0962882,17.3349,0.059214
-8.89606,3.50132,0.0670751
-5.29426,1.4465,0.105082
10.0781,20.5089,0.05
-10.3928,12.4793,0.101797
8.19932,29.9655,0.0674551
-3.26478,6.05458,0.0838106
5.16815,24.6834,0.0852728
-4.93732,25.0672,0.0881754
-9.31603,25.7736,0.0913231
14.3593,25.8708,0.0998455
7.94511,21.5133,0.0933362
-10.5352,13.9357,0.0713961
0.691861,18.1968,0.0770047
-6.50142,7.50296,0.0616806
9.74077,28.8476,0.0748965
2.05885,24.5825,0.0820317
7.16606,26.1236,0.0947051
9.36372,1.63725,0.0609999
-5.018,10.2479,0.103759
-11.6228,0.413663,0.0675091
-0.409221,21.7094,0.0521225
8.22679,14.8281,0.0737619
-12.0248,10.8809,0.0793205
3.58731,9.37609,0.05
-10.5827,7.98602,0.0516838
-3.37803,29.2201,0.0594739
-0.0133145,12.4178,0.0812731
-3.68826,12.8158,0.05
-4.88834,11.6381,0.129002
5.25138,11.4457,0.0921296
-6.71012,14.1491,0.0715785
-11.0528,3.40459,0.05
14.5222,29.841,0.10081
-5.24744,23.0839,0.0728603
-14.7476,22.0383,0.105448
10.6457,28.6136,0.073591
-13.9211,11.5129,0.0793797
-9.94876,9.61392,0.0710383
-4.65615,1.72782,0.0900474
-13.5743,8.86746,0.0932652
1.22157,21.5944,0.0855966
-12.123,29.2536,0.0595913
-4.08967,10.7032,0.0625458
0.526635,25.5763,0.05
13.103,17.4408,0.115539
2.06313,18.0491,0.0604877
6.21603,2.98556,0.0596661
3.21315,13.0834,0.050353
0.0342739,3.30266,0.0850674
9.22884,5.9077,0.103289
10.2918,26.2145,0.0531566
-1.30159,22.1333,0.074583
11.4308,3.67134,0.0726177
13.114,13.6425,0.0743594
1.18588,17.7507,0.0588993
-10.9059,4.77503,0.0791873
11.9759,4.58344,0.118275
11.816,10.9817,0.0642752
1.94738,3.13526,0.0980204
4.52305,17.8172,0.05
-10.0389,14.2147,0.0838066
4.57695,1.68979,0.0507788
-13.9304,8.2621,0.0942319
0.691524,0.534916,0.0900902
4.58048,27.8705,0.108604
-6.75028,24.0622,0.0680611
-4.39639,12.8725,0.05
-0.177417,14.011,0.05
2.77873,9.74573,0.0853152
-6.27499,27.7586,0.05
6.37486,24.5604,0.0553056
5.08315,0.905624,0.0665995
3.81115,18.924,0.0731373
-10.5825,12.7836,0.0569674
-2.40413,15.2913,0.05
-9.96257,2.57947,0.0893879
-13.9728,15.6348,0.0673779
-6.34744,29.3532,0.0770645
-4.36886,1.37288,0.05
14.0786,25.4068,0.115741
-0.453,23.0436,0.0850769
10.7354,28.2292,0.105175
6.12128,6.8367,0.05
7.73846,21.5668,0.0748593
2.68845,0.439231,0.0974046
-1.86268,14.8161,0.0689683
3.46084,13.3654,0.0705011
-1.97241,5.59096,0.0712521
-11.1316,25.462,0.0615304
-0.747876,15.4553,0.0515547
12.5985,3.58485,0.05
-9.86625,29.6719,0.0933716
1.54052,9.80457,0.0811912
13.9893,17.7486,0.0961864
-12.4796,0.0499968,0.05
-13.8841,17.6356,0.0711617
-10.2797,19.277,0.053719
7.61311,17.1063,0.0568482
9.87558,24.0301,0.0609674
-3.10884,3.37046,0.05
9.33061,12.637,0.0830806
-8.15875,7.49799,0.0763841
7.07186,4.45001,0.05
3.86222,14.3589,0.05
3.07209,10.7188,0.0755896
12.9159,29.5416,0.0612321
7.3315,9.41613,0.0731732
8.80252,2.41379,0.0881075
-12.616,19.5151,0.05
-6.04701,9.22671,0.0907835
-1.54711,26.1264,0.0689201
4.80934,19.5778,0.0566198
10.6546,0.452996,0.0797393
-3.63206,3.83116,0.0935866
-4.51584,24.4894,0.074562
5.52959,17.4145,0.0878063
1.09746,4.19436,0.0524345
1.36755,24.2316,0.05
0.603594,10.8693,0.0605616
10.977,9.21966,0.0586548
-1.57602,2.73296,0.0585764
9.18133,10.5911,0.0693823
12.1949,23.4795,0.118006
-9.87544,14.7345,0.0758799
-0.720587,25.7909,0.0539946
6.09019,2.89065,0.0979515
-12.3258,2.68385,0.0526437
0.726174,24.8818,0.0641808
8.7862,9.53642,0.138494
14.1385,5.3007,0.05
-6.96531,1.43009,0.0637956
10.9158,7.32883,0.100493
4.9548,24.3816,0.109612
-5.16177,3.93914,0.0692367
6.25512,25.8424,0.100722
9.59472,16.3867,0.05
-7.58542,25.9859,0.0928977
11.469,27.9466,0.0670266
2.57552,24.2393,0.0803429
-9.76874,16.615,0.0829519
-1.84156,7.31883,0.05
6.87587,1.78231,0.123523
0.204368,16.9048,0.0704103
1.29592,15.3876,0.0781864
1.00554,23.4097,0.0869042
11.8147,21.821,0.105796
-0.883339,22.908,0.0743516
0.187487,6.27556,0.087749
-11.3925,25.8551,0.0627292
-14.6861,27.7031,0.0980257
-11.6499,12.5937,0.092677
-8.42674,11.4059,0.0511799
10.3523,4.20353,0.121566
-4.52524,10.02,0.0704654
4.57183,26.1493,0.0778882
4.55957,16.0208,0.133109
-8.07112,16.3098,0.051739
-12.29,13.5107,0.107237
-12.5128,26.6318,0.085973
-9.31698,4.15326,0.05
13.5266,14.5048,0.0651165
-0.912169,24.8487,0.087742
0.922951,10.849,0.0613295
-14.1973,29.1326,0.0933759
1.46409,0.243614,0.100282
3.66107,0.987979,0.0937048
0.951278,13.388,0.0700361
-13.9872,18.7051,0.0957576
5.09073,28.3572,0.0720433
-5.22644,3.66773,0.0813484
-5.09728,20.8654,0.0954833
-14.0037,1.94849,0.05
1.46213,0.884366,0.0555011
-13.114,20.9002,0.0874069
-0.212917,8.85512,0.0946673
-13.5314,26.5658,0.0680586
3.30171,4.10778,0.0923766
-5.60746,13.0625,0.0955304
-0.578316,10.3987,0.0900161
-0.534407,7.9767,0.0528807
-6.3987,17.0332,0.05
7.9774,19.4656,0.0912889
-5.13277,25.0436,0.108692
4.72453,6.52714,0.110665
-4.49428,16.1682,0.0959029
13.0509,27.9345,0.102321
-14.897,2.95729,0.0986157
13.2574,5.73792,0.05
-1.02441,22.8202,0.0917849
-4.49195,22.1012,0.0793518
-1.62538,5.51264,0.0762351
14.4106,13.9708,0.0593593
10.3855,0.832767,0.0630041
8.26317,29.8604,0.0555163
-4.51229,4.21175,0.0547208
-4.47556,20.5964,0.0956663
5.71231,9.0964,0.09622
-9.89613,4.87487,0.0813879
1.38,1.54023,0.0621733
2.58054,8.26442,0.0891728
-0.095996,20.2718,0.0759578
4.74415,0.593968,0.0940845
11.6636,13.6582,0.0865831
-0.695013,26.3351,0.0883881
-14.3045,7.26174,0.072109
0.13902,3.44582,0.0520831
-1.95118,11.136,0.0686005
-3.50776,16.6927,0.121563
10.6844,14.512,0.0681645
-7.76258,0.663301,0.05
9.90367,17.7445,0.0842427
-9.96278,10.5495,0.0812643
-13.8711,17.1846,0.0604224
-9.90316,26.572,0.072605
-5.57128,22.5936,0.0693535
-14.95,15.1079,0.05
-4.59413,9.85032,0.112707
9.93813,19.2018,0.0766213
4.17664,15.9976,0.0786614
8.02333,9.88819,0.05
-6.40066,20.0567,0.0605253
-7.87397,19.2127,0.0903283
-14.6144,6.94318,0.0906511
-11.2017,25.3331,0.0685342
-6.16367,25.8294,0.0795665
-12.0672,10.4406,0.0903226
-14.3307,16.4051,0.0807355
-12.2962,15.2855,0.0891554
2.64462,20.544,0.0980403
12.9125,6.81927,0.122254
10.348,7.45782,0.05
0.587977,8.76325,0.0500269
-14.6423,4.18428,0.0920069
-10.7858,22.2292,0.0676853
7.23848,4.88464,0.05
-6.92885,29.3015,0.072872
-3.76426,15.3421,0.0818137
1.02802,13.7641,0.0538626
9.75348,21.2363,0.05
-9.61511,17.5968,0.0819513
10.2159,18.9251,0.0695817
1.06983,1.34514,0.05
-13.4863,8.50712,0.0624173
3.50951,8.3793,0.0671927
8.62581,26.7599,0.0614306
8.74459,17.9657,0.0513242
-4.83442,7.07445,0.108574
5.43605,15.9102,0.0993165
-4.16817,5.27509,0.0706883
5.39733,22.0076,0.0588849
-3.97024,20.9408,0.074338
-1.49054,25.2673,0.05
14.1518,29.324,0.05
-10.435,19.7736,0.115499
-3.15054,9.98951,0.0638655
-12.6142,6.17396,0.05
1.26886,26.1971,0.117458
11.0894,25.5914,0.0570819
10.0774,20.2398,0.05
1.10133,9.04323,0.0618803
-10.9752,18.3756,0.0954579
3.17298,16.9891,0.0690973
-3.90903,29.9881,0.0792769
1.25984,21.9377,0.0969248
0.849677,5.47273,0.105073
-3.91187,2.66051,0.0686999
11.9417,27.4363,0.0620861
-8.21695,5.63427,0.105037
1.64808,8.6523,0.05
9.36511,20.2576,0.0643705
2.73501,14.8168,0.05
7.63973,20.1251,0.0694446
-13.3041,8.46893,0.0743621
13.17,28.9391,0.0917264
-1.88679,29.4693,0.09149
-2.04852,13.7537,0.0705443
-1.12692,18.174,0.082671
12.6487,6.54672,0.0911676
-13.1918,4.04354,0.0505197
4.26125,19.535,0.0677701
1.63857,2.9412,0.0823486
13.6565,24.0959,0.0571163
10.2879,24.282,0.0778678
7.8362,0.276842,0.0982632
-4.45655,14.1743,0.0857096
3.4071,19.9302,0.107276
11.6318,29.0797,0.106266
8.53634,19.2349,0.123555
1.70141,26.489,0.0817033
7.17719,26.4303,0.0658898
-9.73794,14.762,0.0643449
7.17234,4.36436,0.0820336
1.93104,14.4086,0.0900195
5.10642,25.6253,0.0519486
8.55475,18.5894,0.119902
9.08906,22.0836,0.0668703
3.20205,17.7796,0.0572189
7.40141,20.9779,0.0710888
14.1428,6.82915,0.0575451
9.53922,21.7023,0.0778319
8.64758,17.0162,0.0761292
-3.40377,15.7628,0.0584604
-13.0189,0.143797,0.05
13.9925,0.237532,0.0752932
-1.9141,22.0403,0.0948591
7.33361,20.4797,0.0982137
0.822504,4.90776,0.0680576
-5.92569,3.13676,0.0725614
7.23353,8.51215,0.0580692
-2.40642,4.85329,0.0599131
14.2384,17.9399,0.05
-3.36102,0.850592,0.0563967
12.8285,11.4867,0.0865069
5.24679,8.54263,0.0618325
-8.12893,4.60921,0.116116
12.2568,7.36461,0.05
2.63167,11.178,0.0567261
3.99026,6.51819,0.05
-1.57155,10.2089,0.05
-0.926469,11.2457,0.05
7.59996,17.2462,0.0837233
11.2209,4.54401,0.0973028
-7.50788,13.2282,0.0923133
-10.5269,24.8992,0.096413
-13.3089,6.63513,0.0547379
-0.731508,9.83043,0.0753896
-11.9362,11.6352,0.140359
3.8378,8.42481,0.077179
-5.78456,11.7451,0.0861905
3.43579,15.988,0.0964313
5.51023,10.458,0.0640467
-13.999,22.0257,0.05
-6.49338,12.3072,0.0755927
-8.40495,3.2864,0.0542524
-2.84522,25.3445,0.0847013
-9.82682,1.92239,0.0639432
13.2757,0.855516,0.0711317
14.2862,28.9732,0.0523742
-13.2042,14.1132,0.110219
-14.7583,15.9886,0.0784492
-5.99548,18.1619,0.0533367
11.1033,4.97078,0.0512011
-0.570296,22.1619,0.053789
-14.5044,26.735,0.0769371
-8.05493,16.8952,0.0975851
12.2639,25.3995,0.0810897
-11.1088,4.01043,0.05
6.52638,11.0629,0.0569124
13.7469,16.7244,0.124638
5.78305,12.7921,0.05
13.8067,18.8133,0.0556313
6.41463,21.8997,0.084456
-0.145513,18.8517,0.0991659
0.860379,12.727,0.0733055
-12.1774,3.37616,0.0918339
7.83902,7.1551,0.0512007
13.5214,26.3689,0.124197
5.66274,25.9692,0.0659974
12.6645,7.49595,0.0545512
-8.31467,1.1042,0.05
7.14789,6.18409,0.0899855
-1.58597,29.9468,0.0887879
10.3091,11.2129,0.101702
12.6789,0.825893,0.125036
7.59958,4.29686,0.0639341
-14.1256,16.0553,0.05
-10.0694,14.3981,0.10219
-2.96367,11.2963,0.0723948
13.0924,18.9131,0.0638867
5.66845,27.0474,0.0669885
1.00263,21.4077,0.0570592
7.12408,8.01179,0.0545985
0.570582,24.0424,0.0699496
-6.08681,16.5063,0.05
3.53035,23.5683,0.102931
-14.7335,21.1137,0.0986343
-13.1479,26.1037,0.090822
9.46899,24.833,0.107251
1.73945,29.187,0.0956337
9.21921,26.0537,0.110043
12.6858,18.4625,0.0770727
-4.12729,21.5233,0.05
-5.5477,10.9699,0.0511617
10.5232,0.100961,0.100972
5.65516,3.61537,0.0931148
4.30331,5.52654,0.0619782
-14.3018,13.7108,0.0970255
0.870455,20.8176,0.0502239
3.37524,11.2643,0.091691
8.11546,6.2786,0.104424
10.9351,14.1717,0.0926508
-1.72482,1.01493,0.0575973
10.4851,25.4777,0.0859837
13.8908,9.01437,0.108886
0.0293718,9.26195,0.109162
-0.555766,13.9766,0.123248
-9.32945,20.8307,0.0936743
0.577437,18.1063,0.0674418
-0.832601,18.3617,0.0980213
-4.75021,5.39103,0.0900255
13.7674,9.33717,0.0540273
-5.87496,24.7937,0.0796212
0.406709,0.784897,0.0616514
-2.67957,22.3465,0.0723559
8.78327,8.04215,0.05
4.3852,5.41386,0.0773206
-1.3494,14.6655,0.10403
-9.48766,27.3837,0.0858926
4.54386,20.2066,0.10292
-8.62175,6.65431,0.05
8.69635,27.5952,0.057018
14.2689,23.0132,0.05
-3.03747,15.0449,0.05
-2.27637,18.6013,0.0639337
4.17242,11.9743,0.05
-10.9696,13.0695,0.0816163
-7.21848,2.55784,0.05
10.4364,7.25559,0.0925037
-0.567003,1.61188,0.124222
-12.9655,5.89057,0.102998
5.97641,26.0057,0.0707149
-14.6894,11.8476,0.05
-5.46625,15.5343,0.131011
14.9163,28.4535,0.0837502
11.0808,3.74927,0.0655533
-6.13543,8.50582,0.0527424
2.63495,5.4728,0.119986
-6.94086,21.4737,0.0875313
3.41262,2.16475,0.063692
-14.95,15.8652,0.05
-13.3951,6.78037,0.0723925
14.0787,18.7155,0.0741608
11.7137,16.1597,0.0744345
9.38786,2.32901,0.0902055
12.6652,10.102,0.10004
11.762,22.7969,0.0821988
-14.7527,23.6721,0.0959129
8.90382,10.2579,0.101463
-4.26779,13.8808,0.0988456
11.2599,12.1307,0.0540801
6.51127,27.987,0.133736
11.446,18.4602,0.0834864
10.0239,11.5732,0.0789129
-7.43448,14.8444,0.0736102
-2.82881,8.73142,0.0919147
-0.94872,3.42828,0.05
8.02944,2.88086,0.0668343
-3.38133,28.4266,0.0994162
7.80142,21.832,0.05
-14.8831,7.06448,0.116854
-13.267,22.6731,0.0680886
-10.4891,0.295797,0.0765599
-13.111,1.57639,0.108201
-14.0512,25.1851,0.05
5.73844,25.5381,0.0708577
-7.50547,2.41726,0.0697741
14.4381,17.2279,0.0664414
8.74671,17.4482,0.0760329
3.5826,29.8855,0.0777269
-4.0399,27.0551,0.0514008
-3.12584,6.00486,0.0575403
-4.75995,1.54976,0.112984
9.64786,29.9591,0.05
0.381245,5.16542,0.0780075
4.19219,14.6404,0.0866369
-8.32689,24.4553,0.0726726
-0.427812,8.89049,0.0897417
0.831052,8.73735,0.0681406
-7.75452,2.57329,0.0860265
-7.86163,10.242,0.0896667
13.2071,1.13393,0.0846955
4.95471,15.7545,0.0967936
-7.46125,23.6003,0.0841451
13.679,15.5561,0.0926593
-14.7945,22.5978,0.0638552
-12.7991,18.0575,0.0628965
9.38116,24.6933,0.0576763
10.2944,28.4923,0.05
-8.43374,8.81223,0.0811437
5.52609,0.337847,0.05
0.0937827,15.0656,0.0538165
9.2045,28.0988,0.112947
-3.5838,0.878513,0.05
1.55733,6.09676,0.05
5.68137,19.8033,0.107792
-11.5682,18.1389,0.0529913
11.8281,18.6947,0.084856
-0.632713,16.7411,0.084598
9.52733,12.8387,0.0705527
6.60286,9.51856,0.119928
-8.78671,20.1164,0.114913
-3.45468,10.6794,0.106921
-13.3256,20.6738,0.0608775
13.4593,12.6152,0.05
10.9076,22.0744,0.05
0.585138,14.4717,0.105786
-8.41505,18.1186,0.119465
5.77915,22.3606,0.0651739
-3.54783,4.11984,0.0593886
3.27019,3.20977,0.110181
6.2931,22.2608,0.0978996
-0.184561,10.3862,0.0890907
11.9706,5.43686,0.110759
-11.4703,23.1203,0.05
-1.0091,14.7451,0.0880322
-9.22715,10.8697,0.0729655
12.7539,17.4061,0.0802452
5.12103,24.8164,0.05
-0.778563,9.6736,0.0883293
5.83942,5.92635,0.092242
11.8043,6.72423,0.110168
2.52494,19.9662,0.05
-4.76542,11.8246,0.0943566
-9.34927,17.7025,0.0799294
13.6855,25.6372,0.057842
-5.21591,1.31064,0.05
4.2137,23.235,0.0975468
-3.52002,2.69108,0.0810488
11.1428,2.96967,0.0842099
-6.22406,6.8025,0.056644
6.50669,20.1626,0.0772346
-3.21562,5.88828,0.0895991
-14.1354,21.1568,0.0664874
7.4496,0.215031,0.0546641
-5.41989,5.62555,0.101761
-3.39904,0.506616,0.0922343
12.289,15.4593,0.102462
1.12827,18.3663,0.0695157
5.93193,21.2688,0.0519743
-6.70931,8.29202,0.05
-6.96096,3.58907,0.115829
-14.481,2.27121,0.0974912
4.27059,1.01383,0.0970399
-3.07385,10.0737,0.05
-12.288,25.8117,0.0603965
14.5919,4.50112,0.0978759
5.89468,0.934828,0.05
-4.29655,16.0062,0.144223
14.4579,18.1262,0.0889487
6.45925,1.10343,0.05
-4.08699,15.4338,0.0519768
3.34848,11.0398,0.0504711
7.45496,0.943282,0.0708751
13.7841,12.0864,0.115275
10.6637,22.31,0.0806877
-9.34737,11.2126,0.0815793
6.52069,10.0163,0.109153
13.6024,29.6528,0.090283
11.0016,28.7491,0.0664332
2.21033,8.43988,0.104085
-13.2692,24.5218,0.0650349
13.0495,10.579,0.0921724
-13.0701,26.2605,0.0717743
7.85557,9.0686,0.05
7.89992,1.43165,0.111325
5.93404,8.14934,0.10066
10.7039,19.4429,0.121929
11.3609,25.9394,0.10476
3.33955,25.0481,0.0687475
-5.24978,2.89786,0.103122
-14.5854,14.2904,0.05
4.67279,17.1508,0.05
9.00042,29.8218,0.0596809
-8.93806,17.352,0.05
2.68854,12.6393,0.0540331
-8.02042,5.58318,0.0973494
-6.99233,12.9658,0.103648
3.03381,17.0833,0.0989472
1.04455,29.9107,0.0691882
8.8501,1.64508,0.0860546
-11.6894,1.88531,0.0913606
-2.64276,8.99912,0.05
8.33835,11.2543,0.0791212
1.81294,24.3194,0.0772649
-14.0186,0.922936,0.104663
5.20223,13.2002,0.118613
-13.1404,10.4783,0.078304
11.1137,6.32804,0.0641827
5.30191,5.19381,0.0832219
9.5058,20.4167,0.0718623
-1.24828,7.58959,0.05
8.99386,14.106,0.05
1.23262,5.66697,0.070582
-7.89887,22.8087,0.0665346
8.89224,6.04079,0.128971
6.9016,23.1638,0.0698847
10.2987,3.8699,0.0648658
-14.4889,27.9903,0.0514231
10.6375,27.0103,0.105396
-7.02015,29.8864,0.0934975
12.7771,12.2594,0.0733964
-3.20806,0.658019,0.05
13.7436,2.35859,0.0905536
-11.4295,19.4551,0.0679467
12.9458,17.0275,0.0597203
11.4353,5.22243,0.0920012
-11.9737,5.3334,0.094812
2.27884,5.64927,0.0934839
12.8754,8.35876,0.096042
1.1948,26.0223,0.0722953
12.2787,19.4963,0.0564581
1.67211,16.0552,0.097109
-14.2683,9.13324,0.0694797
-14.3795,9.54314,0.0893577
10.1634,0.358716,0.0545455
5.47545,6.82184,0.0614494
-6.16383,23.7233,0.0990827
-2.04739,14.3083,0.0627242
-2.10077,0.415291,0.084081
13.1862,27.1753,0.0949504
-10.9975,2.93937,0.0876352
-5.70303,4.87387,0.0786756
13.2367,5.30566,0.094369
-14.8976,3.15828,0.102381
0.401845,11.5595,0.104494
-4.56254,29.7268,0.0754722
-0.133385,12.5305,0.0690293
10.6041,16.6344,0.0640706
-4.50833,24.9553,0.0754143
-7.90461,11.3223,0.0718637
13.5277,19.9049,0.137177
3.81882,2.10347,0.0923504
-8.39776,26.7793,0.05
-2.97858,8.45126,0.0745425
14.9267,4.78087,0.0522661
-7.80462,18.7831,0.0657114
14.315,10.4623,0.0985109
11.3714,25.2863,0.05
0.775436,7.22771,0.116277
8.91231,7.65962,0.0553361
5.81252,5.57479,0.0642116
4.04316,13.9138,0.0542369
6.04495,11.5951,0.101215
1.68493,11.8357,0.0825475
-10.8242,2.85987,0.103001
0.390427,12.4175,0.0530994
1.74644,6.58801,0.0724331
-9.29866,7.14654,0.0787886
11.0569,9.29325,0.05
11.6297,3.9199,0.0946692
-3.24169,4.73207,0.0856011
-6.56239,27.1238,0.0990623
-0.913711,13.9021,0.05
9.97645,9.43662,0.0579078
3.03127,0.772838,0.0930314
-1.12557,21.4963,0.0688197
-6.62881,23.5293,0.102934
0.389975,14.4106,0.098718
10.7833,16.3609,0.128257
-12.8963,4.63189,0.0740748
13.073,11.3528,0.105761
-7.53636,25.5561,0.0580515
-13.3088,0.870997,0.0639961
5.23631,1.12484,0.0541818
-6.11758,1.9217,0.0532251
8.87187,11.1854,0.0921798
0.38158,24.3783,0.124532
13.5202,24.5434,0.0829657
1.99155,12.7422,0.0519018
6.43187,18.916,0.0782521
-8.92681,24.3826,0.0771606
-5.92663,22.8606,0.135227
-14.7534,23.2347,0.0928693
7.88887,1.16303,0.0604186
4.84405,22.3374,0.0710507
5.24459,22.2702,0.0858894
6.80276,24.6951,0.0707437
-8.79636,25.3623,0.0555975
-9.44158,20.9711,0.0860102
10.5124,8.37043,0.0917022
13.3072,4.10597,0.05
-6.9133,6.04999,0.0774497
-12.6754,18.2496,0.05
2.62889,7.80271,0.0854155
13.0004,10.254,0.0948687
-4.70281,11.1281,0.0693924
5.89359,9.13476,0.0890764
-7.79344,9.58382,0.0838899
-5.56496,21.1814,0.0790408
13.8929,9.35403,0.0725554
-14.9154,4.09531,0.0846379
3.6559,7.53564,0.084199
9.26378,0.110838,0.11085
-11.8052,22.2787,0.058028
-14.0368,0.0798628,0.0798632
7.40511,18.598,0.0564148
-6.97081,23.621,0.0908324
-5.76301,14.6025,0.114103
-12.2493,18.852,0.0867272
-3.83526,12.1112,0.0573821
9.4308,27.2927,0.0709476
-4.89538,5.08498,0.0526131
9.15285,27.3648,0.0943597
13.8774,11.556,0.0862746
-7.33703,5.98951,0.05
7.00985,12.9311,0.0694126
10.4031,9.72223,0.0743092
-1.96713,10.7995,0.05
-5.31759,24.0281,0.0674619
-10.5565,17.2421,0.0944485
4.00838,4.22409,0.05
-3.27976,3.2958,0.13652
-10.9514,25.3252,0.0836451
3.01367,15.5921,0.0930391
-0.841471,4.028,0.0870812
10.8363,3.33151,0.135675
-5.02452,3.65747,0.120843
4.22129,4.24056,0.05
-1.72881,29.8364,0.0696512
-5.73149,20.3236,0.0983855
-7.29753,14.8845,0.0690772
3.21593,4.91893,0.0664219
-14.0451,16.1992,0.104633
-13.2114,5.20957,0.106998
-10.6131,13.6364,0.112581
6.17539,0.703108,0.102826
-13.6872,10.3383,0.0870823
-6.69321,11.5045,0.0868917
2.64578,2.05502,0.0805142
1.32391,3.4843,0.0808747
4.56073,29.4442,0.05
-9.73955,24.137,0.077928
5.97133,24.9232,0.072614
-14.9231,17.7375,0.076942
12.9745,11.2047,0.0683648
0.956833,4.61891,0.0912605
-10.0244,14.0319,0.0995495
-6.23279,27.9093,0.0719898
-7.58691,13.3714,0.0532398
10.8612,13.1613,0.0964982
13.7775,27.5438,0.0855102
11.0194,15.9138,0.0682438
-14.0288,5.91538,0.0506487
-13.66,15.2014,0.0551657
3.69944,26.5229,0.0837509
-7.94772,0.371606,0.0941971
-3.25147,8.00866,0.106304
-8.52057,18.9378,0.0997373
5.63789,0.957499,0.103263
11.4304,24.9071,0.0763519
-0.0577837,2.00194,0.107261
10.0753,10.9308,0.0737807
-9.10745,4.73477,0.145286
-10.4352,4.46989,0.0640953
2.40668,4.56502,0.104715
5.56848,7.94476,0.0663689
11.0119,25.0718,0.0640664
13.7805,2.016,0.0700447
5.82426,15.9807,0.05
2.7437,7.90951,0.0713849
0.344461,22.2583,0.0643725
-5.74064,4.52636,0.065827
13.2168,26.8648,0.0975552
7.70686,15.0528,0.113155
7.97911,24.8093,0.05
-4.47577,10.2681,0.102787
-14.3455,4.06974,0.09436
-5.61413,1.48658,0.109276
-7.98979,29.1263,0.0930398
9.66525,23.0987,0.108358
1.54513,23.5886,0.111561
-12.9934,19.4909,0.05
-4.40618,11.968,0.0978148
2.61787,16.7266,0.05
3.73716,3.61672,0.0553643
4.85326,7.09853,0.0765179
8.31622,17.5791,0.0844595
-1.65582,15.0658,0.0951589
1.55142,1.01584,0.103435
8.60154,0.562132,0.112034
10.0441,6.21524,0.0980433
0.645685,6.61771,0.05
-8.46482,13.1087,0.0993161
1.39201,12.0194,0.05
5.12435,2.45293,0.0830683
-14.95,16.9646,0.05
4.19462,1.60931,0.0842458
3.38464,9.49496,0.098704
-12.0059,11.2667,0.0874233
-8.85821,19.6994,0.0765836
12.6599,26.3655,0.05
10.078,1.4432,0.0629516
-9.70506,21.9458,0.0578864
-3.44902,11.0358,0.120216
-12.5721,28.0026,0.120633
-13.7239,7.81848,0.0709936
5.08576,27.4815,0.0743179
13.1643,27.3663,0.0934476
5.80921,8.73748,0.102158
-5.44781,26.9946,0.0811911
-0.841729,1.19792,0.0878282
-7.12486,15.7506,0.0544295
-0.572015,3.51868,0.05
-4.26855,24.8146,0.0585118
9.27751,18.0458,0.0964321
3.17726,17.9386,0.0629687
-13.8199,29.2976,0.0728432
13.4365,17.9298,0.05
0.592371,16.7657,0.0675328
13.6249,27.5497,0.0672321
4.86846,13.8845,0.122868
2.46759,11.486,0.05
-0.00858691,9.57921,0.0882382
-3.99816,21.2791,0.0530828
2.04467,23.8687,0.05
-12.3778,6.36998,0.108169
-0.574419,15.6409,0.05
-8.41654,29.3719,0.110556
-12.4937,21.4768,0.0870529
-13.5181,14.6873,0.0521376
11.5259,3.53147,0.0738639
-6.4886,22.2414,0.0694333
3.15294,4.20963,0.0879221
10.6536,2.62561,0.0636743
0.630284,5.98207,0.0823698
5.03952,14.766,0.117849
-6.80122,14.5113,0.0506276
-9.57833,28.9246,0.0837094
-14.754,28.8952,0.0782774
-1.27339,21.5909,0.102238
0.861586,0.724214,0.117671
-11.0948,13.9313,0.0520346
-12.2856,6.96135,0.0850251
-4.1393,19.6609,0.0752728
3.80161,6.75306,0.05
14.4155,16.1983,0.05
13.082,29.0502,0.05
1.88794,28.9456,0.05
-10.1046,5.27065,0.0508861
13.0249,22.9651,0.0713506
1.81125,4.42081,0.05
-7.91294,20.5507,0.0987888
-3.34267,28.105,0.0540631
-13.7207,24.06,0.0532841
8.27247,2.25507,0.079199
-9.43906,28.2366,0.05
-12.1619,11.5964,0.0837634
14.2588,13.6238,0.117272
5.85753,17.481,0.0717525
10.483,22.488,0.0557225
0.661097,10.559,0.0951563
-9.99896,25.5561,0.0819647
5.91333,2.61278,0.0637856
13.0233,2.52387,0.0509909
13.8458,29.1997,0.106113
-13.7638,23.217,0.087602
-1.45403,29.5121,0.0839937
1.29934,19.3899,0.0515632
-2.66263,29.4569,0.102441
10.6172,24.2226,0.0720536
8.8012,28.0725,0.0674084
1.44211,25.5867,0.103571
-9.75151,14.5203,0.0760135
-8.18403,25.5195,0.139313
-5.32161,25.0762,0.0602951
1.5913,29.2027,0.0533467
7.75879,26.5136,0.0961175
-12.0678,4.61416,0.0900133
10.4515,27.847,0.104424
-14.7022,20.2999,0.122386
2.04564,3.65659,0.0870136
1.71101,10.748,0.115976
-1.57134,22.8253,0.07557
6.65415,17.3555,0.105117
-14.6847,1.47363,0.0717251
14.8422,7.69288,0.0532788
8.12373,11.9941,0.108681
-2.18227,12.9616,0.0643942
8.97391,18.7151,0.05
13.5564,12.7859,0.0879017
-8.03238,18.0233,0.101645
-13.5693,22.9036,0.070723
-10.6152,24.4624,0.0946177
-10.0428,3.12537,0.0851601
-9.00073,20.6954,0.05
-14.2304,9.56207,0.0609611
4.74555,11.0643,0.0610218
-1.90768,12.1187,0.0981394
-6.61486,6.5162,0.0673382
-10.5318,19.5508,0.0831838
-2.95994,10.0085,0.0812456
8.40358,12.8781,0.05
-12.5628,0.99991,0.0674199
-13.0332,21.0959,0.0846239
1.99367,3.5029,0.0752488
-14.3359,25.6587,0.0503585
-6.17671,1.68938,0.0932395
8.30935,21.2259,0.0817365
-3.94907,25.4755,0.104949
-2.09236,28.3018,0.05
-7.07431,4.29712,0.131482
11.0867,15.708,0.0671583
10.6939,12.8344,0.05
2.72874,6.29044,0.0997564
12.3752,16.4649,0.0924909
-12.325,23.8672,0.0815258
14.3867,11.4807,0.0829652
0.993128,20.0806,0.0653968
6.46942,12.8179,0.0641535
2.13385,9.98583,0.0781048
-5.26445,0.864747,0.05
-12.248,13.3189,0.0891463
14.174,10.1686,0.0793084
11.0264,22.3863,0.0697906
-13.4129,15.3517,0.05
1.67574,7.06126,0.101326
-11.6326,24.5942,0.05
0.367655,28.7307,0.0805677
-13.08,20.2875,0.090377
6.21989,29.1361,0.05
0.614897,27.0058,0.0809321
9.14441,5.76663,0.05
-12.0995,16.6599,0.104741
-13.7585,11.5457,0.0821283
-11.1072,4.76302,0.05
2.72452,17.0157,0.0734958
-12.1869,2.95825,0.0977236
2.64007,27.5965,0.05
-10.8569,7.32775,0.05
-12.7867,14.1266,0.0789759
5.51272,12.0732,0.0694788
12.2234,10.3039,0.05
9.79772,17.8524,0.0669192
-4.63189,28.081,0.05
-6.49278,20.1791,0.0883215
0.372784,10.5399,0.0741801
-5.19196,24.3253,0.0683931
13.1877,2.70731,0.0708164
0.704328,22.3932,0.104724
1.09582,7.42848,0.0948837
-9.86568,17.9309,0.05
6.44441,8.96032,0.0765428
5.79706,2.6532,0.0593167
-14.6608,7.29014,0.105027
-12.9843,2.39888,0.0962615
12.6697,29.3173,0.102258
-6.97525,24.0444,0.0953073
-2.66572,16.2451,0.0694569
10.7807,17.6087,0.05
-8.41343,26.6789,0.0515673
0.074288,0.221426,0.0967765
-3.29487,24.9901,0.05
2.20263,17.8142,0.05
-8.54992,3.22256,0.104164
6.98566,11.5259,0.0772269
-7.8569,24.5925,0.0613259
10.6852,20.7728,0.103155
0.676551,18.6401,0.05
-7.90403,3.69797,0.05
7.03027,29.1234,0.05
-4.4246,0.695357,0.0629019
12.7597,21.2576,0.05
2.12403,9.31982,0.0800851
-1.5323,9.10031,0.0677762
-10.3687,24.6238,0.106995
-4.80614,14.1207,0.0806378
-2.16443,12.6105,0.05
-7.47649,5.64001,0.067787
-3.10415,1.30528,0.0809068
-11.9817,12.9998,0.0760096
6.21606,20.4146,0.0963747
8.25965,28.5457,0.0963286
-3.30531,4.12159,0.0952567
-14.09,1.69259,0.053311
10.5589,17.2209,0.0825825
-8.02994,4.35161,0.159864
-13.0729,20.5969,0.0672407
1.6398,23.4201,0.0816087
-5.14464,0.699846,0.0555781
-4.6739,8.56391,0.108182
-11.8472,4.34585,0.0941551
3.29801,2.48361,0.0864102
-8.12498,25.8693,0.0575546
10.9792,0.588929,0.12214
4.06777,7.73883,0.05
-0.415641,13.6629,0.0754113
-9.6107,27.5152,0.0942418
9.50231,2.75599,0.0665394
-2.82081,4.68362,0.0808554
-9.07785,19.9482,0.05
-3.09917,14.4378,0.0861914
5.29091,9.4468,0.0829169
13.9563,12.109,0.0583633
-12.1131,17.2068,0.0866153
-5.88899,3.9692,0.05
-0.742049,9.1755,0.0821512
3.81781,3.6891,0.05
12.5907,23.3507,0.0722783
-11.5147,13.9629,0.0954398
9.3763,8.37412,0.0773454
-2.45036,4.59864,0.0835977
-10.3778,20.5133,0.0891347
-11.762,24.5923,0.05
8.45131,11.1361,0.0844282
9.25574,26.31,0.0680944
1.57128,13.3761,0.082607
-14.5393,25.2046,0.0933224
8.87252,22.613,0.0604617
7.62454,25.0889,0.0944879
-12.762,12.5475,0.0597465
4.79064,12.7508,0.0695539
4.48046,28.3267,0.0618995
-0.0526758,28.0274,0.126139
-12.3535,4.89519,0.069042
-5.83131,28.8295,0.0728795
-14.2395,24.0308,0.0750717
-13.215,1.14065,0.079395
7.98325,6.17792,0.0617514
-14.8042,10.3316,0.0882092
1.49657,17.4687,0.0785368
-6.16225,8.84597,0.117179
-3.10528,22.9968,0.05
-3.36252,18.1079,0.0757491
9.14901,25.8361,0.105413
11.1389,4.26618,0.0838516
-11.4526,9.4751,0.0700771
14.5323,27.4042,0.0756041
6.6557,19.835,0.0665356
-6.32979,19.0355,0.0861495
-5.43999,4.23045,0.0600594
-11.8224,9.34599,0.061763
6.51366,13.295,0.0773077
-7.50262,27.6252,0.0514964
3.48086,19.7251,0.11069
13.8018,21.6004,0.0593792
-7.46255,2.83615,0.103296
8.30137,10.7025,0.106093
12.1002,27.2357,0.104284
10.3077,6.13569,0.139609
-5.28089,17.1728,0.0533395
13.458,23.965,0.0642536
7.77262,22.5462,0.111753
9.34643,29.9647,0.0705842
13.5799,7.34851,0.0567453
-5.22467,11.8949,0.0930576
-3.69207,26.7453,0.05
-7.86764,26.0623,0.0988231
0.578036,5.81858,0.0892777
-2.13711,11.1186,0.104509
-7.70592,24.8523,0.0663693
-2.22876,10.9838,0.0585539
0.129815,23.2922,0.0873553
-8.10169,11.898,0.1179
-10.4572,24.4774,0.0640955
-6.38019,3.3335,0.0867129
-12.5047,10.812,0.05
7.89903,5.24733,0.0670119
2.61985,5.94952,0.0690287
-3.99086,11.0212,0.0622952
-14.95,28.0488,0.05
-2.52052,7.87274,0.0511535
-8.74768,3.80599,0.0835714
-3.8567,28.651,0.0648776
7.4786,1.08867,0.076435
10.2928,19.9368,0.0623861
-1.77646,23.2981,0.106868
10.373,0.0558589,0.055867
-13.0493,15.4041,0.0810062
-12.6671,20.0203,0.0944855
14.7901,22.2265,0.0784695
14.2464,13.2515,0.101758
-3.04256,24.4912,0.109703
6.69312,28.4075,0.125638
14.0975,8.77876,0.0976668
1.54882,0.396283,0.0743276
1.60965,20.2803,0.05
-1.0107,20.9015,0.061305
10.9547,12.264,0.0746543
-2.31835,29.5882,0.0880397
13.9899,0.978669,0.0708719
13.2089,10.54,0.0719472
-0.609398,12.847,0.0732091
13.8666,9.20629,0.0775102
0.00251859,10.8842,0.0825076
-9.97217,15.2967,0.0658233
12.3056,13.4649,0.107515
-11.987,17.4331,0.107315
5.63492,17.9126,0.0771372
13.9516,29.8979,0.0653904
10.6579,22.56,0.05
1.755,7.42924,0.05
4.25799,11.1586,0.128622
-14.2952,17.5989,0.121178
10.5786,1.3656,0.07889
-6.11397,17.3113,0.0794955
-2.98042,20.564,0.10205
6.21519,1.51764,0.0521602
-10.5112,23.9892,0.110524
5.43071,3.17007,0.05
-2.87967,17.4339,0.0752709
-4.71921,4.49954,0.074348
-8.53953,14.9254,0.0514556
-13.2045,2.67173,0.0697461
13.6862,26.8912,0.113424
-0.146833,7.46543,0.142609
-0.980382,15.6852,0.0898094
-5.63435,9.90175,0.08712
14.8992,2.94952,0.100859
-6.90328,18.8222,0.0783063
13.2238,0.723435,0.0707753
13.5262,2.20958,0.0647534
-2.25312,17.5127,0.071251
-12.1896,24.5522,0.112812
-13.7687,4.3515,0.0583924
0.757738,6.31203,0.0754443
5.33707,1.09857,0.05
-0.553529,22.2989,0.0841782
3.88686,3.27639,0.0514903
-8.62605,20.4491,0.067592
-8.24566,10.5854,0.118564
-6.43443,23.9835,0.0999532
-0.985306,2.14293,0.0560083
11.8702,23.8572,0.0578958
3.58959,29.0667,0.0920134
4.76,19.9929,0.0609404
7.55229,18.175,0.0575632
1.8834,22.4629,0.0634268
13.331,8.86666,0.0717967
1.01344,14.792,0.132874
-11.1958,16.7097,0.0899527
-4.78763,6.38348,0.0629637
-9.52963,22.5431,0.0736853
6.1632,22.406,0.0927603
12.9138,11.0668,0.082303
5.17004,29.3699,0.05
-8.71649,26.8451,0.0707088
-4.916,20.9052,0.0801319
14.786,14.293,0.0767598
4.47218,23.5566,0.05
6.88787,17.7729,0.0761947
11.3296,10.0504,0.071334
13.6535,9.63556,0.0568993
-14.9444,25.6902,0.0556283
-12.4069,16.375,0.05
-7.21955,11.695,0.0539957
-10.1856,19.1983,0.0666581
-5.86158,14.7337,0.05
14.5143,10.5948,0.115036
2.85188,24.0981,0.061306
3.3119,10.8776,0.05
4.00787,3.02681,0.0780734
-11.7221,16.9835,0.0658218
5.62318,8.06021,0.0613772
-14.0084,17.2424,0.088533
0.0476723,0.718618,0.115448
-8.71431,19.6685,0.070605
-3.0831,18.0466,0.0679191
6.68059,22.6631,0.05
-5.56146,3.85108,0.0683311
-3.47052,7.43889,0.111054
-2.3311,23.5624,0.0801707
-4.67012,9.14965,0.11329
-5.49388,22.4892,0.0605456
-5.09083,6.41059,0.05
-9.60968,28.0037,0.0716585
-12.0593,12.5316,0.0605415
-1.90424,2.39542,0.0997622
4.7839,17.9288,0.0770247
8.27901,3.51634,0.05
-14.3759,17.8131,0.0639453
-10.8834,6.52215,0.0922238
5.96625,6.06963,0.05
-2.18042,29.0128,0.0672497
-5.10371,19.7756,0.0814362
-1.51308,28.7011,0.124694
-1.66712,6.12981,0.05
-13.019,8.31376,0.092949
-0.0349662,8.34268,0.110705
10.2963,12.1559,0.0821334
-10.2856,29.1961,0.0680937
0.620436,13.4751,0.103778
-2.6448,23.171,0.0589357
-9.07332,20.3224,0.05
-5.41174,24.6135,0.0624132
-2.52922,16.2714,0.05
-10.9934,2.75656,0.0952328
9.01413,13.416,0.0663534
1.51707,26.1794,0.085126
-13.4089,16.7984,0.126413
4.93257,8.66587,0.0604479
1.40302,26.8265,0.0780504
13.4979,7.8671,0.104112
2.0721,18.9664,0.0821221
11.1925,21.9325,0.0753905
6.90593,22.6095,0.119482
12.0935,0.806066,0.0852905
-14.62,8.31773,0.102615
12.2184,18.5226,0.0689796
13.3836,23.3269,0.100488
-8.94035,29.1052,0.0798875
-6.32047,3.84933,0.0917421
-14.2673,0.834739,0.0946211
-5.98688,4.03919,0.0703502
-14.1442,21.4048,0.0785306
-2.92851,1.08715,0.0948327
4.36955,9.49477,0.0553614
1.61933,9.35763,0.0770582
14.4642,3.15757,0.05
-6.39899,27.2426,0.102952
-9.69459,0.392255,0.106207
-9.4698,13.3343,0.117816
13.352,24.8984,0.05
-9.36477,4.47028,0.0791307
11.4703,23.3179,0.061604
10.7996,6.24146,0.108922
-1.67542,13.4253,0.05
9.43499,15.019,0.0722051
3.88455,26.74,0.0897675
12.5518,22.3561,0.0726735
1.46904,29.2986,0.102007
7.39164,3.07454,0.110631
4.06922,23.7972,0.0889322
10.2594,25.1876,0.0748231
-9.49938,1.78658,0.0829562
10.5257,14.2109,0.0819726
-9.3739,10.5011,0.116383
-12.0553,21.9256,0.0807282
-11.7816,10.3434,0.0877096
-14.7855,14.5242,0.0716695
7.92972,4.90238,0.0650159
-11.2964,18.121,0.065762
-2.55222,26.0714,0.0772765
12.4929,29.4112,0.0979318
6.36596,19.8274,0.0855615
-8.72536,16.2369,0.0747072
1.32772,19.9071,0.05
-7.11405,27.0406,0.145241
-9.11762,21.2597,0.05
7.41968,19.6049,0.0584504
7.94322,14.2312,0.05
4.03005,14.611,0.078148
-14.1345,13.4408,0.0700094
11.6884,16.6309,0.05
-5.4511,17.6994,0.0824744
3.59877,27.951,0.0935449
-3.06677,3.27975,0.05
9.28725,14.5613,0.05
-6.08284,9.39007,0.0764441
9.34805,8.70381,0.05
-7.09309,0.182646,0.0728444
12.3334,7.49166,0.0851104
1.42341,19.4112,0.0743261
-0.441848,12.0169,0.0862431
-9.62482,14.4843,0.0556802
-10.5169,25.221,0.05
5.53704,14.2451,0.109986
-9.7323,13.4016,0.0800107
11.9008,15.2047,0.08936
11.4535,24.7643,0.068299
-12.9017,24.9895,0.0962036
7.34349,21.4733,0.0587041
-0.49003,18.2446,0.087419
4.17675,7.61991,0.111305
-3.56197,12.1206,0.0935989
1.95752,10.2311,0.0774572
-14.5914,11.4103,0.0902098
7.92353,21.3485,0.0728548
-12.5345,28.3258,0.0766955
5.63487,19.4308,0.0969593
3.60698,25.6168,0.0691523
4.92389,23.0251,0.0668229
0.0245476,5.41401,0.0536731
-3.94996,11.2151,0.135838
14.1933,2.87756,0.119259
8.65768,9.02311,0.0689064
-6.01813,24.7044,0.0887727
-5.0952,21.7549,0.0735076
-5.86462,2.1242,0.0623646
9.59088,21.3507,0.05
-9.55546,28.1571,0.090977
13.1208,26.7201,0.0754878
-0.274251,9.40421,0.0741822
4.72387,6.2596,0.05
-1.75405,13.2091,0.0595758
-5.91157,18.7633,0.05
-3.59677,11.5894,0.0725884
-11.8574,16.4524,0.0599774
-14.7021,27.1705,0.106334
-5.45531,7.99609,0.0645709
-14.0735,5.79962,0.073456
-8.90824,5.98276,0.0810335
-5.03767,23.6331,0.053187
-14.7521,6.3289,0.0952477
9.61661,10.8583,0.0949163
-2.90233,11.4022,0.05
-8.27141,26.4774,0.090825
-8.25674,10.1756,0.05
6.34388,14.2928,0.05
7.05278,3.90718,0.102159
-11.3355,5.0562,0.0724934
7.9566,6.03769,0.0809869
12.3197,15.7562,0.0574798
-4.50596,12.6802,0.0853595
8.45412,3.51333,0.125152
12.7624,14.8667,0.05
-10.2538,16.4591,0.0547994
-6.45608,19.7483,0.05
2.68613,13.2582,0.0615803
-7.81486,20.2673,0.0726435
-13.1895,12.5008,0.0869215
4.60287,29.5573,0.0706828
10.5585,17.9369,0.0742659
-0.934671,0.139768,0.139778
13.1949,13.1024,0.0687026
-8.19486,29.6443,0.05
-12.5004,17.9039,0.0617044
1.02206,22.6052,0.0518623
11.7477,28.9567,0.0627553
3.5221,11.6809,0.0821776
-7.93011,2.29849,0.0683625
11.5681,13.2027,0.0617637
-2.10697,12.1171,0.0558516
9.1809,13.0666,0.0590004
10.8506,21.9804,0.0600308
-5.97311,2.61016,0.0948437
5.73167,0.328669,0.0506024
-14.8571,20.802,0.0814895
-6.83524,12.8946,0.0688469
-5.69086,7.63948,0.0959446
5.3827,0.288579,0.101646
3.58273,12.1059,0.0638319
14.0445,17.0902,0.0630335
1.13975,27.3565,0.0512748
-11.0856,25.3597,0.0506103
4.14117,19.4977,0.0579531
14.3604,0.844405,0.104573
-13.2977,6.39836,0.0672961
5.84744,28.6483,0.10286
-8.90132,20.4988,0.0545894
-12.3305,24.3869,0.104455
1.10588,16.0345,0.0938999
-3.44256,7.84481,0.109253
-3.45904,2.18305,0.0576079
4.82805,28.994,0.0679885
3.7515,11.8678,0.0694643
5.81276,22.2141,0.0850398
2.06318,13.1598,0.112144
-8.98745,10.3525,0.05
6.13045,21.3733,0.0735335
-13.5822,7.44222,0.0908319
7.14738,16.488,0.0535443
-7.19458,5.06603,0.0679581
-13.9535,0.746153,0.0837573
-12.8495,11.6128,0.0651683
-8.54859,14.6232,0.0922788
-2.12981,16.4046,0.0768415
-13.3161,21.4777,0.0812414
-1.57217,3.04702,0.0924846
-13.2065,26.942,0.126419
-12.9788,25.8073,0.0790759
-3.93728,16.3001,0.05
-11.378,19.0226,0.0858738
9.8725,22.2071,0.0709262
3.85461,19.6308,0.106851
-4.88186,25.9134,0.0530014
-9.03533,2.48174,0.0686462
13.8998,26.4194,0.0710815
-7.46945,0.984008,0.0724934
-5.07917,13.4601,0.05
-14.2456,19.3061,0.0744449
-11.6486,24.9685,0.0590906
1.35612,12.8584,0.0918462
-1.75266,27.3547,0.095714
1.3953,10.0659,0.0709692
-4.0249,12.5033,0.0698914
3.51321,9.83059,0.100244
0.136383,17.1167,0.0643746
1.55942,3.2288,0.111722
-13.1904,0.826143,0.0614349
-0.845391,22.7158,0.115445
5.06266,3.88633,0.0981918
-5.31689,22.5461,0.10443
3.43268,3.00418,0.0763155
-10.826,12.6049,0.0777386
-0.472514,25.6599,0.05
-13.7947,20.7255,0.13653
-10.8506,25.0129,0.0578921
-6.95211,6.8743,0.05
5.93924,3.45284,0.0838132
11.337,25.1814,0.0603847
3.24881,1.35181,0.0688172
-12.1647,24.767,0.0769412
-0.836803,20.0334,0.104633
-13.4008,21.3429,0.077923
12.356,2.27991,0.111238
-14.6476,26.5994,0.066517
-13.9676,4.69604,0.06465
1.40014,9.10925,0.0722518
-12.0027,7.9971,0.101222
-0.90292,21.8922,0.100791
-9.51478,4.19987,0.0909749
-7.20996,11.5759,0.0654256
-1.39717,27.8994,0.0680591
12.5722,8.62872,0.120638
-11.6893,18.5251,0.0676278
5.04727,20.3685,0.05
1.79792,29.8968,0.0789777
11.1613,8.38686,0.0505355
4.82761,2.77478,0.0756753
-14.3351,6.79212,0.0976112
-14.7204,25.5618,0.0639873
-14.7639,26.696,0.0846228
-12.2945,11.6134,0.05
6.84813,26.0319,0.0588941
-9.34591,10.1289,0.0624059
11.1499,10.4025,0.110365
9.81384,12.8156,0.0830185
13.3347,18.2039,0.0679864
-6.69605,5.93682,0.05
0.109219,7.01753,0.0831734
-0.778754,11.2319,0.0983577
12.3671,23.4344,0.0600007
-0.3027,16.8301,0.0767431
0.61992,11.7322,0.05
1.96169,0.441332,0.097216
12.6559,21.4749,0.0556616
-3.90483,22.9899,0.12294
-3.05619,23.2679,0.088942
-8.06394,14.8155,0.0607769
0.671744,28.1279,0.0924713
11.8834,18.5492,0.0707756
11.1487,20.1045,0.118196
-8.8661,13.0491,0.0869592
-1.52395,19.8454,0.05
-8.71956,20.8181,0.05
-9.46361,17.3467,0.0657081
8.56369,25.2488,0.05
2.86301,3.07088,0.101977
-13.9882,26.8441,0.0540617
-5.3611,10.6871,0.107184
-9.74,16.1874,0.102166
4.34311,6.0419,0.0749218
3.49104,12.5969,0.0574996
-13.7857,10.894,0.05
-2.17494,7.59661,0.05
-11.94,17.2415,0.0899225
2.57211,19.8488,0.0765462
6.82266,9.98411,0.0652759
-6.12844,24.8303,0.0783874
-5.68389,29.4072,0.0698996
-5.31864,8.2901,0.0619823
-12.855,21.7069,0.0700362
-13.5296,5.08494,0.05
6.7576,16.7732,0.118266
2.81002,20.3922,0.0555022
10.5467,7.90428,0.0925243
14.4841,26.6153,0.100568
14.9421,21.9862,0.0579178
14.6345,15.3111,0.05
-6.99009,21.15,0.072128
-14.17,23.7909,0.05
-11.4871,20.4075,0.0750122
-13.0093,16.5038,0.106819
0.717566,24.588,0.0539992
-3.9612,18.0746,0.101195
-9.68559,17.9286,0.05
-13.2753,2.78961,0.0677697
-9.10622,7.44141,0.0854568
12.0323,1.2593,0.119254
-12.2081,9.59504,0.096012
-13.014,0.926488,0.080838
-8.01515,19.1065,0.0863447
-14.9481,19.9258,0.0519261
-12.6998,13.1129,0.0570316
-1.6507,25.6482,0.0917319
-3.90347,15.085,0.05
7.47684,17.0556,0.0885187
8.53505,12.8622,0.082423
13.2007,11.2,0.0934017
11.9915,24.5671,0.101177
7.79996,20.8561,0.132237
7.49022,4.4265,0.105699
-3.78353,8.71178,0.106926
-6.62087,2.89349,0.123677
11.0253,12.4026,0.0807219
14.539,15.6865,0.0638403
12.4553,8.46572,0.0799679
3.47553,17.939,0.0617343
6.42596,16.9074,0.05
10.2992,28.5922,0.05
1.09666,21.3565,0.05
1.12551,24.0228,0.0802729
2.29598,12.6629,0.05
-10.5915,18.1206,0.102019
4.52817,12.4515,0.107338
-4.24785,27.5356,0.05
2.46355,28.1081,0.05
9.73364,22.197,0.0683051
-9.0132,0.427471,0.102894
-13.0351,1.20614,0.094951
-13.1343,7.80154,0.0528325
4.62349,28.7569,0.0909969
-2.77702,11.8942,0.0964132
-10.982,26.7937,0.05
0.144846,8.83106,0.0598106
-9.61761,11.5886,0.0828649
11.5955,18.3909,0.0781358
-8.93609,20.2247,0.0695828
-0.812322,2.12757,0.104172
11.6659,27.0609,0.100281
-0.864905,14.8106,0.0528304
-2.03371,12.2561,0.0883198
-14.937,6.5423,0.0629695
-5.82818,26.905,0.0655828
-10.2085,25.99,0.067386
-4.96312,26.8176,0.0918612
13.9803,7.66301,0.0963048
-14.4926,10.6223,0.109243
-6.88329,12.5161,0.05
-11.8273,6.76771,0.107204
-3.07942,2.8913,0.0861754
13.8599,5.67365,0.0618829
-9.64522,22.3817,0.0802211
4.57572,6.73136,0.0951759
11.7971,8.02355,0.0874622
-12.6624,1.80737,0.05
-9.41082,8.64923,0.11684
8.65941,11.6691,0.0668924
-3.23031,26.2796,0.080472
-13.2211,16.6262,0.12837
11.1421,26.3358,0.0933896
3.03844,19.8863,0.0744188
11.7559,28.3301,0.05
-2.04823,5.10467,0.0713791
12.0256,15.1027,0.0691767
10.8291,17.7637,0.112434
-12.1564,7.5783,0.05
-0.452455,27.7385,0.0999841
-4.70035,24.5404,0.116859
1.74006,28.5022,0.0634107
-4.48423,29.0598,0.0601412
5.16993,5.62653,0.0692143
10.8513,12.5844,0.0786571
1.19056,19.3155,0.0801669
7.19503,27.2802,0.07949
-13.8972,21.5855,0.0626237
8.5649,4.11834,0.0863306
4.24165,4.90335,0.0764488
0.198704,11.0632,0.0642597
10.3012,5.3609,0.0684676
-5.92312,26.1594,0.0551092
-9.35756,22.8828,0.083334
-6.6291,26.6445,0.0780251
-5.363,16.2819,0.0854654
13.6508,17.9171,0.113511
4.65287,29.985,0.05
-5.26167,2.48883,0.0596564
7.2226,21.4875,0.0630101
-2.41269,13.3646,0.0537867
7.5194,18.9924,0.0585777
-12.9753,19.7984,0.0566724
0.00697882,22.7615,0.0544419
-13.4705,11.7324,0.0660619
-1.29507,4.00792,0.0664695
1.36214,1.67244,0.0712474
2.69874,14.6756,0.0958278
-3.37476,7.68185,0.0672505
-5.1869,9.68233,0.0677215
5.63848,24.5985,0.063603
12.404,5.72047,0.10841
-9.92821,6.76265,0.0669715
5.43855,0.989913,0.0987268
-8.15811,9.72642,0.0964154
-14.9082,25.8198,0.0789309
8.98446,1.84664,0.0977619
12.7125,16.0427,0.0543225
-7.74337,22.3677,0.0808736
-4.74251,18.0114,0.05
-4.73274,14.3683,0.0539618
14.7388,18.0936,0.13698
6.60249,11.2473,0.135321
12.3452,22.5557,0.0924341
13.99,19.2221,0.0719942
-10.983,17.6994,0.0545914
-1.27043,6.89632,0.05
-5.90994,24.4525,0.0583938
7.9994,24.1508,0.113365
4.28495,18.6564,0.0649464
4.5732,23.5816,0.05
-9.2683,27.6605,0.062915
8.08948,11.7765,0.0533498
0.0640564,24.6186,0.05
-8.30403,26.6322,0.0673823
-1.69728,17.4324,0.119203
-2.98941,28.2042,0.127053
-14.3668,24.7205,0.05
5.67789,2.69446,0.066808
-7.71412,6.01056,0.0776914
-5.99205,23.5679,0.0794377
1.41682,27.7088,0.108323
13.1749,3.78078,0.116344
9.79422,29.9952,0.100737
-14.3556,0.661634,0.0697306
11.6572,29.4568,0.0904512
3.45918,16.4376,0.0578862
14.7647,2.03355,0.0777889
-9.69703,14.4014,0.0517774
10.0282,26.3221,0.104189
6.45529,1.5346,0.0530032
-14.7871,14.9328,0.0938381
0.302551,5.28689,0.0667291
4.27484,12.6232,0.118441
12.3655,23.0358,0.0969149
-14.2687,22.8919,0.139281
-1.10847,20.1824,0.0920041
7.97115,10.2442,0.05
6.17588,16.1183,0.0527751
-5.43978,4.67245,0.05
-1.02084,20.3054,0.059068
-8.65543,1.9537,0.0734084
-0.434135,29.8706,0.0722989
6.65648,29.1626,0.0965097
13.6076,0.0912141,0.0912301
10.9648,24.5367,0.121242
1.14449,0.061583,0.0615841
3.86667,1.30636,0.0999601
-7.81061,13.0135,0.123
-1.31809,25.0536,0.105162
11.5015,12.919,0.0848312
-2.64254,21.2676,0.0547115
-4.14263,2.3972,0.0859512
-4.81202,3.1738,0.05
12.0175,11.6889,0.103286
-14.6206,10.3099,0.096292
-8.35776,20.1661,0.0700934
9.92926,10.8886,0.0782856
-5.94987,1.38088,0.0957147
-3.15825,19.0651,0.0714462
8.90456,5.8078,0.0575728
8.3286,14.0538,0.0728363
12.4697,15.2244,0.0904887
-0.412666,24.7303,0.138612
8.91404,29.5879,0.0705319
0.435216,18.0978,0.0724897
10.5442,3.59958,0.110057
-5.23918,20.5159,0.0579588
-3.79494,26.4057,0.0726612
2.33282,18.439,0.0851503
10.6339,24.4817,0.0947997
-3.46728,17.2309,0.0774172
-11.0768,8.33748,0.0622149
6.45908,16.4924,0.119134
-13.582,1.95443,0.05
11.8115,27.1296,0.0607223
13.2904,10.8299,0.0846142
9.36939,9.71624,0.126237
-0.548698,4.57171,0.0708275
-8.86757,6.49498,0.0978044
4.15568,5.62561,0.114867
-12.5149,5.56585,0.05
-4.95927,23.2738,0.07805
-10.588,29.6952,0.0742411
2.0961,18.2924,0.05
-3.19139,7.16551,0.0829059
1.80255,18.8174,0.108993
-8.98793,21.0657,0.0581768
1.60231,24.6404,0.0930775
13.632,2.74387,0.125644
9.79437,3.96681,0.0655647
7.47645,6.52181,0.126467
-8.20389,21.6684,0.05
0.602002,6.28976,0.081877
-11.5736,29.7096,0.0662452
-1.08042,14.8975,0.0634646
1.55323,11.9882,0.0908151
4.79115,10.5828,0.0704728
-10.6365,18.8019,0.119564
8.3399,26.9248,0.110475
10.5132,9.4169,0.0830389
-11.25,26.1425,0.0794761
14.9081,3.49826,0.0919361
4.51003,15.4219,0.135078
5.97928,23.1758,0.0806348
14.95,11.8648,0.05
-1.22252,14.508,0.0982577
-11.5296,15.6634,0.05
3.46585,27.1421,0.05
3.45149,21.2001,0.0946094
1.71049,29.6876,0.147718
8.22977,28.0878,0.0761825
-1.6541,14.6293,0.0708427
14.95,19.4614,0.05
3.94838,4.88799,0.0936263
-13.9227,3.1786,0.0715853
-14.0086,27.2177,0.0718544
-2.15955,7.07292,0.128453
5.08772,3.02094,0.0685962
-8.48743,4.09144,0.05
-5.89113,6.04994,0.0854662
9.31307,21.2643,0.07555
-13.6045,6.25799,0.0930377
-10.5287,25.8026,0.061385
-6.48936,12.836,0.0754071
10.6808,8.4287,0.0699525
10.293,20.8463,0.0662688
0.559483,9.8293,0.0830269
7.95485,27.8802,0.0921451
-1.96878,2.14557,0.0593368
12.1475,5.38492,0.073658
-9.86538,9.05323,0.0972946
-7.89427,11.8323,0.0624715
3.81595,10.9188,0.0616275
-11.9273,5.47055,0.05
5.21185,14.2445,0.101984
-10.7507,5.79182,0.110149
5.6533,23.9351,0.101037
-2.77612,29.7325,0.0662607
7.52743,25.8799,0.084286
7.00302,4.2859,0.102909
-6.46873,2.58226,0.0901893
-1.59253,2.87314,0.0825875
-13.6116,3.57753,0.0805549
-11.2515,24.1103,0.05
-1.98785,18.4222,0.0771184
-1.08446,14.2081,0.05
-12.3457,27.5765,0.0741757
9.0863,13.2952,0.069428
-7.96071,11.1103,0.0618593
9.19898,28.629,0.0878341
-4.83494,27.3708,0.0679748
10.3243,3.30397,0.0852631
-4.79872,25.0362,0.0538661
7.87934,19.3378,0.0697357
-11.3277,5.87783,0.05
-13.1708,22.0153,0.0891232
7.36924,8.80485,0.0692186
-11.1301,27.2953,0.0926526
10.4482,9.57709,0.077664
6.54084,13.5853,0.05
-6.32676,14.4,0.113708
7.74462,4.39765,0.112698
-0.55591,5.03365,0.0678195
-8.12597,0.0499825,0.05
-1.83549,27.0514,0.0882993
1.64684,1.4728,0.0766064
6.04213,19.5567,0.0899113
5.78844,10.6643,0.0655118
7.95789,22.5151,0.05
6.93347,9.85873,0.102054
-0.294583,29.1955,0.0719565
1.2802,24.0287,0.0744663
1.80601,23.4483,0.0869657
9.88936,13.4493,0.0867725
-8.26168,2.39742,0.105583
-4.92437,10.873,0.0610242
-10.9104,17.7747,0.05
8.47244,24.3513,0.05
14.6164,26.9713,0.111222
0.918757,23.7306,0.0718615
-0.599962,8.53148,0.0782629
5.86371,17.3327,0.0767065
-3.65047,10.1928,0.0669836
-14.2759,20.248,0.117122
-3.27785,25.091,0.0522786
14.181,13.8479,0.119933
-12.9339,7.74775,0.0654538
13.2148,7.28516,0.0817618
-0.4375,22.6931,0.0938637
-8.23048,9.21746,0.068649
-9.1006,13.2143,0.0947758
-3.96723,23.1855,0.0824458
-11.7385,19.6084,0.0827121
-0.548303,19.5595,0.109426
9.33225,19.2877,0.0845463
10.3625,2.53344,0.0848325
-6.42143,9.68739,0.0981592
2.61266,1.25736,0.05
0.820823,3.91592,0.0622393
-4.49099,12.1281,0.05
14.784,1.16911,0.0634062
-3.59313,6.58773,0.05
5.60363,19.1123,0.0792602
-13.9521,23.8469,0.05
2.6849,12.1005,0.0897312
-7.17741,9.3558,0.0890822
-6.06079,23.264,0.103868
5.40412,17.7745,0.0805847
8.72931,10.3085,0.05
-13.8539,21.4797,0.051644
12.3324,14.6326,0.0768099
-0.0595326,15.605,0.05
-13.6154,2.62027,0.0857509
13.065,12.103,0.0769137
10.2682,2.90226,0.0887975
6.11236,25.7537,0.0673408
12.2058,25.8248,0.0877284
11.4983,18.0328,0.05
5.7549,24.3252,0.10386
4.72263,4.24055,0.108099
2.3441,23.8558,0.05
-0.403207,4.10345,0.0722123
-9.14756,4.36506,0.0726655
4.77094,6.94644,0.0964196
3.13426,25.8493,0.0730998
4.34853,13.2187,0.11761
10.2435,2.46995,0.05
-9.18069,9.45881,0.0573686
-6.63854,12.0685,0.0551314
-13.1674,14.2978,0.078025
-4.41818,17.051,0.0988105
1.18495,6.8823,0.0636824
14.066,9.41585,0.111267
-2.28651,23.8807,0.05
3.96985,0.229429,0.0625377
8.7165,20.1753,0.05
-13.543,11.4903,0.133006
10.4912,14.3471,0.0584943
10.8648,20.4745,0.05
-3.84098,13.9758,0.106983
-0.169051,14.2202,0.0875704
-6.51464,5.8996,0.0744734
13.4848,10.1224,0.0838151
0.746233,19.3205,0.053741
14.3376,7.22934,0.0557586
5.03999,6.13662,0.112909
3.93982,2.89719,0.0683243
3.79618,13.2756,0.0970798
-12.2761,27.7224,0.0875418
-8.5764,7.59295,0.05
4.91634,24.6347,0.0793867
12.0525,22.8231,0.0861183
9.81855,15.3369,0.0591976
3.12391,20.5587,0.0742294
7.70848,16.1934,0.0940369
8.7213,7.23839,0.0788433
-13.815,24.3028,0.05
-9.39936,20.6416,0.1079
0.308026,10.688,0.0657098
12.0923,16.5475,0.126447
-2.31368,5.37345,0.0997423
5.70364,21.3569,0.0925881
-11.2839,11.6592,0.0714824
-3.00773,5.29508,0.0710952
6.56264,8.8106,0.05
10.0909,24.7593,0.0887455
7.41322,5.2582,0.05
-7.86168,23.4886,0.0836191
-1.99372,2.65664,0.0937674
-10.254,22.0895,0.0740145
11.4708,8.95664,0.05
-3.65883,21.694,0.0654954
-6.18557,28.1649,0.0709468
-6.28623,19.3988,0.0800486
-7.14462,0.691356,0.0967546
-9.9517,7.78457,0.102307
0.542313,4.13057,0.0975598
8.55815,0.9854,0.05
-11.1853,11.8073,0.106379
-1.43858,18.4888,0.0562844
-5.68618,21.2919,0.084944
-10.0366,20.4105,0.0728458
3.24575,5.64195,0.0584187
-8.68706,24.7318,0.0999885
12.8533,13.7846,0.0530045
10.6437,20.5931,0.081249
-6.62789,8.06757,0.05
5.61161,6.80648,0.05
-2.34552,15.0621,0.05
-6.65799,14.6402,0.0997826
0.523387,26.0334,0.105066
-12.0744,28.3041,0.0735802
9.58672,23.7689,0.0883344
10.5841,10.1784,0.05
11.8397,10.617,0.05
6.75348,19.4516,0.0821526
2.31135,22.1692,0.0976217
-12.7054,1.02787,0.0779395
-5.23181,28.4954,0.0913487
2.20742,29.2664,0.0759496
-11.9352,15.3921,0.0681393
0.885937,1.03891,0.106542
-1.94001,6.74483,0.109391
13.9962,1.57237,0.111221
4.9989,24.535,0.05
9.93178,21.1109,0.05
6.20597,27.7639,0.0868174
-10.1448,9.50563,0.0648684
-8.03889,28.6079,0.05
-6.27879,17.057,0.0722439
11.564,1.82016,0.0933024
-0.206957,10.2302,0.068545
-3.13925,29.9962,0.106629
5.32876,28.5797,0.0564933
-7.8601,16.5893,0.05
-12.253,7.55276,0.05
12.8551,9.78266,0.05
-1.06671,10.8813,0.0956074
8.74039,2.8391,0.067724
-0.991557,0.822831,0.0708672
4.43309,22.4647,0.0933719
-10.5546,25.4408,0.0830115
8.65109,7.66991,0.0688821
-11.6944,19.3582,0.05
-4.26086,26.4057,0.114029
-6.40252,5.19096,0.0641721
5.99249,6.93458,0.0963873
-4.63435,12.9125,0.0952007
-14.6196,8.10526,0.0642333
-6.70771,27.0736,0.0514811
-6.6618,7.84811,0.0920888
14.3225,24.1707,0.12105
10.8222,10.4495,0.0850272
-6.73572,1.97171,0.0623721
14.9249,21.8543,0.0750607
-5.72874,4.99995,0.05
4.83971,15.8987,0.0876431
-12.0361,28.067,0.0500683
-4.63009,12.1828,0.0994661
-14.6147,16.4873,0.05
3.50532,10.4302,0.100412
6.43101,13.6255,0.0573424
-0.549571,2.05318,0.0931841
-10.5812,28.8499,0.0558333
-12.1869,3.13514,0.0791914
9.34264,10.7862,0.0808837
5.81981,16.1219,0.091294
6.82179,8.01555,0.169216
9.13815,24.1342,0.0511188
-7.18115,3.30142,0.0538227
7.50949,6.69515,0.05
12.3199,14.7971,0.0881981
10.6261,25.6696,0.0958536
-9.43877,6.2059,0.0747953
-5.27258,15.1215,0.0945214
-12.3607,8.65313,0.05
-4.27847,7.11721,0.0874676
-11.0061,2.40855,0.0593952
-11.5471,28.6115,0.110932
-10.2723,23.5425,0.0943773
-2.02005,1.88066,0.0753769
8.63166,6.57732,0.05
11.8631,24.9778,0.0619896
1.08099,12.1154,0.0733128
10.861,8.73454,0.0609673
-6.60721,28.3265,0.0655009
7.06044,7.49241,0.0917519
-12.9044,6.4066,0.0572549
2.45735,14.4752,0.0585922
2.63414,20.7902,0.05
2.71534,16.7593,0.0528103
-4.77984,5.01482,0.079311
6.89849,4.14375,0.0735389
8.98888,8.59971,0.05
-9.96533,3.79003,0.0877494
-13.5264,20.9861,0.0818471
-5.2635,5.14681,0.102256
-0.467385,3.18921,0.107354
9.85568,12.5044,0.0958904
9.42409,25.4306,0.05
10.7848,15.8708,0.0677603
14.1597,8.96098,0.0948872
0.407497,18.8699,0.05
13.7326,11.8803,0.0972001
-2.66998,6.45463,0.0582192
-8.62833,23.5979,0.0786367
13.3806,3.10992,0.0634854
-9.40601,3.64158,0.0593805
10.1664,11.0752,0.0966235
11.7219,13.5097,0.0729019
-5.13663,15.0186,0.0759399
4.36374,4.48478,0.0599494
-4.57,26.2153,0.0648687
11.0441,10.2202,0.0801637
-0.554612,14.4144,0.0842374
-8.86178,7.471,0.104715
4.44481,1.79755,0.0548443
-7.89272,5.41259,0.115737
-5.56836,22.7369,0.0740314
1.26962,10.5603,0.0807045
-4.2408,28.6597,0.111516
10.679,18.0079,0.0656094
-3.76797,24.3449,0.0657939
-11.9441,26.4279,0.0690592
2.5385,21.8518,0.0703556
6.52197,28.368,0.05
-0.359193,12.8286,0.0907456
-8.33422,22.979,0.0822236
4.51756,5.96176,0.110177
-8.49025,19.3345,0.085494
0.492425,11.0088,0.0879031
11.2029,17.2012,0.117277
10.7551,23.7823,0.05
5.19871,2.22473,0.0843709
4.16758,16.892,0.0974843
5.13437,28.0602,0.0900781
11.5066,13.6726,0.071076
-0.510957,27.4651,0.0811552
4.79384,24.2029,0.0789327
-3.39721,6.0737,0.05
-0.93019,15.2034,0.0807952
-11.068,11.1759,0.111376
3.27144,27.7592,0.0707723
7.44093,24.3187,0.0623932
0.0462147,17.5763,0.0887836
-7.81823,14.5225,0.0871582
-11.1205,9.37466,0.0566303
-14.2532,23.4607,0.05
14.6162,22.7096,0.05
5.55993,19.2727,0.0571302
-10.5558,15.3877,0.0767106
5.61775,0.377851,0.05
4.42391,29.9406,0.0733729
4.65029,12.3189,0.0728753
-6.76002,25.6148,0.0804714
7.93709,22.0362,0.05
-12.7213,8.19175,0.129843
-12.8911,25.547,0.0925265
12.6407,23.6671,0.129922
-4.01197,7.42011,0.111951
-8.47164,2.21219,0.0710648
-13.7197,26.908,0.0671235
-6.47001,14.1938,0.0660327
-0.263233,13.6334,0.0776424
-4.23145,23.5038,0.0998961
2.6308,16.1539,0.0525941
-3.81718,23.7465,0.0596408
-14.5637,15.2039,0.0844413
-2.01007,1.7557,0.05
-6.56656,22.7409,0.0541666
-13.0767,4.28688,0.05
-5.27608,26.0488,0.0638717
-2.50345,22.8675,0.0580074
-2.45258,5.92702,0.0760416
-6.87597,10.0308,0.05
4.1526,16.5908,0.05
-4.91568,29.566,0.0956058
-12.7572,19.6324,0.0877804
-10.7383,26.9765,0.0732635
-0.96667,16.7588,0.0881988
1.08834,26.1204,0.0724093
-11.113,8.48904,0.0936149
-5.94787,2.4627,0.0547683
-4.03981,18.3095,0.093844
1.56054,21.056,0.097796
10.1892,25.046,0.083159
-9.02503,17.6316,0.101968
2.73508,11.2329,0.0603182
-12.0068,24.8667,0.094177
-4.33714,16.5124,0.101512
14.4819,24.0964,0.0547902
14.5413,29.295,0.0577742
8.02638,14.0874,0.116094
8.5233,9.58257,0.106182
14.6772,29.3183,0.0800602
-6.17202,18.3135,0.107742
6.44911,19.2251,0.0766556
5.31757,20.548,0.0622429
0.629992,21.4313,0.0830047
-14.0835,28.147,0.0694665
-11.297,19.155,0.0693119
-1.46079,3.81633,0.05
-8.48278,4.72731,0.0710723
9.97782,14.9045,0.0637678
-9.9653,18.5141,0.0945865
-0.820001,14.2135,0.0673544
3.71707,0.0868834,0.0869045
10.3136,20.6963,0.0852069
-11.1328,27.5066,0.0538538
10.1898,12.3224,0.115454
-1.5376,28.1504,0.0554887
2.72704,13.972,0.106328
-10.6728,26.8721,0.05
8.59233,5.21052,0.0898363
4.57968,17.459,0.0503866
-4.91402,29.7177,0.0550159
2.84121,7.00853,0.0900989
-14.1416,26.878,0.102998
2.87005,11.4452,0.0574153
-10.4186,11.793,0.0895689
13.6625,0.986312,0.0683017
-13.6634,26.4046,0.0688937
3.86218,21.6765,0.125216
13.7179,17.7151,0.0993703
14.6314,15.1508,0.110288
10.2898,28.0977,0.05
7.03823,10.8863,0.0569544
-11.451,17.7543,0.109133
2.85797,6.11891,0.105227
10.7385,23.6802,0.0534028
-2.74525,0.21421,0.115323
-2.42617,8.34888,0.0778186
-5.65235,15.5468,0.0554813
-0.945025,14.6229,0.05
-0.186339,8.68942,0.0731477
13.3896,8.02108,0.08416
6.3046,24.1105,0.05
4.45175,9.00737,0.0932885
-8.30113,24.8056,0.0899012
-11.2539,18.6944,0.114584
13.7183,17.1189,0.0958475
-8.23323,28.1785,0.0662593
2.24809,13.1315,0.0748898
10.7628,4.29629,0.0643214
-10.0128,16.5125,0.0845321
2.89696,15.2183,0.05
-13.6887,6.88455,0.0601722
-5.47346,14.4425,0.105176
3.61706,29.2681,0.11127
2.15296,1.14963,0.0792952
8.38358,3.91806,0.117767
8.81881,0.0643569,0.0643616
3.2742,26.4193,0.05
-7.16771,15.2602,0.0596007
8.5158,5.80179,0.115428
4.23638,22.7373,0.12374
-4.44992,27.2858,0.0913644
-9.77333,7.59072,0.0643072
-6.35441,1.43519,0.127188
-13.8194,21.7468,0.0836438
1.59098,14.872,0.0966454
-6.44733,3.72607,0.0851421
-10.7753,6.23017,0.0745254
-5.36901,26.5659,0.0747121
-11.6914,15.2026,0.0765355
10.279,7.34034,0.086221
-14.0769,24.3283,0.0913252
-8.41422,24.2952,0.10968
-12.1777,0.0499998,0.05
10.5422,11.1649,0.05
-1.91899,0.624985,0.0529917
-14.3079,21.6953,0.0558153
8.38616,19.0187,0.0635542
-6.69981,24.361,0.0620852
-7.23332,0.093411,0.0934504
4.14028,3.50289,0.0782781
-5.19586,25.7765,0.05
10.1506,0.809444,0.0588863
-4.97111,18.4037,0.05
-3.07801,7.53971,0.0709542
1.04255,20.236,0.0950273
13.9853,22.3266,0.05
5.78,7.55087,0.0769878
-3.55763,26.7215,0.0865167
-11.6433,27.2392,0.0555392
13.9056,24.0464,0.0719008
5.53569,17.2234,0.10334
0.30882,8.15575,0.0783157
12.7881,6.46897,0.05
0.971575,5.33524,0.0786763
4.97253,2.99278,0.05
9.86774,0.604945,0.0740564
-8.0223,5.96918,0.0890529
-5.54632,22.1362,0.0602306
1.47324,13.0413,0.125343
7.6925,20.6277,0.114478
7.95758,4.78316,0.0574122
-14.1348,2.83444,0.0605197
9.48885,12.6892,0.0835658
-1.87222,1.81943,0.0846428
-13.2202,22.7847,0.0528864
-12.4762,24.4382,0.05
-2.75645,7.04187,0.0709991
-8.85176,5.16908,0.05
-3.35926,4.66451,0.05
-0.941613,8.04234,0.0593714
-11.8661,2.70136,0.0944236
2.67612,3.26529,0.0762164
-2.97444,3.23312,0.0534348
-9.11573,20.6935,0.0650121
5.54363,10.1021,0.0762805
-0.894109,25.1637,0.0574402
-2.7858,28.2653,0.081233
-6.93408,24.215,0.0802693
-6.73836,24.9797,0.0698647
3.11683,11.7244,0.0605785
-13.8681,2.70482,0.064681
0.19957,19.5499,0.0592441
2.58954,10.5125,0.05
-5.36759,5.77008,0.0519473
-12.2397,17.1225,0.0654889
11.2601,27.4785,0.127148
13.7343,28.7069,0.0710672
0.16031,23.1483,0.05
-10.2005,7.80129,0.0862133
8.03129,29.225,0.0897147
-0.727798,19.8019,0.0503283
-1.80416,29.126,0.0673907
-8.9524,7.91624,0.0648107
-5.83097,6.20843,0.0759045
-9.14369,10.4453,0.0707843
-10.1267,22.4086,0.0568343
-5.74614,21.1421,0.0764042
3.54907,18.2028,0.0616378
14.95,27.5532,0.05
-6.63241,1.17569,0.05
7.82384,28.162,0.0629143
6.26188,16.2034,0.0681814
-0.899744,3.78042,0.05
-1.68202,24.0741,0.0780692
7.52576,9.07884,0.0631025
-10.376,25.8146,0.0917831
-13.4681,29.0905,0.05
-6.52916,20.3677,0.0709375
-5.81018,29.4646,0.0688288
0.727326,20.08,0.110998
-0.784881,28.5008,0.0901329
8.05594,9.20058,0.122781
-0.908199,26.6321,0.0915771
-12.7268,4.55791,0.0947093
2.57292,13.9458,0.05
-1.60987,23.7194,0.130209
-7.5565,15.8739,0.0694359
-14.4483,10.7974,0.0713172
-14.4178,21.6314,0.0657317
-8.06617,10.6733,0.0813042
12.6745,22.5155,0.128553
-1.42397,10.1968,0.0932957
7.54365,16.5109,0.0924532
9.63604,9.82005,0.0502839
10.2071,20.2584,0.0809592
-9.06819,17.8016,0.0733877
7.87454,12.8279,0.0682797
8.44997,27.3398,0.0509052
-3.0992,21.8984,0.05
12.2533,21.9289,0.0682874
-3.53,19.4031,0.0862353
5.21263,28.3513,0.05
-7.29228,14.7143,0.10116
2.86843,29.182,0.0901047
-5.76448,18.9147,0.103837
6.85126,29.1621,0.0654352
-13.0948,20.7326,0.0701577
3.67932,16.6694,0.0604471
0.160964,8.34849,0.05
-14.9496,28.6957,0.050424
10.6299,15.8664,0.087213
-1.24676,14.7804,0.05
-14.6574,3.00739,0.0823328
2.96004,13.3661,0.0794707
-9.77565,2.60166,0.0601462
0.558579,27.9848,0.0899646
-3.59275,1.36567,0.0626029
3.1408,21.1864,0.0821469
-6.53182,1.16486,0.0511605
8.55361,1.61895,0.0794368
9.29382,26.8567,0.057909
6.78312,20.3242,0.0993015
13.0802,19.8437,0.080612
-4.01149,19.6432,0.053778
-1.73309,11.8786,0.0646574
-9.4051,9.97011,0.10703
2.70148,28.4284,0.055822
5.87729,4.03887,0.0565015
-2.30088,8.05518,0.0603421
-5.0527,5.82747,0.115818
-1.33254,1.98525,0.0665548
13.1494,25.4829,0.0943068
5.06936,13.3811,0.05
11.4673,0.758135,0.088519
-11.4291,4.49597,0.139379
-12.3521,14.2229,0.095302
-12.7241,6.92411,0.05
10.6269,8.58586,0.0961975
-13.3399,13.4467,0.0573993
1.01655,18.6357,0.0928515
6.73138,7.22106,0.0675727
-6.25516,25.6605,0.0917322
1.26341,26.6131,0.124402
2.69559,14.3881,0.0817363
-12.4693,14.0955,0.0777984
-2.52864,3.18876,0.05
-5.62637,4.50742,0.05
-14.7633,18.559,0.05
14.6094,1.72765,0.0743877
-14.8704,12.5162,0.0959198
6.40778,0.805408,0.0537709
-11.8135,3.15361,0.0738167
13.5081,10.6976,0.0545894
12.3799,27.0587,0.0749533
4.5498,19.0308,0.0739743
-5.65254,6.70094,0.0572211
-3.85366,21.7594,0.134089
5.56212,8.5294,0.0610041
2.66508,19.1611,0.05
1.29308,10.3095,0.0965006
-3.23702,5.25714,0.0567662
-9.53877,22.6665,0.05
1.83581,28.8434,0.0646526
10.9964,25.3263,0.0636266
10.0425,22.6731,0.0659373
9.62924,28.9039,0.05
6.2026,3.6144,0.101941
-9.73545,26.6129,0.100017
14.9392,27.3058,0.0608128
-13.5905,20.1153,0.0958409
5.41075,5.34542,0.098755
10.8668,28.0727,0.0668143
-9.47188,25.1121,0.0756625
-13.7043,22.7861,0.0810726
-11.1729,25.0751,0.0624399
-4.29713,16.2824,0.13194
-1.17737,9.20337,0.0885864
6.7106,3.67798,0.0716487
-0.653344,15.9897,0.128718
-10.8015,13.7008,0.0551049
4.87481,7.24435,0.0708859
-9.58164,0.520155,0.0644338
-10.1041,2.51792,0.0649171
11.295,1.47564,0.05
-0.584994,17.1615,0.0898755
11.1444,23.0378,0.0529471
-0.0681849,18.4258,0.108219
-2.47356,16.8139,0.05
4.99998,5.83409,0.0803597
0.870966,23.8973,0.0912504
-12.4522,21.3462,0.05
-2.99682,16.7823,0.0527079
-1.28764,28.1753,0.062708
8.41914,21.609,0.0810775
14.2201,5.21815,0.0661358
-3.66839,6.82786,0.0953572
-14.0684,22.8268,0.0713961
2.1419,17.339,0.0992752
13.8225,0.903141,0.108475
10.2365,0.0835194,0.0835333
13.005,17.2596,0.0904129
12.6159,17.0772,0.0541495
-11.2086,13.4809,0.0668985
-10.712,16.2228,0.05
10.6675,23.9827,0.0663676
-9.14967,6.85994,0.0710891
-9.11905,4.92971,0.05
5.12237,7.10007,0.1209
-7.95918,7.40293,0.0611276
11.261,29.8631,0.0576995
-0.553943,4.15859,0.0882986
-7.89417,15.7854,0.10603
-12.0639,29.1343,0.0735774
-3.84911,28.5257,0.0605753
14.3277,5.31268,0.0771004
-4.71117,4.03008,0.05
13.7402,1.85641,0.063835
5.73374,13.0081,0.0698059
9.36249,13.6179,0.0859261
3.72758,20.9749,0.0785594
-3.45037,26.8059,0.05
-3.44972,8.05019,0.0962564
13.6594,13.848,0.0692826
-3.06358,8.93943,0.0934412
-3.77086,10.2347,0.0604559
12.5953,3.36642,0.0650259
-8.14158,9.35991,0.0992656
0.377699,29.8856,0.0794651
-2.25575,14.0831,0.117647
10.6028,29.2797,0.05
13.5849,12.6246,0.0758797
9.24438,13.309,0.0892009
-2.15669,2.76735,0.103256
-2.62126,26.9084,0.0854183
12.6548,23.4724,0.0652661
-6.39304,15.283,0.0789772
6.76897,24.1149,0.05
1.95331,26.9229,0.0973784
4.09412,7.11834,0.05
-3.86837,14.1433,0.0626978
-8.34082,28.2852,0.0752427
1.57182,7.63799,0.0624767
7.07754,21.1584,0.0900668
-6.67672,25.7729,0.078349
-0.336479,8.36043,0.0725945
-11.5801,23.0126,0.103742
-0.195438,6.15778,0.0806562
2.34882,0.606542,0.109509
-1.50821,13.7017,0.104605
-13.4238,21.1008,0.0720698
5.34957,17.1984,0.0844603
-4.45477,22.2863,0.109467
-3.77644,6.64884,0.0714794
3.46845,15.7837,0.0565105
1.45339,27.8868,0.0733702
-14.8572,18.5247,0.05
13.3437,0.0662054,0.0662235
6.72442,15.7867,0.0531311
6.06574,5.50393,0.100364
13.8096,23.5739,0.0849894
-12.0272,5.01103,0.0958501
-2.45919,29.079,0.05
5.17427,6.24337,0.0586408
-10.3142,17.231,0.05
0.546309,1.4274,0.129995
-0.429577,20.6074,0.0640653
-13.6303,27.5634,0.05
9.6258,20.3142,0.0860032
-6.81489,27.0539,0.0574919
10.4958,13.2254,0.05
-11.3469,7.21711,0.0789983
14.1717,15.5214,0.0935631
-0.53557,26.9407,0.0861778
11.0572,0.271583,0.069223
-13.6271,12.5354,0.0750687
-2.3637,17.2401,0.104108
2.04998,0.800687,0.072687
9.27247,10.4736,0.0704642
-0.991958,28.3529,0.0659456
-0.188179,12.841,0.0807142
3.52346,3.272,0.0775819
-11.708,3.82858,0.0928457
9.88435,26.3775,0.05
13.5457,13.7697,0.05
13.1329,11.9682,0.0638971
7.46799,25.7481,0.0602703
-10.0173,27.0018,0.124298
-3.83965,11.3808,0.0619601
-10.9094,22.8823,0.0983144
0.181898,5.58072,0.0836398
4.16938,3.94023,0.0650092
-2.19149,19.0901,0.105515
-8.88355,19.5026,0.121794
12.0273,0.230522,0.0905052
7.69265,5.39327,0.0516864
-3.60272,24.3487,0.0990988
2.99754,27.2962,0.0868052
-14.1279,25.8141,0.05
-13.7422,26.7731,0.0654468
2.36707,27.1724,0.0963056
-8.55498,28.3561,0.065068
-14.7707,20.9388,0.0802263
8.59343,22.6524,0.0762109
12.6637,29.5292,0.109666
7.09229,2.50715,0.054018
5.15215,11.3109,0.0753078
-1.18787,27.3255,0.113357
-6.94911,12.6376,0.0547151
-8.70435,14.6316,0.0637044
11.7072,22.0484,0.0778682
7.15059,27.983,0.0939869
11.6206,14.3587,0.05
14.3358,20.2499,0.0737585
10.1076,18.1838,0.0510819
-1.40967,2.13943,0.105842
6.00086,20.1583,0.0990421
14.2964,14.1958,0.105603
2.25635,19.4867,0.0541937
-3.80004,15.9843,0.0968271
13.1353,23.0495,0.0676898
3.31486,9.2883,0.104405
7.77308,13.586,0.0603001
2.56567,10.0867,0.100692
11.6188,18.21,0.0955335
12.4685,7.64625,0.05
9.06461,6.4164,0.0502535
10.7436,7.87074,0.104681
-13.3596,18.7129,0.0806004
-7.98546,20.8514,0.0838638
-12.8948,1.47547,0.0992108
-8.26228,22.2627,0.0834877
-3.13114,22.0581,0.05
9.24531,0.492585,0.0699444
-11.1264,13.0987,0.0778032
-3.3813,17.1177,0.05
9.23974,2.90647,0.0897516
6.86117,27.4656,0.0756078
12.9932,24.1598,0.05
11.0438,9.61202,0.0631244
-4.86,19.3838,0.0636906
5.08622,4.0435,0.0607489
-5.57682,18.6104,0.0563604
3.7908,12.7632,0.0638168
2.41544,28.9928,0.0816057
0.309386,18.7116,0.136253
-5.98869,7.53737,0.0863466
-2.3121,0.42074,0.0772124
-5.82005,3.07464,0.05
11.1985,4.93668,0.05
14.2262,8.37654,0.0671881
14.1594,1.019,0.0691016
-8.8714,24.7868,0.0895105
14.6996,6.26146,0.0905092
-2.88422,19.8557,0.125024
10.8567,0.906485,0.121416
11.8045,8.81852,0.05
4.86226,29.8826,0.0640748
-3.43844,1.37724,0.0921441
-0.469075,23.7005,0.154631
3.37079,10.5167,0.0595354
-14.5028,29.181,0.124407
13.4569,9.07436,0.10013
10.3629,8.36825,0.0578546
9.95634,26.8583,0.05
-5.28103,4.06043,0.100862
-12.8161,15.8971,0.0670368
-7.10693,29.2883,0.105697
11.5489,15.9309,0.116916
1.18922,14.6781,0.0765764
-3.33086,8.1648,0.0688671
5.05374,10.8773,0.100073
0.885475,22.3698,0.0779277
1.61105,19.2086,0.059317
10.2963,24.9363,0.0688976
10.4287,15.072,0.0691867
5.38751,1.77687,0.097684
-9.22705,17.8154,0.0860738
-4.48621,17.4058,0.0732171
12.1084,29.5168,0.113336
4.14655,2.9435,0.0837022
7.1066,23.2362,0.063605
7.45537,10.3828,0.0863679
13.5471,21.4383,0.0600579
13.1771,11.5471,0.114685
-13.2193,15.4454,0.0938525
8.86447,5.48369,0.0822157
1.65111,15.7093,0.0888141
5.0087,22.571,0.102107
7.34788,28.0121,0.0506008
-9.21284,18.4873,0.077834
-14.3937,1.64859,0.0836344
-11.108,19.5172,0.0960405
3.46953,8.52899,0.0877449
-5.53585,10.8459,0.0733857
10.2135,26.0104,0.12034
-13.4577,12.5531,0.05
4.21377,2.57532,0.05
0.0788811,26.946,0.05
9.37812,9.94967,0.107352
8.92199,2.52106,0.0724689
11.8761,0.216375,0.0613453
-3.21413,16.127,0.05
8.5561,16.1936,0.0911877
13.9825,5.93801,0.0710868
-11.6203,13.3023,0.11344
10.2053,3.43945,0.0813883
-0.715051,28.9397,0.0774537
-14.2238,4.62949,0.0892719
-1.01369,10.0312,0.0688752
-12.508,20.4069,0.0759637
2.24065,25.5614,0.05
-13.3,23.4442,0.0800791
8.35024,14.9117,0.0695245
1.2332,26.8272,0.0917641
9.54077,27.5936,0.0767332
-3.80017,13.4151,0.0577848
10.1673,24.899,0.0653582
-2.27781,12.685,0.0856716
-3.57018,23.3185,0.05
-11.8562,22.1593,0.0717531
9.57856,21.4753,0.0634232
-6.728,29.5038,0.077686
-11.5379,18.5243,0.0837748
14.3712,21.855,0.0694829
-11.7296,22.9768,0.05
6.9707,1.6137,0.0699524
14.4293,29.3377,0.0620692
6.38569,20.4653,0.0794279
9.56718,14.6356,0.0936179
-3.78628,0.680431,0.0902028
-9.99348,7.25086,0.0793813
-3.08645,7.95296,0.0678623
8.45343,19.9838,0.0804266
-12.0615,21.7558,0.089174
-9.19724,23.7786,0.0796917
7.33417,7.46802,0.0677573
9.30855,1.9954,0.0617369
0.455179,17.178,0.100175
-14.6251,7.87468,0.0942722
-8.99015,26.6411,0.05
5.67953,24.1351,0.10063
8.14262,23.4407,0.05
1.29277,5.15506,0.05
-14.8684,8.77954,0.0808758
2.25253,14.3452,0.107962
8.50406,24.2527,0.05
-11.2178,3.35774,0.121487
-11.8036,14.0294,0.089946
-7.63004,9.34138,0.05
-3.26558,20.9374,0.0848687
-12.9494,10.4972,0.113618
-13.0949,6.62995,0.065593
-11.5386,6.52436,0.0712612
-6.65619,24.8552,0.0792715
-10.8664,24.8503,0.10542
-0.913512,12.7972,0.05
10.1097,20.3845,0.0783076
-14.9038,10.9657,0.0961278
-10.8538,28.4655,0.0564563
-6.25497,17.6863,0.083671
-7.06851,25.2075,0.105189
7.09758,17.3409,0.101807
-2.85044,17.1527,0.107507
-13.091,16.2845,0.127176
6.36347,21.4204,0.0660812
-2.37188,15.1686,0.0596471
14.0083,12.0058,0.0572331
-0.23566,16.9377,0.05
9.34794,12.1385,0.100105
13.4793,3.41924,0.05
5.80085,3.1816,0.0843829
-13.8325,16.9133,0.112529
-12.8971,21.0606,0.0540769
-10.579,1.32615,0.0759794
13.5706,17.6902,0.05
-10.4961,0.725363,0.0531897
14.7945,28.5916,0.0898
-12.3065,9.13806,0.0632623
-7.8722,14.3893,0.05
-13.0534,5.10611,0.081866
11.1377,29.0835,0.111426
9.21126,28.8619,0.05
-8.77544,20.5682,0.0891921
14.7626,2.55566,0.0598151
1.91346,7.66599,0.05
9.06175,0.879332,0.0624431
13.846,0.100835,0.100854
11.0047,1.64754,0.0564442
10.0563,26.1379,0.0820942
1.48693,2.44922,0.107385
3.66824,29.7557,0.0778201
2.71032,12.5321,0.055319
3.64145,20.1802,0.0728446
-11.3167,15.7357,0.0735728
-3.8308,12.6515,0.0706215
-3.87305,2.99206,0.110505
5.5598,26.1448,0.101078
5.52881,18.7075,0.0802577
-3.66147,8.42977,0.0844653
10.912,28.6724,0.0515518
-6.0308,25.3673,0.0610966
3.72537,7.0449,0.05
2.22961,11.7023,0.0764568
2.01899,10.0897,0.0767367
-8.65308,15.4054,0.0621295
-6.52363,24.3896,0.116392
-1.10265,10.2083,0.05
1.94262,14.2439,0.0750143
-12.06,23.7792,0.0618
9.18958,13.181,0.05
2.45104,20.5331,0.0930736
-8.77935,1.91401,0.056734
11.2917,1.7699,0.0779476
-12.9567,1.61119,0.05
-7.25993,28.0499,0.0971573
1.21327,1.88518,0.0644068
9.97224,26.4975,0.0799524
8.76477,7.103,0.0633597
-8.57492,4.90965,0.0691038
-9.0308,26.356,0.05
6.72877,18.4788,0.0926582
-8.89769,27.1627,0.0580633
12.7781,11.8467,0.111081
7.38176,15.3082,0.105102
0.312723,0.390631,0.0611295
0.0475147,9.43586,0.0656975
-6.49335,2.27107,0.0821676
11.2014,2.56177,0.0512164
14.4047,15.4232,0.102036
6.87456,19.3986,0.05
14.2735,16.9567,0.0833359
-13.9453,0.230035,0.095963
-4.11678,14.7411,0.0597555
13.4225,7.25008,0.12889
-4.64838,1.15487,0.0967703
-9.29486,18.6109,0.0705531
10.692,13.091,0.0867632
12.7734,13.5696,0.05
0.195911,28.3922,0.05
-3.2243,17.6258,0.05
-3.46347,8.98135,0.083971
-4.25767,5.60601,0.05
8.49381,14.0575,0.0924204
-9.38389,28.3408,0.0678734
-11.5761,5.47402,0.05
-10.9101,16.4451,0.0659834
-12.4495,28.6443,0.0711619
-10.7744,0.569672,0.0773111
-2.43313,4.34378,0.10986
2.31787,7.61354,0.0792549
10.5236,10.3783,0.0604317
9.46351,22.9965,0.0675693
5.86326,19.7781,0.0758262
4.10332,4.56016,0.05
7.71208,20.2815,0.102891
-0.19102,4.9903,0.0598497
-3.85078,4.63936,0.05
5.79088,0.91345,0.0559838
10.3518,3.09487,0.121171
-0.156288,4.87874,0.0559687
3.96642,27.6315,0.05
8.75303,19.1285,0.0825844
-9.9158,20.5476,0.0816292
-14.6133,26.9272,0.0564581
-12.4908,19.694,0.0534013
-11.54,3.48048,0.05
-13.9166,24.3784,0.0766521
-13.0007,2.55842,0.0641348
-11.8976,0.430153,0.05
-11.7226,25.0911,0.0840523
-14.5747,15.4672,0.0611294
3.67276,11.6229,0.0792782
-13.1681,2.25623,0.0531689
-11.0612,1.8627,0.05
-8.71694,7.41658,0.05
-2.72609,12.4596,0.0666642
-10.1951,2.82199,0.125166
-2.7851,21.5998,0.0810374
-2.51945,4.75661,0.0888253
-2.92055,13.6272,0.0897674
-5.17598,3.37655,0.0709725
-3.20015,6.43683,0.0948721
1.22352,5.40027,0.077975
0.969558,28.9585,0.115042
6.5381,13.8118,0.0526205
7.68406,1.72034,0.0793573
14.3758,22.4335,0.094513
-10.46,5.55126,0.0733053
0.56538,12.9739,0.05
-7.82439,12.312,0.0717808
-13.3591,6.52106,0.0698803
8.02259,23.6895,0.101823
-13.6089,19.4844,0.0825196
-14.3177,19.1496,0.0633926
-6.93466,25.3086,0.0625813
9.77594,19.6955,0.0932164
-13.6385,11.9015,0.0694131
6.6113,11.9444,0.0707167
-11.8179,3.93816,0.0623411
-6.82592,7.41491,0.0679159
0.0440037,15.7577,0.0533498
-0.506447,14.6889,0.0602903
-4.83803,16.0129,0.0558454
-12.4442,7.00278,0.0788936
-11.5962,4.66492,0.0983011
8.39986,17.784,0.0800591
13.4466,24.8327,0.0651452
-10.6662,7.23014,0.0715417
13.1766,3.0374,0.104514
-4.78822,20.9595,0.0586904
-2.98031,29.3167,0.0521381
-5.70079,4.35617,0.10897
3.30033,15.226,0.0841433
-7.93485,22.073,0.0860465
10.9233,17.9365,0.0844054
9.12244,21.0216,0.05
5.18715,16.7019,0.0689379
-6.1534,8.64319,0.0857975
-5.79656,19.8249,0.0812608
-13.9469,26.5684,0.0857083
9.84678,25.9929,0.116101
-11.971,27.9355,0.0966794
-13.7988,26.9944,0.05
3.99626,0.0846442,0.0846536
-9.59705,3.61456,0.0636851
1.84266,18.5592,0.0659154
-5.68612,10.2442,0.05
2.67411,17.2616,0.05
-8.98579,5.7184,0.0763089
2.79745,18.7299,0.0872907
10.5747,11.5997,0.0685785
7.06971,3.69463,0.111077
-6.14098,15.9018,0.05
-7.77587,13.1873,0.0543072
-6.55545,9.4809,0.0631094
2.34657,2.43021,0.05
-7.95589,6.96034,0.0948057
-4.75514,17.8821,0.0799213
8.71021,7.55993,0.0559774
-14.5721,28.0484,0.05
-9.82161,29.0426,0.0859605
2.74287,29.0209,0.0689424
7.38223,19.8685,0.0842385
-0.23192,8.42443,0.05
7.98837,16.9429,0.0631058
14.907,18.9694,0.0930353
-13.4686,24.8828,0.0650362
11.5797,6.95873,0.05
12.0859,22.2943,0.0998902
8.9969,26.7278,0.105304
7.45256,23.325,0.052658
3.15111,5.77307,0.103296
6.36985,29.8619,0.0912458
-8.88607,2.74126,0.05
14.3326,15.2575,0.0528764
-12.8961,11.295,0.0895416
7.446,9.37064,0.05
4.76474,24.849,0.05
12.9583,17.5994,0.0821711
-10.1556,12.3575,0.0691174
2.24244,19.3488,0.0843338
-10.74,3.79902,0.0807978
12.9693,22.5669,0.05
-6.66089,22.6452,0.0801826
-13.4955,28.7035,0.0653423
-9.46481,7.25558,0.116578
1.33617,13.6672,0.116696
12.5687,21.7871,0.0769918
6.15482,5.8876,0.0924094
11.0139,16.4491,0.110168
11.9177,26.6411,0.0603663
-6.71228,22.1013,0.05
3.35099,16.219,0.0774441
0.71374,5.68846,0.0987286
-8.15487,7.80324,0.0857534
-0.371783,20.1904,0.0542689
-7.07272,4.64947,0.0779384
9.72134,20.1748,0.0829809
-7.19367,25.5751,0.05
-14.5396,9.57592,0.0740975
-6.81491,7.80238,0.0677076
3.86863,22.2455,0.0533267
-10.6818,28.3549,0.0579552
-6.67289,1.31435,0.0944575
3.2389,26.0885,0.102282
5.25683,2.97555,0.102792
9.31426,25.1071,0.10074
2.37146,24.5437,0.05
-4.11571,15.8081,0.114619
7.72254,22.729,0.0777709
12.0692,27.5747,0.0580884
-10.4993,14.3516,0.0805015
0.526573,2.54568,0.0575541
-14.731,15.2988,0.10795
-8.64638,13.5883,0.100649
-3.59675,12.2599,0.05
4.51825,12.9174,0.093121
-1.54948,25.8641,0.0998454
-8.09236,15.8408,0.0817448
10.0168,16.0565,0.0808323
12.2013,2.06417,0.0570708
9.94771,13.6106,0.0847341
2.52831,21.2693,0.0590654
-12.2305,19.1869,0.0780662
-9.04187,9.09204,0.0710465
9.41001,11.9239,0.123231
-9.21691,12.8745,0.073616
4.35565,8.33548,0.0753184
1.82286,26.7718,0.102179
-3.93589,26.098,0.0752335
-13.5916,6.54117,0.102727
-3.71831,9.22961,0.0591001
9.92777,8.6229,0.09177
-12.2985,24.7016,0.0720155
11.3573,8.05841,0.05
12.6511,27.5791,0.0840769
11.5557,1.96322,0.05
-6.42888,29.1669,0.05
-4.27844,22.2577,0.0691513
6.6201,25.5564,0.101793
6.901,14.5144,0.0515541
12.1463,12.5254,0.0868699
0.747288,13.2287,0.0681717
4.13109,26.2602,0.0516943
-4.60431,5.43004,0.0609954
-9.60427,7.40955,0.0911581
-5.17392,0.357357,0.0522237
-11.055,9.26032,0.0750997
2.27403,24.1232,0.05
-9.03537,16.009,0.05
4.9888,3.4891,0.0535522
5.01777,18.3695,0.0613057
-10.3952,9.0607,0.0613204
12.2243,24.7695,0.0817298
12.9227,28.4211,0.0791252
11.1937,3.30734,0.0582182
-4.93104,4.9531,0.0840069
12.03,24.7776,0.112787
-3.72835,22.6096,0.0631919
-2.59701,17.6349,0.05
-8.658,28.0128,0.108744
-11.8063,5.26015,0.05
0.486076,4.43966,0.0570426
8.14247,10.552,0.108798
1.22481,5.2723,0.05
8.83448,0.210472,0.0826056
1.17134,5.53958,0.0707955
-9.84307,20.242,0.0717166
0.637058,3.03942,0.0515345
-14.569,24.0148,0.0721027
11.1689,13.315,0.05
6.84401,17.436,0.101099
-4.4991,1.7255,0.0670317
11.1464,6.05474,0.05
-9.04182,24.803,0.0723411
4.38299,4.8428,0.077319
-2.65588,8.83828,0.11137
5.30544,11.2025,0.11085
0.292716,23.9822,0.0715502
14.0043,0.53424,0.05
13.4844,1.68764,0.0828883
-4.579,0.380339,0.05
-1.15439,17.8928,0.0652389
8.05823,29.9839,0.0748313
5.1918,18.012,0.0623825
-10.7873,21.0294,0.0746418
9.88252,29.0337,0.0811235
-13.7552,13.5847,0.100056
11.7915,23.7047,0.113728
4.9974,6.49268,0.0812357
8.56535,29.7026,0.0835337
-2.03375,9.2996,0.05
-10.4085,3.29127,0.0966007
-9.52197,20.4978,0.0811095
-14.4647,9.39387,0.0695633
0.386384,6.86922,0.0663215
-11.8088,26.0927,0.057579
-1.97199,19.1829,0.132838
-13.0788,11.6614,0.0694899
11.2185,23.2459,0.0801037
12.7995,18.178,0.0943917
-13.9796,7.00958,0.0718789
-9.18502,26.3481,0.0587342
-10.7394,1.56561,0.0572742
4.17634,12.1389,0.0860664
-1.10299,0.227435,0.05
5.17569,20.6531,0.0717633
-4.87064,1.81632,0.0814353
-14.2083,8.39106,0.0723387
-1.60069,11.424,0.101996
-9.55245,10.0244,0.05
-1.15343,17.534,0.0656654
0.77764,11.4601,0.128701
14.6828,9.98772,0.0980327
0.273702,3.58392,0.0706616
4.31443,15.1724,0.0869629
-3.69085,23.3258,0.0694089
-5.24513,25.1557,0.05
-14.4744,1.92694,0.05
4.02775,17.1442,0.0821829
-8.60199,20.8827,0.0841403
-11.3588,19.6105,0.102746
12.6203,2.95337,0.05
-7.07345,6.38122,0.0898172
-11.3638,24.8088,0.0797052
-4.85473,26.6895,0.0759062
-13.0916,9.13885,0.115953
-5.41427,5.40275,0.0706753
-6.07479,17.1879,0.05
12.4265,24.3979,0.12409
-11.5365,15.8089,0.0957112
-13.2065,16.4355,0.062943
4.41476,27.1976,0.0736939
-4.89567,26.5106,0.107634
-0.0859415,19.1679,0.0993808
-2.72578,22.0917,0.115675
11.1851,26.801,0.0857773
13.6625,13.1218,0.0664368
-4.04071,5.18439,0.0857594
-11.9027,0.0499998,0.05
-8.75094,3.96306,0.0735334
-7.40805,12.1224,0.054765
4.17171,25.8937,0.0959881
4.79928,1.51136,0.100151
-13.9004,5.63229,0.106264
-14.6537,9.41774,0.120942
-1.01123,20.0518,0.0707633
6.02999,12.0344,0.05
-10.8007,27.1348,0.0968542
-3.25909,14.5004,0.0855485
4.30343,3.14631,0.0762432
12.3221,1.53052,0.05
9.41865,10.1442,0.0913042
12.067,25.3825,0.05
12.4588,12.2898,0.0785245
4.04298,9.55397,0.05
11.4882,2.77407,0.0948864
10.1004,22.7742,0.05
-7.49814,29.9842,0.12629
-14.8179,19.9278,0.0782052
-2.34112,7.86423,0.12385
-4.70025,12.0019,0.094567
-11.5321,24.7992,0.0888624
-12.8848,28.4732,0.0734113
-6.20967,3.05779,0.0895772
-12.9619,0.413883,0.0974509
13.7598,22.5126,0.0585364
-0.180357,21.2487,0.05
0.029093,23.6603,0.132165
5.97715,13.0232,0.0855574
2.14262,21.6988,0.102321
-8.56235,2.43788,0.0694523
0.252621,29.5463,0.101375
4.32904,9.71527,0.0935398
13.6308,6.82964,0.091398
5.09444,19.1976,0.0891627
-6.75845,6.3927,0.116608
4.84866,18.98,0.0729551
9.3407,18.2524,0.119541
-14.1148,18.8856,0.122976
-13.8972,19.2678,0.102039
5.95543,9.70051,0.0854899
10.1543,8.77918,0.0587972
-0.778497,13.9073,0.0852987
-12.7131,17.1786,0.0590487
-10.5593,13.802,0.0615269
-3.3842,1.5253,0.065647
6.86881,6.86555,0.1212
5.57782,20.9375,0.0585143
12.7123,15.575,0.05
-8.62213,22.9238,0.0742452
2.64753,3.66969,0.0948878
9.19434,29.1282,0.0835602
8.33878,20.8953,0.0561032
4.39978,22.0657,0.0885566
-9.04333,27.6638,0.0517951
8.33469,25.4757,0.062928
-2.64662,19.5087,0.0927909
-0.49215,25.275,0.0818725
14.3201,23.1319,0.05
14.3172,11.0447,0.0988126
8.70406,24.6156,0.05
7.26633,17.2037,0.0873372
-2.17349,23.9878,0.10569
6.50567,3.45575,0.102958
-3.62394,24.5668,0.120031
0.868835,2.77409,0.094881
9.85276,5.60167,0.0520994
12.694,2.8256,0.0550878
-7.06515,15.1697,0.062884
-0.813057,2.80567,0.060611
-9.38518,18.7297,0.0785265
-0.878327,27.0063,0.11097
-0.832293,16.6569,0.0804185
9.84748,2.7466,0.113686
3.25636,28.6148,0.0686055
5.20942,12.9747,0.106997
-0.636281,20.0066,0.0764045
-4.4167,2.64074,0.0576836
-11.5591,27.3428,0.0779034
-8.09807,9.87451,0.0633818
-14.9208,5.77326,0.0791734
-2.72674,0.0499773,0.05
11.0048,28.5716,0.0855066
0.225432,6.59176,0.0935871
-5.7526,28.9239,0.05
10.4406,28.0011,0.05
7.26065,3.72688,0.082575
2.15609,0.0518998,0.0519078
-9.81417,19.2505,0.10619
-11.4428,9.14417,0.0624955
-9.69001,12.3994,0.0700534
-9.66523,8.00916,0.0731933
-12.8267,2.25055,0.0699158
11.8242,22.4226,0.0610269
9.51189,15.49,0.05
5.01421,12.0343,0.0782022
-13.634,27.0477,0.0967133
8.94095,25.8735,0.105901
-5.85003,7.60345,0.0672516
7.29967,7.84588,0.0663755
-3.93613,2.53069,0.0633873
12.861,29.3109,0.0891443
-2.8635,13.0257,0.0795007
9.79327,11.3117,0.0585324
12.3231,7.17244,0.0569841
5.71015,6.68847,0.103738
0.992282,13.8632,0.0514627
-6.82925,18.2568,0.05
-12.641,1.66475,0.0942215
13.234,18.5387,0.0916492
-4.73022,11.2954,0.0975729
-1.0073,8.67509,0.0794096
-9.06618,17.3192,0.0822487
5.5475,7.65979,0.0569721
-2.43436,22.9505,0.05
-5.652,12.0538,0.0520025
-8.83566,0.750657,0.0726839
13.3175,1.21106,0.05
-4.4356,28.5854,0.0969486
8.18711,8.02089,0.078845
1.70781,21.3282,0.0825467
-0.933863,4.7615,0.0587413
-10.0511,11.734,0.105969
6.01027,15.7996,0.0790546
-9.64024,5.37899,0.0547052
-5.01355,17.314,0.112526
6.74989,14.0698,0.0679664
2.55994,7.95894,0.0668005
-4.25625,4.9407,0.05
10.8562,2.21844,0.126361
-12.5465,1.95389,0.0617993
-10.8319,25.6041,0.0585198
-6.9935,1.0444,0.0927118
-14.5699,18.0939,0.0794657
-2.49514,10.783,0.0941857
-4.65423,4.84902,0.0770824
-6.74676,28.2926,0.05
7.80129,9.40625,0.0603459
-3.41188,0.261615,0.0598538
-13.2503,13.9208,0.05
0.122169,2.11796,0.106889
-14.8607,16.6213,0.0850103
-6.81079,14.7903,0.114404
14.4372,9.60775,0.05
-13.1536,15.2966,0.0687267
-2.11408,16.7605,0.059207
9.75382,29.0964,0.062027
12.088,6.48506,0.132367
8.09284,9.5045,0.0642567
10.5957,20.3291,0.0782994
8.79218,11.6209,0.0734917
3.32186,13.8074,0.0891035
-2.48945,1.37532,0.0639636
0.546922,12.1224,0.0885132
-13.0275,10.6814,0.0864088
11.2449,6.61512,0.122238
3.44973,27.3447,0.0579571
8.89115,8.84033,0.084764
6.11685,3.43111,0.0951317
14.6079,14.5716,0.0616946
-13.8934,22.2489,0.05
-4.57204,4.51915,0.0741302
-11.6359,21.5393,0.078817
4.62589,22.6946,0.0816918
-12.5957,10.8891,0.05
-5.69458,14.2178,0.05
4.66446,20.6654,0.0846504
5.71219,23.3506,0.0796774
4.72443,3.81189,0.0859312
-8.34718,9.19585,0.05
-3.25462,27.7678,0.113111
8.42779,1.73016,0.087525
13.2751,26.498,0.0892916
-0.0685897,13.5987,0.0864961
-3.83044,26.1818,0.0594977
-13.9178,22.8574,0.0822647
13.4606,2.09166,0.0701515
-5.40882,20.9564,0.0828169
11.4542,22.4073,0.0763364
-7.67366,12.3406,0.0816501
-0.856054,26.775,0.05
-8.03087,1.47832,0.102527
9.01362,25.131,0.05
8.94366,14.2055,0.0614312
9.52661,4.50404,0.06547
-10.338,14.1404,0.0706603
-4.59208,20.0172,0.0590676
6.76937,19.2651,0.105017
13.4813,12.467,0.05
14.2225,16.1914,0.0961159
7.16471,11.8167,0.0622108
4.9425,4.79414,0.0976988
-3.79155,29.6386,0.0614951
-8.66683,13.2988,0.0621441
-0.618966,28.464,0.0798144
-7.33763,4.97727,0.05
-1.79705,12.4833,0.102894
-1.01757,3.53356,0.0757953
9.77878,0.745602,0.0924029
3.93493,5.64602,0.102591
5.26819,26.2859,0.0683945
-1.7654,28.9425,0.120137
3.04965,0.364309,0.0814467
13.9126,0.33404,0.05
8.50575,28.1983,0.05
9.96789,19.9393,0.0770092
-3.47071,16.2978,0.057839
-4.45157,0.947973,0.0787223
-1.78093,6.73487,0.05
3.27735,29.7082,0.100002
-12.2288,18.0406,0.0950352
-11.3806,7.02472,0.116327
-12.5891,2.17098,0.05
3.4589,4.5025,0.0780905
-8.96668,24.2212,0.0591961
1.78267,2.09302,0.110086
10.1103,26.5831,0.0797045
-12.1265,2.16119,0.0719676
9.87428,3.49188,0.0654672
-14.0054,22.5932,0.0529751
12.4679,21.0577,0.0752389
-1.72285,19.3838,0.106039
11.6809,28.6964,0.0746285
-14.9121,14.8008,0.0879127
8.33176,22.2784,0.05
-3.91972,26.5499,0.0691162
-12.7795,18.3955,0.0880384
-0.727321,14.4061,0.0886677
1.82135,10.0868,0.120925
6.31545,15.5211,0.071563
1.97782,16.4546,0.0906174
-2.35315,14.9179,0.0944242
12.0301,0.0700135,0.0700313
-7.01481,0.308573,0.0754585
8.7665,4.81101,0.11662
5.64558,28.3707,0.121309
12.0981,13.4918,0.101715
4.0637,27.6547,0.05
12.3703,29.2916,0.0697222
4.92592,9.2002,0.0699938
-6.12351,1.49252,0.110751
3.59828,24.5174,0.05
14.0185,29.1598,0.0711377
9.16572,4.59266,0.05
-0.115014,20.0331,0.0664615
10.9627,10.36,0.0815885
14.8714,2.40183,0.128605
3.60786,7.23192,0.05
-8.68119,19.3274,0.105578
-6.2245,29.0423,0.0702188
-7.42862,24.743,0.0851247
3.99108,25.2699,0.141604
9.67061,15.4883,0.0557853
8.73527,20.8668,0.05
-12.5069,19.8594,0.112795
1.47051,25.1163,0.0829514
13.5289,24.7336,0.05
-1.11768,6.14345,0.05
-7.70366,29.807,0.05
11.7082,13.909,0.0713077
-6.22025,28.7651,0.05
-4.87854,19.1535,0.0593792
5.96978,19.2818,0.05
-12.1366,15.264,0.071826
-4.9339,23.6276,0.05
-10.3874,26.4249,0.05
-9.44226,7.04042,0.0997612
2.17416,10.148,0.0890443
11.474,26.9944,0.102814
-1.59841,27.8159,0.0732336
-12.1724,19.6082,0.0528943
13.8465,19.0944,0.0554396
-11.8155,11.977,0.0727113
-2.69167,25.8785,0.107835
-8.82635,21.7013,0.05
9.35126,14.8993,0.0738506
14.7878,7.18562,0.109053
-4.66287,21.9782,0.0871475
-12.4971,0.159843,0.060773
4.39432,26.1549,0.0997068
-2.52923,26.5091,0.05
11.8376,11.7974,0.0933344
-12.2564,14.8808,0.0957669
-8.67598,3.56039,0.0567164
-5.3304,11.7391,0.0953028
0.256903,6.94252,0.0824687
-6.67823,23.7175,0.0916513
-11.8277,7.39776,0.0653852
-14.95,14.1039,0.05
-1.25206,5.63542,0.0746827
3.53076,3.70277,0.0649715
6.62579,15.7565,0.05
3.89246,6.0256,0.090405
-7.90363,27.2469,0.0625461
-1.13409,19.7592,0.088526
2.7314,24.4131,0.0822482
3.83638,29.5059,0.0704748
-4.88395,28.5088,0.0824074
6.68156,5.6254,0.0758481
1.22034,3.30403,0.05
-2.19575,3.33149,0.05
-4.19565,29.491,0.0884114
-4.72506,2.0336,0.100536
11.1669,7.21625,0.0532317
-14.5037,7.10712,0.0980732
-4.40738,26.738,0.0819522
2.77343,2.48815,0.0522322
-14.2125,15.7058,0.0935659
-2.7596,1.7357,0.0641361
10.7887,27.2946,0.0912332
-14.95,28.495,0.05
-9.4467,13.027,0.0742268
-8.09714,3.33843,0.0689136
-6.92381,0.899665,0.0679647
12.9556,14.7309,0.05
-13.6443,9.63991,0.0906017
13.6613,23.4886,0.05
-14.3527,20.0384,0.106085
-2.25796,21.8237,0.0562803
-9.86924,9.22352,0.05
-9.31609,6.69557,0.0662249
-1.86296,19.4977,0.074512
14.1821,0.0700351,0.0700539
3.63588,24.8664,0.0550345
2.62073,0.95461,0.079213
6.89829,18.556,0.0935956
-3.64013,3.58879,0.0614914
9.85998,7.52467,0.05
-9.47279,11.6899,0.0938905
-11.4889,27.2359,0.05
-3.94437,0.82919,0.121872
8.2272,23.6616,0.104679
5.99247,1.89013,0.0657165
-7.88388,13.7435,0.106098
-12.6366,4.67106,0.05
10.8577,25.8506,0.0963013
-2.60926,7.05494,0.0767719
-1.71486,12.2048,0.084883
-6.63873,17.7325,0.100482
-14.2832,7.06823,0.122571
2.21919,21.3157,0.0603476
-2.28043,1.07972,0.100434
-10.7594,11.4935,0.094047
10.1654,13.8745,0.0909271
12.164,18.1061,0.0901103
-0.0887079,21.6325,0.0750269
8.84115,20.9187,0.0679192
-1.66465,29.1075,0.0731925
-6.26774,24.1222,0.0851237
0.957845,3.6944,0.0950103
-2.89444,3.83122,0.0505004
-0.286156,18.5045,0.123518
10.8025,7.17377,0.0911126
1.60695,6.44551,0.112161
-13.9448,12.6899,0.0700041
3.6844,13.9949,0.129256
11.3164,10.9205,0.111167
1.22232,8.09174,0.05
-1.4743,24.6738,0.0589504
-6.39584,0.611537,0.05
-10.3874,10.2134,0.0889274
-5.74624,15.2428,0.055647
9.49222,29.4023,0.103576
11.404,8.57472,0.106202
-2.21825,3.98018,0.0787262
-6.36938,21.7631,0.0663306
-6.56508,0.245339,0.0543764
5.84056,10.0275,0.0880732
-5.21781,4.85792,0.0761766
13.8687,12.2354,0.0559791
8.00303,23.0136,0.0885075
3.83174,5.35486,0.0607632
-2.04677,21.2053,0.0543971
4.72876,8.58003,0.05
-3.75575,16.9364,0.0982731
-7.44579,7.98502,0.110704
3.05738,27.5571,0.0688333
2.09632,20.015,0.101416
4.38943,16.5199,0.0762119
-4.2075,17.8985,0.10284
-8.08686,15.58,0.0771496
-8.91912,21.4389,0.05
8.45815,4.25664,0.0883902
4.04775,25.022,0.112637
-5.08578,4.92287,0.0701066
1.59629,12.1223,0.05
14.359,27.3472,0.097584
2.93697,18.7653,0.055112
-5.73209,21.6041,0.0718074
5.76589,8.07713,0.0823329
0.0731248,20.7824,0.0827178
-13.0036,24.8556,0.0671957
7.02655,29.7249,0.106601
8.1488,2.15408,0.080498
-4.6116,12.3311,0.05
2.19071,6.19762,0.05
7.15723,20.8541,0.105908
10.3708,19.3814,0.05
2.4564,25.2957,0.117467
12.5532,13.6991,0.0739684
-8.01829,26.1691,0.0532639
13.9746,24.4708,0.05
0.539048,0.049999,0.05
-11.7735,20.6663,0.0783421
7.26345,17.7958,0.099031
10.0368,21.6603,0.0891677
-7.98076,3.22712,0.0793587
-6.36044,17.5601,0.0551098
-8.10167,2.72455,0.05
7.78264,7.00842,0.0777672
11.1051,29.9248,0.0806301
8.5853,11.1469,0.05
-7.85827,3.2897,0.058195
-12.7414,26.0481,0.106635
-2.97709,17.9949,0.05
8.22816,5.63436,0.101717
-2.5359,13.7642,0.0823601
13.524,1.30496,0.05
13.8634,17.6672,0.0537978
1.75635,14.6318,0.05
-14.2337,16.5682,0.108938
-7.73348,25.2702,0.107888
5.27297,9.5876,0.059013
-4.47966,26.0638,0.0738809
7.53054,16.263,0.050409
10.0511,24.0124,0.115441
-7.11554,4.79648,0.0751747
-4.18863,7.01317,0.05
9.86933,8.79953,0.094273
-4.46905,12.9882,0.0866321
-12.9601,2.24068,0.0638183
-4.9907,9.08065,0.100407
3.60933,4.1392,0.05
2.75946,23.6589,0.05
-9.53555,5.37718,0.05
-3.99116,6.82627,0.095248
9.01711,23.2669,0.0566203
4.71891,12.1851,0.05
-9.51826,24.9954,0.05
-11.7329,6.62866,0.0577768
-4.98723,7.416,0.0524033
-10.0243,15.7238,0.076326
-9.43767,7.41993,0.05
8.11256,14.697,0.100133
-4.54027,25.9207,0.0816119
4.52166,3.2926,0.0562748
-13.9328,28.2242,0.0998787
-1.82484,13.6156,0.0930296
-5.43876,24.7363,0.0632986
8.04848,15.6129,0.0581771
-12.087,0.382407,0.0696602
9.99799,27.7563,0.0605407
-10.9823,3.49408,0.0639125
9.63175,5.12138,0.075687
-8.86436,26.8295,0.0779877
14.9461,6.35785,0.0538721
-14.7028,4.58036,0.0855197
-10.0278,17.3307,0.0576648
-12.4036,22.8925,0.0844657
11.572,0.554757,0.0813906
9.79912,1.62112,0.103924
1.55187,4.49286,0.05
0.338622,6.75983,0.05
-13.76,2.75299,0.0536855
10.3777,13.9343,0.103538
1.76091,27.3631,0.102062
-10.7521,29.3344,0.0890047
3.9051,13.0389,0.0501727
-4.42581,9.3157,0.0717845
6.57065,0.281776,0.062216
1.56491,3.53483,0.0698401
13.6302,0.329905,0.05
10.6326,5.17263,0.0750998
8.92522,12.8079,0.0869944
4.41326,1.92514,0.0766086
12.3592,15.1182,0.0628321
7.33681,9.79963,0.0584729
-9.4838,24.1285,0.05
11.3633,2.89204,0.0682521
-9.30676,27.3136,0.0926122
-5.17883,2.73782,0.0719513
13.9947,23.1696,0.0675729
11.6468,4.49689,0.0798646
10.6915,11.2234,0.110398
-6.76615,18.9019,0.0779427
-3.37403,21.059,0.0780628
10.5756,21.0575,0.14554
1.10743,10.3325,0.0890421
-5.85645,6.76039,0.0744453
-2.96351,7.57871,0.05
4.88377,26.1796,0.105524
7.15444,28.7484,0.0922375
-4.52257,26.9205,0.06443
1.23884,3.19823,0.05
9.16134,29.4723,0.05
-5.74073,5.66756,0.0915311
-3.57861,3.99001,0.0740143
-11.2947,28.1623,0.0771571
3.25749,24.299,0.0615659
3.60713,8.27277,0.0772951
7.09304,8.59503,0.0703232
0.977308,0.30336,0.05
-0.662192,2.45039,0.0812632
13.5946,10.2289,0.069252
6.02695,21.3058,0.05
14.2652,11.6205,0.102277
-9.7218,5.04442,0.0787832
-2.9959,17.277,0.0838705
6.70115,11.0035,0.127678
9.35763,19.7533,0.0892217
0.63564,1.09376,0.0900203
-10.8342,15.6869,0.05
-2.3174,6.98969,0.05
-12.4681,2.85966,0.0514691
0.426254,2.04221,0.0924289
13.043,20.7295,0.0513941
13.7474,3.44534,0.107974
5.12488,9.65187,0.0744444
9.38371,27.6139,0.0816402
-9.35277,11.374,0.0799243
4.03775,19.5777,0.0727709
-14.1863,28.0296,0.05
-14.4566,4.19429,0.0725529
13.0373,24.5483,0.119273
7.69697,0.82189,0.05
0.710843,7.40837,0.0715416
-3.61345,19.5263,0.0625522
-0.104359,9.40758,0.0885591
-2.23638,6.31908,0.0773767
-1.70308,18.4211,0.0923093
-7.75274,21.3966,0.0879143
-3.03234,25.33,0.0869194
-5.41727,27.2383,0.0707318
13.5835,3.43509,0.055309
-2.2161,23.774,0.0778397
11.2736,13.6591,0.0981994
-9.83536,26.383,0.0783349
-2.28223,19.9889,0.0553284
-13.6979,18.3479,0.0906234
6.52292,11.7467,0.05
-12.9899,17.688,0.0788291
-11.9107,27.4997,0.0583739
-8.70281,28.6499,0.0955686
14.6584,27.171,0.0928619
1.42879,16.8715,0.05
-9.35064,21.5177,0.113524
7.5752,13.8957,0.118671
-7.82366,15.1084,0.0987838
2.90555,6.77234,0.138201
12.5309,13.2397,0.102195
-13.0368,10.9346,0.100639
6.71621,22.5326,0.0852419
-5.88548,2.3025,0.117166
-1.03642,8.87597,0.123575
3.99156,4.35606,0.0825433
-2.07213,15.4712,0.0868317
8.56148,23.5847,0.0885771
8.46631,8.57118,0.0858736
10.5579,22.5628,0.05
12.7042,26.8297,0.0688445
8.04341,17.1037,0.0696387
-12.6537,17.9423,0.0962729
-4.84383,13.8742,0.05
5.53449,7.09742,0.0571071
-0.100857,22.7866,0.05
-12.0895,12.0295,0.0846842
5.90217,24.2794,0.0503635
11.2522,4.79946,0.05
-8.60144,11.8552,0.0734559
-14.6066,13.2169,0.0573527
6.18478,18.4108,0.0989985
8.27683,9.20461,0.0952638
1.09236,19.0088,0.0958658
10.9183,29.4737,0.0529273
-7.91473,27.132,0.05
12.7568,28.0399,0.0738952
-6.36917,7.42222,0.0932672
8.12958,15.0442,0.0879097
-1.98087,2.8351,0.08517
0.393901,0.204051,0.05
11.057,10.7646,0.0764678
10.5565,23.0358,0.0632951
5.28244,2.36438,0.0784794
6.08613,29.4453,0.0859845
-7.49879,5.51816,0.0560942
-1.05901,10.381,0.084842
1.7233,27.8066,0.0532802
0.99026,21.7545,0.05
-7.111,12.2706,0.123997
1.55418,27.9701,0.0573443
-10.8583,17.1481,0.0846465
-6.99873,27.7594,0.05
6.94802,20.2363,0.0875695
6.64484,23.1859,0.0842366
-8.72201,2.41014,0.0926128
-0.473366,21.8935,0.05
6.93347,23.5409,0.0793855
3.67494,11.3176,0.0666951
-5.60667,19.0107,0.0794093
-5.32141,9.14951,0.0668882
8.64329,2.57713,0.05
2.64328,28.0141,0.102568
8.05057,24.5068,0.0820454
-8.01759,26.8995,0.106132
2.81152,28.3025,0.111321
-13.4215,11.6272,0.05
1.0572,0.611507,0.108123
2.01333,0.283721,0.0686412
5.88912,8.29314,0.05
-3.44596,4.1681,0.0528895
10.8253,25.5871,0.0770627
-14.253,11.9923,0.0853763
-7.91273,21.6314,0.0960792
3.04257,0.0499696,0.05
-6.88663,6.73831,0.10092
-1.55081,24.9262,0.0636331
9.82569,25.3181,0.0852436
-10.971,23.8771,0.0721353
-9.0413,29.9751,0.098948
8.68906,20.0075,0.120081
-5.887,28.9744,0.0823036
4.25464,22.4351,0.0875167
12.6487,22.985,0.114769
12.1951,17.4292,0.05
1.7312,9.52392,0.118053
10.4217,1.44298,0.0856614
-7.63204,19.618,0.0871319
5.23015,19.7966,0.05
-2.64327,8.57901,0.148204
-4.61384,14.5394,0.0708512
8.08496,12.2587,0.083579
11.6542,27.6286,0.0650284
-10.8645,18.47,0.05
-13.0719,24.4959,0.134012
-0.765757,9.46459,0.05
0.864361,17.9051,0.05
3.51008,20.0491,0.05
7.21046,7.32398,0.122115
7.20681,21.8234,0.0930567
7.32833,24.6424,0.0581353
10.4204,16.6853,0.126536
9.66593,1.17811,0.05
-4.40319,5.50821,0.125336
-1.04463,4.46883,0.0841456
8.45746,7.89581,0.05
0.9414,0.210034,0.05
-4.00053,19.2545,0.0990232
-6.4945,22.3778,0.0670397
3.65651,14.994,0.104049
13.1224,0.621062,0.0716902
-12.8257,22.9786,0.0816415
3.41284,26.803,0.0810206
6.19496,11.7007,0.0822186
-7.61655,17.9305,0.0787099
1.13654,13.6801,0.0833502
4.15047,6.29934,0.114594
2.43152,8.3652,0.0907256
6.80634,11.2284,0.0694061
0.0517166,15.9263,0.1154
-13.6082,4.36113,0.102394
-2.85295,20.2417,0.05
9.70724,4.54929,0.05
13.137,28.0774,0.0644293
2.81969,24.8771,0.0799787
-14.5336,11.568,0.0777629
0.989435,28.0974,0.05
2.9091,15.3176,0.05
-1.85963,27.8981,0.0935936
9.27419,17.854,0.080668
-9.15168,21.6312,0.05
-6.35985,18.2182,0.102865
-3.99472,15.2248,0.0768474
-4.85673,1.95161,0.0545815
3.54411,19.2259,0.05
-0.242592,29.6131,0.104661
-5.74279,1.65516,0.102811
-14.035,8.13244,0.072394
-0.678852,2.71733,0.1001
-11.8951,12.8939,0.0608219
-3.63655,29.7918,0.0690538
7.28803,27.9248,0.0552579
7.34687,10.1068,0.0542975
-5.89326,19.4754,0.0563283
6.07552,17.9907,0.10294
-13.4928,16.3663,0.0562277
-9.99455,26.4376,0.0899368
9.73305,9.4046,0.0831035
-0.352576,11.7637,0.05
13.8882,20.7129,0.0569804
8.74274,12.534,0.0672548
-5.0295,23,0.0548743
12.6759,6.02098,0.0674415
1.04293,11.4163,0.0872287
14.6324,20.8411,0.05
-13.8076,15.6098,0.0997464
-14.1511,14.3922,0.126584
-2.78111,19.3436,0.0509469
-13.1716,24.177,0.0535131
0.430608,13.2144,0.0774258
-14.1817,4.18339,0.0724389
-10.1838,22.5574,0.0692071
-6.943,4.56665,0.0759669
-8.41172,26.444,0.0534168
-2.60376,16.5815,0.0771146
-6.42017,14.6479,0.138173
10.7246,29.3408,0.0862355
13.4259,26.5327,0.065427
-14.3173,18.6846,0.05
6.36707,16.7981,0.0741258
-14.95,26.7387,0.05
11.7715,28.5586,0.0676611
-13.2731,16.0475,0.066317
14.7688,11.5387,0.0773365
5.13986,23.2452,0.0719613
3.86915,21.4301,0.0875051
7.03666,7.93995,0.0585565
10.2751,19.3195,0.0639792
2.99849,3.13973,0.05
-1.99494,19.7823,0.0889188
-10.088,15.085,0.0834621
-6.96144,1.54381,0.05
9.75246,19.8596,0.0724997
-9.37895,1.3503,0.05
-13.5053,3.29186,0.115774
-1.8767,19.8958,0.0750136
11.4059,3.06179,0.106669
-13.0016,29.5879,0.0845012
14.1524,1.80095,0.077727
-0.826121,29.0379,0.0552618
8.29951,0.357599,0.05
7.34212,0.10474,0.0993339
-4.03015,10.5941,0.0534496
0.117968,22.7981,0.0624215
-9.14341,1.85023,0.0811055
-14.4701,23.6749,0.0592044
14.714,14.9603,0.0974339
4.1496,17.3861,0.0619987
6.45521,17.5568,0.0671487
-2.95302,3.39243,0.107327
14.795,8.34898,0.100403
13.0965,14.9559,0.0994626
-11.2765,27.9018,0.0951282
9.96387,6.88394,0.0633314
-1.00394,1.27754,0.0928951
11.1149,12.8346,0.105239
10.4202,28.3578,0.0785831
-11.9222,23.0162,0.126584
-4.511,5.36995,0.05
-14.7381,26.3768,0.0745301
-3.7907,22.7041,0.05
2.91514,1.371,0.116261
6.89669,10.8854,0.0845824
-5.15985,19.0298,0.054149
-9.27951,16.2519,0.0733047
4.38098,25.5661,0.0989081
-2.36695,13.2464,0.0729606
-13.0963,21.5534,0.05
-3.06598,14.113,0.0969939
-2.69566,17.3207,0.120719
-13.186,26.5415,0.0964424
11.7933,23.3506,0.0537306
5.76369,4.75983,0.05
13.6706,7.78383,0.0875408
3.83813,24.6381,0.05
2.57288,10.2527,0.0654723
-5.77048,29.1894,0.0701499
4.88035,1.64228,0.0538521
5.60592,29.9239,0.0965491
12.5397,6.90674,0.0909051
9.50548,0.652398,0.0967
-4.6651,27.5286,0.05
-2.23504,8.32951,0.114289
-14.9168,6.39754,0.0831975
-2.72908,26.0928,0.100886
-12.0917,8.13921,0.0664362
6.90272,29.8482,0.0681654
2.82267,0.749983,0.0961058
-2.60044,18.5355,0.104329
-7.10009,20.7991,0.0686959
-2.68283,19.2008,0.0974653
13.2551,9.7446,0.0969842
11.861,2.1722,0.05
-6.85789,1.15083,0.0797043
2.22712,3.59623,0.10426
-0.0932908,15.4904,0.0694546
-3.87133,18.3379,0.0690986
5.10185,29.2048,0.128572
11.8305,21.018,0.0843305
14.1617,22.2083,0.072615
-12.1015,19.75,0.0892775
10.5769,0.250266,0.0577061
-9.70694,23.1371,0.121287
-13.2217,10.0475,0.0708711
-0.458494,16.0188,0.0682889
-9.84242,15.2616,0.0685753
-10.3867,24.3431,0.0876009
-9.45496,23.4401,0.0684492
-2.07853,3.23128,0.104221
0.377549,13.0738,0.0728654
7.59351,10.892,0.0899811
2.8265,7.70141,0.0900612
0.284495,16.3324,0.093055
-9.40343,9.67737,0.05
12.1544,24.943,0.0941903
-10.7311,20.0208,0.0962843
12.9966,18.5845,0.108146
-0.632474,15.5076,0.0751375
-0.188843,25.2659,0.117731
-5.06867,11.4978,0.0994778
-12.7212,10.0761,0.05
8.01802,28.8048,0.0889801
-5.77882,16.8274,0.0510818
-11.1393,0.473421,0.0513084
-8.54123,16.1092,0.111001
-0.464816,17.6967,0.0916754
3.7634,24.874,0.0727128
2.91277,1.71462,0.0800618
-14.3436,12.399,0.0603375
6.72307,5.47686,0.0783916
-9.0896,20.9234,0.116736
14.9211,12.9317,0.0625985
2.54969,8.10176,0.0763819
-11.5994,5.35359,0.0544936
9.56954,29.846,0.0875354
-6.45199,25.3736,0.0753783
1.49709,6.28093,0.0857219
-3.46294,15.0468,0.0505104
-9.05402,25.3614,0.11519
13.3804,3.2842,0.106996
-14.1776,3.86914,0.0920503
-1.9901,12.4352,0.0959612
2.40857,19.4179,0.0955617
-2.84225,12.8634,0.0842428
-7.68877,22.5461,0.105638
7.64303,22.26,0.0571062
11.5179,8.2527,0.118819
-2.94393,3.9342,0.0635418
10.2855,21.4406,0.05
9.67145,10.5795,0.0729582
8.35412,9.54887,0.0663272
6.79599,2.20038,0.0932471
-9.88892,17.7261,0.0748049
-8.54167,22.4151,0.0968972
-5.73053,27.4259,0.10593
12.943,6.28463,0.05
-12.7025,9.22996,0.099783
-8.80838,15.1615,0.0794044
3.60895,11.2214,0.05
9.97536,1.38615,0.0544665
10.6474,14.3503,0.0977597
3.12709,13.476,0.12049
-3.16984,10.1017,0.05
3.50958,2.08682,0.0607131
-3.1942,24.8926,0.0714326
10.3706,26.4546,0.0776508
-4.10838,12.2975,0.05
-7.68271,27.9097,0.0578728
-2.08682,13.158,0.05
14.4507,4.29328,0.0789069
-4.8169,6.53875,0.0950353
4.59832,17.7116,0.079668
8.47475,18.0662,0.06094
12.2399,12.3933,0.0750259
-1.74568,13.4964,0.05
3.03228,23.5763,0.0974259
0.225395,8.75643,0.05
-13.5505,15.3372,0.0883444
12.9283,28.087,0.0932451
-8.35393,7.81278,0.113538
7.80516,12.7074,0.0707138
10.7352,26.4186,0.062422
0.121368,18.6692,0.0564982
13.8097,9.96227,0.0525523
12.4992,2.72908,0.0743998
5.54239,6.71354,0.0658794
0.606831,29.9172,0.0593923
8.14985,24.0537,0.0657125
-3.69805,29.1449,0.106559
-9.748,9.33962,0.0994994
-0.330202,7.6327,0.105597
-6.61285,19.7193,0.0907357
-9.02945,20.0613,0.0730127
8.21044,0.0499905,0.05
-9.01356,9.70397,0.0631603
9.29939,5.5491,0.0943838
-5.7902,5.49158,0.0912702
-9.00828,5.2647,0.128913
3.09537,16.8545,0.086302
2.45755,24.4769,0.057799
2.63837,24.0735,0.0970052
-9.5983,6.46831,0.0661468
4.06501,0.289462,0.05
-0.842415,22.0375,0.0566216
12.9887,15.4756,0.05
14.2489,6.86756,0.0553483
-4.30084,1.07847,0.120694
-14.8907,17.0752,0.0754713
-6.15343,14.3881,0.0600327
8.61101,28.9119,0.0949616
-13.8715,6.62646,0.0636794
14.2121,25.2667,0.074965
-7.84354,19.8674,0.0945958
10.1883,4.46909,0.0673571
7.76184,18.6608,0.0700413
13.9162,13.0743,0.0875504
3.2116,28.7303,0.0552222
-0.688046,9.54385,0.0609938
4.7281,26.8593,0.0757323
-13.8797,0.0736602,0.0736812
-9.50729,1.9193,0.05
0.385007,14.8871,0.0775143
-9.24616,22.7648,0.0640362
1.59052,4.83957,0.0643865
-7.70229,13.835,0.0972513
-8.77205,9.76265,0.05
6.16673,20.0866,0.0816586
7.56815,26.103,0.0985182
7.39556,0.75946,0.0971754
-5.41626,5.11819,0.0531557
0.661756,3.6932,0.0631258
-13.2064,12.6609,0.0731774
4.62999,6.19182,0.0657885
-5.30871,29.4142,0.0788891
-1.08037,15.2257,0.0710353
-0.248246,0.916849,0.0824605
-9.69158,0.207809,0.0782946
1.95869,5.01476,0.100796
-7.55984,1.66692,0.05
-2.87071,9.66005,0.0575246
-11.3288,6.59009,0.0662931
-11.4213,0.10213,0.102134
6.02574,12.7611,0.05
-14.3363,5.16817,0.0776733
-12.5534,15.6733,0.0509088
3.61582,5.05447,0.0824528
9.43141,8.95651,0.0986164
1.46144,7.07786,0.113614
12.4552,1.48605,0.0842495
-0.023657,24.6667,0.05
-6.93774,19.1889,0.0587408
0.186733,9.35628,0.0743119
14.8071,21.9414,0.0715202
3.15175,0.595794,0.0570684
13.6153,19.7263,0.059747
-4.00529,14.2753,0.0843989
11.754,7.18556,0.107803
-9.55461,2.03286,0.073026
6.01214,1.48344,0.134868
12.2564,7.26459,0.05
-9.87669,9.92464,0.0642514
-10.9281,12.0338,0.0724664
3.08899,9.76103,0.134483
-5.87288,3.60547,0.0503389
-8.31216,22.845,0.0535094
14.8058,17.1497,0.0586594
13.3203,27.289,0.0806955
-3.70091,4.10572,0.0943423
9.73841,15.9665,0.0759101
-4.43698,21.0751,0.102536
-2.172,18.1067,0.0659303
2.81098,16.4195,0.0640495
3.27509,24.9293,0.0663823
9.33568,10.6182,0.087316
12.9663,9.67623,0.05
-2.63856,2.17597,0.120586
11.3393,8.18083,0.0737312
0.158768,16.6476,0.0975141
-7.88928,28.6661,0.0821387
2.44195,27.0143,0.0785745
14.4184,13.5525,0.0576109
8.17891,6.85576,0.0631067
6.86091,27.9841,0.0840601
-1.44888,12.0834,0.104101
-1.74303,21.4567,0.0905584
9.19583,22.005,0.0657287
-4.11162,1.57305,0.0840022
-8.74691,23.479,0.0893246
-9.43894,12.3628,0.0929709
0.0468471,15.6544,0.05
5.83758,5.43604,0.0737648
5.06324,26.1108,0.0861718
-1.53937,1.49903,0.0980809
-0.243826,4.77579,0.0791683
-3.25429,12.5453,0.0634737
3.55027,28.214,0.05
-8.25512,26.2881,0.05
-3.98196,20.2006,0.0678898
-4.8914,28.189,0.0764231
-5.05676,14.7075,0.0957586
10.9375,21.8253,0.117773
1.15176,4.62075,0.103682
-2.39934,23.7584,0.106066
8.23921,0.727292,0.093859
-6.31708,6.33805,0.111286
14.8741,15.1015,0.115998
6.96309,21.0182,0.05
0.922599,20.6457,0.0581655
2.70215,22.6422,0.0960897
-9.34905,19.2529,0.0708235
4.3815,19.0253,0.0944208
-9.45003,16.5145,0.105437
-7.23399,20.8981,0.0977838
-4.13417,14.1733,0.05
-9.96712,6.00228,0.0801813
3.85436,9.33246,0.05
8.53873,26.8536,0.05
9.05903,15.2208,0.05
5.09776,7.31372,0.0941686
11.5891,5.32505,0.0928793
-9.45292,27.2232,0.0782401
9.28566,10.2943,0.109306
-9.18087,3.6296,0.0543953
6.54729,2.08847,0.0905068
-12.4569,1.36937,0.0628315
13.6503,5.36058,0.105993
-0.043969,11.0083,0.05
-10.212,27.106,0.0957224
-8.52433,13.2796,0.0816477
11.1519,11.0881,0.123713
12.8702,10.1023,0.105018
-5.17611,27.445,0.0913128
-11.9328,12.2188,0.0856964
-5.07361,9.77025,0.0756678
-5.67762,28.2164,0.0649753
3.50894,8.88732,0.0654179
-13.3056,19.4224,0.0861875
8.91623,24.8851,0.0804229
-13.8346,24.5247,0.0910276
2.92637,26.7687,0.0996839
-3.04555,28.5664,0.0652754
-2.81665,5.25458,0.12424
12.0785,27.992,0.0774845
1.38838,21.0297,0.0588859
-14.7762,6.63388,0.05
10.0337,24.9732,0.0874171
-5.96519,1.1989,0.0869293
3.02509,24.634,0.0744669
2.43147,4.20841,0.0860633
-11.4664,4.99637,0.0714994
-0.157841,10.6242,0.0677395
-3.78282,17.4415,0.0824048
-6.00531,17.116,0.05
5.15867,19.3625,0.0766925
-7.2559,2.15916,0.0825347
7.26822,1.03428,0.05
8.09537,7.24672,0.0839596
-4.50429,7.88462,0.103655
-8.1467,27.2558,0.0846908
5.19226,20.5149,0.0673572
12.2717,11.8073,0.0677066
5.87118,25.7397,0.0778444
-5.56642,5.42407,0.05
11.2639,19.7289,0.0836941
-13.4219,17.0701,0.0974772
-14.9277,1.15831,0.0723053
8.5167,4.56969,0.0737519
6.06644,23.5673,0.0647515
6.25245,20.5564,0.05
9.76809,26.7409,0.0609417
-10.6774,20.8105,0.0633751
-13.073,27.7498,0.05
-6.22374,8.21931,0.113238
6.72845,27.6993,0.0838614
10.5785,22.1772,0.0643587
7.76484,5.52042,0.094532
7.03924,8.73431,0.0789927
-4.31048,9.21226,0.0831399
-10.4456,2.58766,0.0717315
-3.61184,15.9588,0.0927745
3.86582,25.6807,0.10396
1.48589,28.6506,0.0817237
4.50193,8.66279,0.0822516
13.7039,5.1692,0.0906852
12.3219,7.89477,0.0852082
-10.1939,3.26849,0.119248
11.6365,21.5139,0.0539731
13.3851,22.0624,0.0605942
9.24816,5.14615,0.129081
-12.8613,28.6617,0.0940584
-8.29819,11.8984,0.0785957
14.6658,1.18481,0.0557588
-8.71352,0.824778,0.0702018
11.7302,9.42263,0.103218
-10.3172,9.83831,0.0947756
13.684,26.571,0.094757
1.34046,4.93736,0.106525
8.34857,5.03187,0.0840428
13.1417,10.737,0.0907349
14.494,21.115,0.0928889
3.81671,27.9425,0.106432
-10.2384,19.8354,0.0905673
-2.38847,8.20752,0.0662225
-2.07658,25.1612,0.106707
-7.7406,18.0458,0.0906461
-8.42135,9.86695,0.0617172
-0.713525,19.2908,0.05
-2.1823,21.7137,0.0772236
1.96064,16.2429,0.0567751
8.39967,17.9454,0.0813101
10.0447,13.9706,0.0634148
8.2397,20.115,0.05
9.45089,18.9694,0.0802995
-3.11646,9.20516,0.0940064
6.34083,5.30576,0.067962
6.1173,10.8657,0.05
14.161,20.5152,0.0538359
-3.48683,27.3361,0.0871928
-10.7103,3.63462,0.0862718
13.0633,20.4615,0.05
-11.2735,26.8567,0.0978412
14.8944,5.24354,0.105558
11.4257,6.26771,0.05
-7.20646,6.42429,0.05
1.3108,14.0186,0.0634648
-11.1389,29.7703,0.0713944
-6.80022,8.02016,0.128734
-10.4171,1.04865,0.0942716
-6.92591,21.7411,0.0627447
13.0209,15.8479,0.0780985
5.68316,5.6571,0.0891106
14.5583,2.8602,0.125322
-8.87482,12.1428,0.0777454
4.63119,28.3198,0.0889899
-5.4073,1.97704,0.100412
-14.1192,26.7266,0.05
-7.41218,13.0296,0.1162
14.4153,24.5384,0.076573
4.42578,17.7126,0.0928752
-3.06288,15.4095,0.114504
-3.9173,18.7535,0.0744639
0.469261,26.9195,0.0883145
-8.81087,12.3598,0.0996345
0.468106,2.975,0.129282
8.2179,15.2896,0.0652133
14.557,14.8115,0.0855772
4.76019,19.7879,0.05
-1.84995,13.4349,0.0658306
-2.40762,0.84602,0.0912865
9.73967,22.7642,0.05
14.011,23.679,0.0663539
4.68776,2.69318,0.0862691
2.28856,29.568,0.128917
10.2364,15.9037,0.0588696
6.08069,21.5962,0.0898206
11.971,10.3413,0.0794046
-14.7277,25.1787,0.0968213
-4.41533,13.6449,0.131087
0.172812,6.1056,0.082842
4.27392,13.7712,0.0574484
-1.37442,5.61149,0.05
8.35122,11.7077,0.111562
0.0856313,25.2517,0.0890882
-14.2411,21.8827,0.0996704
4.65766,28.6113,0.0540767
11.9089,29.7625,0.0687336
5.99868,21.1236,0.09783
12.9569,23.965,0.05
7.62361,26.3671,0.103141
5.15251,23.3894,0.0646577
-9.01506,5.86778,0.0759125
6.89454,27.7835,0.102341
9.08187,3.50241,0.05
-14.7825,26.2133,0.0822478
5.41849,12.7952,0.108101
10.352,0.573669,0.0501697
14.1357,19.2942,0.0906252
-8.83038,22.1685,0.0594928
-6.96454,17.451,0.0776606
1.03091,10.0137,0.05
-1.60553,21.5836,0.0604093
12.1122,25.1049,0.07312
-14.2214,0.681046,0.0657809
12.7836,20.6967,0.0539017
-1.51736,0.373532,0.0750038
6.05358,5.21177,0.0871817
1.84615,10.6009,0.0838505
12.5368,7.1147,0.117081
10.3248,22.8037,0.108751
3.45281,20.8825,0.0677209
9.19916,14.6324,0.0580665
11.701,24.9708,0.100304
-2.00152,11.3866,0.05
-12.4402,14.8441,0.0854338
6.36585,26.4835,0.0914859
-10.4937,18.4538,0.0764437
-1.06286,29.6856,0.0731945
-7.30229,27.7526,0.05
-12.5293,5.07864,0.127425
14.5066,8.57552,0.06726
10.5346,27.2991,0.107863
-2.2781,12.5289,0.0704286
-8.14541,19.643,0.0881179
-10.6294,14.2096,0.10186
-1.30323,18.8929,0.0558095
2.29084,13.3663,0.0507105
-8.59903,27.2461,0.0881327
14.7348,18.9316,0.0831821
-7.13039,14.2505,0.0995277
-11.2294,20.8636,0.111123
3.7928,1.86157,0.0592439
-3.09585,18.9106,0.0952365
-7.58896,11.6475,0.0573288
-4.46578,18.2672,0.0915339
13.3949,12.3697,0.073755
-2.53099,21.2539,0.0576674
7.41717,10.5387,0.0739055
-9.902,15.8053,0.0706589
-6.64925,11.2091,0.0845712
0.391638,22.9338,0.0668872
13.8762,2.71445,0.0832441
-1.60802,7.63757,0.121494
-8.38266,13.3655,0.0840622
11.9703,16.3657,0.0924918
0.730189,19.6431,0.05
11.0528,6.62465,0.0701009
8.52919,9.07353,0.0691267
9.6095,29.2705,0.0728134
4.81423,4.49846,0.088746
-6.46132,10.8647,0.0813074
-7.57118,5.38481,0.0716139
-14.7969,4.43404,0.0884469
-11.9696,15.0777,0.079939
-13.4367,0.44161,0.050612
-4.96545,7.77544,0.0871887
0.0497232,27.1593,0.0623421
-7.85279,7.43504,0.05
12.2454,2.69518,0.0831063
-10.0546,4.78655,0.100061
-8.62742,16.5208,0.0938
14.9209,2.20017,0.0790753
5.04846,18.6204,0.073726
-6.65149,28.4535,0.0689893
-3.89251,22.3658,0.0669811
-7.75508,17.8552,0.0715662
7.51251,14.801,0.100549
14.2358,21.9287,0.0847498
-0.272138,1.44593,0.0696591
9.60926,0.437233,0.0592279
3.68398,13.4281,0.0922751
12.4925,28.9192,0.106372
-0.110599,16.3855,0.0945004
-6.84508,25.7796,0.0901381
13.4085,21.9026,0.100938
-10.1161,10.4749,0.0892147
-10.6676,3.98553,0.05
10.3085,23.9599,0.0677311
-10.6387,22.2693,0.0848308
6.1914,10.9785,0.0848789
-13.9989,9.22457,0.0618451
-13.7813,15.1158,0.0932691
5.31009,3.14359,0.0735
-3.47643,15.2354,0.0610946
-9.67624,4.45753,0.0660651
-1.49196,13.548,0.05
9.03464,11.7677,0.113953
2.53294,24.7471,0.0675196
-13.0941,24.2885,0.0744896
-1.02267,21.2986,0.05
6.74815,21.5266,0.0532842
12.3584,24.8875,0.0968604
-4.1741,8.19674,0.0845677
8.35513,10.2729,0.0869434
-2.17736,21.0363,0.05
-2.43528,0.452418,0.05
0.898733,4.78352,0.0777111
-4.06749,24.7495,0.0710937
14.3694,2.80283,0.0720702
1.05501,23.54,0.0524633
11.0766,2.64795,0.0759674
6.82082,23.2914,0.081154
2.45835,2.06568,0.0857891
4.73273,14.7538,0.0897069
14.2804,11.9268,0.0750319
5.16288,25.9141,0.0617277
-4.56307,1.89359,0.100113
-10.9197,16.5607,0.05
-3.26488,13.7841,0.0763501
14.95,5.09824,0.05
-1.4886,0.938524,0.0543962
-13.7451,22.1683,0.118819
6.27676,10.6429,0.0820483
12.9142,23.3686,0.0611897
-12.3802,14.9841,0.0654134
9.52089,10.6796,0.107821
-1.17063,4.96026,0.05
-11.7479,26.2213,0.0846826
-13.8699,4.21488,0.11164
12.7446,28.694,0.117452
-2.68965,7.29949,0.102706
-14.5637,8.4596,0.05
3.92422,2.21582,0.0617038
-11.2553,13.5992,0.0602836
-13.4658,14.1799,0.0525871
-10.4752,25.3223,0.0595423
-1.16231,23.9873,0.0599926
-9.56285,1.53257,0.0516234
6.37495,16.0544,0.0603807
-8.4206,2.9574,0.0861291
7.88646,18.8476,0.0658244
-6.52247,20.0294,0.0643028
-5.20059,4.48988,0.0579357
4.85459,21.959,0.0885651
-7.60608,27.7526,0.104108
-2.87054,8.5614,0.0797424
-6.25762,13.3192,0.05
-6.92954,22.6642,0.05
3.8169,24.5404,0.05
-12.0753,28.8783,0.0948628
14.8768,24.017,0.071282
10.9159,17.6087,0.0616311
-3.68876,6.12483,0.0765868
11.5646,24.3708,0.0881847
-10.6701,27.8951,0.102339
-6.16167,12.4569,0.0578365
-2.65492,5.39813,0.0920146
-7.35073,16.5444,0.0742693
1.62102,29.3018,0.05
12.6364,0.326825,0.0774269
-10.1813,8.96629,0.0892789
11.6712,4.1977,0.05
6.30824,2.82868,0.122326
-3.71525,7.4169,0.05
-13.9919,8.94214,0.0684148
11.061,13.1406,0.0996487
6.75127,13.6649,0.0523539
6.29012,13.3761,0.0725475
9.88957,6.26712,0.0642872
-3.68784,9.01631,0.0531558
4.20098,6.98844,0.11821
6.94919,4.45307,0.0727299
-6.72806,17.5743,0.0811699
8.43908,14.4734,0.05
-3.49816,18.8114,0.0969575
-8.4573,3.80334,0.05
11.0832,7.86875,0.0982349
1.42362,25.4257,0.0585467
-10.0123,1.18147,0.0753927
-7.5666,12.013,0.0692602
-6.38742,12.6694,0.0991921
-8.11282,20.251,0.0932529
9.41584,0.163273,0.05
5.36055,28.8646,0.0632534
-14.8417,27.7003,0.0576301
8.79963,24.0945,0.117335
12.3923,26.8924,0.05
12.2152,25.9622,0.05
-2.28268,24.5433,0.0568357
-2.63599,13.5595,0.0787613
-7.26806,4.20439,0.0833289
2.49421,1.24468,0.0691396
-13.9012,5.12839,0.129025
-4.22738,26.1961,0.061543
-6.88578,2.1873,0.05
13.1718,21.6123,0.05
-2.16861,1.63598,0.148667
-8.29099,9.83194,0.0732627
12.998,20.1985,0.0689152
2.56311,2.17935,0.0687987
12.7364,12.9656,0.0728744
-9.39837,3.25522,0.05
-12.6533,18.6542,0.0758119
-5.04778,3.29004,0.08368
6.29319,9.80888,0.0710297
9.98803,18.1755,0.056775
-10.2542,21.6015,0.0713279
-14.33,22.5293,0.106884
-0.35046,0.42824,0.0800856
12.8028,6.26296,0.05
-5.29511,27.0381,0.0523665
-8.32472,1.68488,0.0926739
-9.79317,14.6392,0.05
-8.89863,9.06847,0.0741211
-10.3006,10.7961,0.0525689
-13.4032,11.8702,0.0872827
-1.12614,1.17474,0.0668117
3.1136,13.2305,0.125402
-4.61524,19.4375,0.0611939
-0.17022,14.8218,0.092267
3.28936,15.3601,0.0504511
-1.47711,18.6491,0.108577
-8.60766,20.0871,0.0665309
0.481168,22.1473,0.11174
4.11575,4.23074,0.0560007
6.22363,16.9261,0.118134
0.846335,7.9868,0.112011
-6.38299,16.7057,0.106019
-14.7157,7.45413,0.0679013
7.53111,17.499,0.0860997
-14.6679,11.5391,0.0596235
6.50795,20.9067,0.0806512
3.62974,16.9122,0.0515333
5.01154,14.3869,0.0624453
-9.89137,10.2039,0.05
1.63566,2.27356,0.122781
13.2751,2.85616,0.101779
8.17517,21.9847,0.0847896
-11.5126,26.4903,0.116541
4.89778,1.79722,0.0802582
-7.29264,18.6512,0.0662654
14.3793,21.6772,0.05
-10.9058,28.3598,0.0613314
12.4423,2.83999,0.0502728
4.2872,3.61152,0.0759666
1.00266,29.4469,0.05
-12.3821,11.1943,0.0959448
-3.89504,27.8505,0.0979213
-0.539115,18.934,0.0677113
-10.6647,8.29754,0.123067
12.2772,29.3669,0.05
-7.25392,13.6058,0.0930083
7.8455,16.9184,0.0818528
11.6405,16.4821,0.106253
5.92801,2.72562,0.05
9.687,13.317,0.05
-6.20453,27.6666,0.0658864
13.5383,2.95406,0.104524
12.8171,21.9006,0.05
13.9735,13.9142,0.0979108
-14.0693,11.555,0.0746688
-4.60916,5.31916,0.05
9.98578,16.2912,0.110986
9.04371,26.0157,0.0695339
-10.3958,24.798,0.0692543
3.55799,23.8725,0.0625483
-6.74785,15.3851,0.102021
-13.7916,11.8534,0.0781683
10.5166,9.77302,0.05
-2.83964,10.6983,0.0583636
3.33513,28.4698,0.0963732
-12.8862,3.2613,0.05
10.4437,24.9126,0.0803851
-3.33064,22.3902,0.101173
-5.26332,13.2836,0.0544282
-3.01695,12.8443,0.0545675
10.5765,19.7973,0.111825
3.15873,1.96707,0.104988
-6.86688,24.7636,0.150463
-2.15615,11.6783,0.0784511
9.77698,28.3218,0.0619715
-12.4607,14.4523,0.0595737
-4.41353,4.50922,0.0846851
11.9584,2.19475,0.05
6.21832,14.4817,0.0770436
-8.93299,15.0483,0.05
0.489701,19.6337,0.0841089
3.80719,25.4832,0.102024
-12.4674,0.289858,0.0726095
8.21697,12.4963,0.0598942
-9.8066,22.23,0.104121
-5.73233,19.5846,0.05
-12.2326,28.7921,0.0783446
-8.46601,18.5002,0.0812353
2.58536,29.0086,0.0890451
3.60599,17.9103,0.0718433
10.2567,29.8778,0.0772201
11.1919,16.9095,0.103516
-9.2537,14.5784,0.0807515
14.1263,27.4927,0.0815568
-4.62953,19.5681,0.05
-4.4849,8.45496,0.10998
-9.06562,6.29965,0.0996682
-0.812966,23.6466,0.0574136
-5.48725,6.20804,0.090529
6.98493,4.87328,0.0739454
8.10848,6.47436,0.0914738
-6.81742,2.26026,0.05
0.898074,24.3198,0.0787498
-10.1661,29.1865,0.0517883
0.424828,3.20657,0.106311
-0.199586,22.5787,0.0705203
-4.65883,14.9872,0.0961308
3.28104,29.3013,0.05
10.7998,27.0174,0.0543993
7.16606,1.12722,0.0736317
-6.05538,28.6403,0.102948
-14.527,10.1722,0.0702204
-0.666361,28.3248,0.05
-4.06841,29.2611,0.0575989
9.84592,9.96959,0.116472
-4.58176,26.7718,0.0956594
-13.1273,25.7619,0.0761347
14.1045,13.0561,0.101568
11.7125,21.2245,0.0589011
13.3376,1.36685,0.05
9.2601,16.8605,0.0956045
-8.17336,16.6816,0.05
3.48375,10.6018,0.0724999
7.44823,27.5007,0.0613348
0.710678,20.8962,0.0645854
-8.7374,15.9008,0.0633024
-5.54727,26.7615,0.05
6.85662,21.6197,0.0896295
-11.3632,25.1919,0.062831
6.31948,29.1453,0.05
-9.60536,22.7443,0.0524371
-10.0506,10.0891,0.146215
-1.9133,24.9383,0.0817332
7.08722,22.5741,0.065235
3.49198,8.67853,0.0634661
12.7957,27.8013,0.05
-6.33152,10.7572,0.0872221
-10.331,25.6315,0.0699125
-4.85981,27.918,0.106411
-3.49538,14.5905,0.0769982
4.74704,8.84318,0.0675743
-6.71639,3.30871,0.095796
-12.7485,11.1331,0.0811066
-6.44252,2.74541,0.075087
-8.18724,15.258,0.05
6.53629,2.72116,0.0841053
-1.4375,26.2244,0.0730335
13.0711,21.5395,0.0522109
1.18608,24.6652,0.090907
-12.2689,18.223,0.0917201
-0.696852,2.94962,0.12441
-2.28985,10.6366,0.05
12.2246,16.9859,0.126729
-14.0769,21.2786,0.0645199
13.7792,4.27716,0.0879788
-11.6344,9.0427,0.107217
-4.39276,14.4633,0.0731175
2.45116,9.93956,0.0831013
0.0550036,6.60874,0.0708371
-4.80259,3.9398,0.0784848
-10.1688,26.6492,0.0648242
-6.80589,22.7188,0.0824021
9.00364,9.14902,0.0786564
1.81577,23.1079,0.105654
4.94692,16.7744,0.0854113
1.10176,3.61295,0.0703662
-11.1358,15.744,0.10754
-14.7159,21.5274,0.0798144
6.88892,18.0284,0.0914404
8.0358,29.0688,0.0664942
-9.55862,14.0105,0.105159
6.64147,17.7582,0.0726985
-6.71964,12.4768,0.118307
-6.86442,20.3735,0.118856
7.04026,13.3765,0.126022
14.6038,24.8503,0.0556786
1.6931,12.5782,0.121236
2.00975,6.59212,0.071243
-5.33165,13.7426,0.0728532
0.687262,23.4502,0.0908305
1.71373,5.86224,0.0869203
12.4539,7.86531,0.05
-6.53034,7.97057,0.0875699
-13.7499,17.6657,0.0663831
-1.15617,13.9675,0.05
-5.52591,4.42597,0.0793326
-6.2468,16.5318,0.112007
-11.0824,5.8277,0.0919799
-14.1109,0.768571,0.0752225
11.5518,5.74389,0.0799097
0.0978427,2.30496,0.0817076
10.1122,28.0112,0.05
-9.84891,13.2133,0.0954937
2.06662,18.1778,0.0682714
-14.0068,3.32975,0.101419
-10.5404,7.33152,0.0899867
-5.79242,13.7239,0.05
4.61931,17.9958,0.100654
1.79711,25.3751,0.102329
-14.73,5.05497,0.0625275
13.9994,10.8892,0.0633479
14.9417,18.0736,0.0582473
-10.4357,13.5499,0.0847948
-7.04036,13.5597,0.125473
3.58464,1.13781,0.0745649
11.3192,7.84054,0.0763836
-3.73382,25.9252,0.0578456
-13.7747,10.5973,0.0726314
14.6371,2.44246,0.109191
14.7959,15.6701,0.107703
11.7757,16.3017,0.0730843
-5.85898,29.1037,0.05
-12.1049,10.9832,0.0506407
10.4601,9.09759,0.0986
6.63684,26.6478,0.0839267
14.4993,24.316,0.05
8.76833,19.7321,0.166441
10.1384,14.5553,0.0957359
-3.07754,5.90877,0.05
-11.0778,14.0538,0.071647
-9.98934,18.6904,0.0833879
-0.276001,11.9093,0.111433
-11.1296,23.1138,0.103411
5.48941,12.9402,0.0532731
5.88779,12.0547,0.05
-10.9648,0.840117,0.069062
-1.08777,15.7962,0.0645683
9.87074,24.7816,0.0780032
11.4764,25.7257,0.116767
-13.2865,10.6309,0.0753583
3.57518,13.3271,0.05
-7.79553,20.0082,0.0540938
14.6093,7.18268,0.0694891
8.72286,12.8673,0.105459
2.15912,29.4099,0.0754352
1.10858,16.5885,0.102581
-7.85967,11.5224,0.05
0.464368,14.6247,0.089104
-14.3014,1.17508,0.105558
10.1066,25.7573,0.0627151
-14.7389,4.71099,0.05
-14.9137,10.6957,0.0862619
-9.96672,1.85844,0.0639966
4.04381,17.7765,0.0862688
7.54808,20.8256,0.121478
-2.51148,15.0466,0.109613
-8.88652,13.8019,0.119381
-13.3587,21.2221,0.05
4.17279,18.8847,0.0840932
-5.03524,13.8425,0.0959224
4.61462,27.0485,0.05
4.74486,2.48737,0.127328
0.0806409,4.17775,0.0962898
-8.49172,12.9381,0.0734034
10.4753,3.97305,0.1397
4.83565,12.1058,0.057553
-3.05008,23.8375,0.05
7.00011,27.9218,0.0684421
-7.90244,12.1693,0.0908906
10.2812,27.5268,0.0537707
-5.38368,22.1714,0.106161
-4.58184,2.53612,0.137823
-2.70378,13.1068,0.0995931
-0.670275,16.903,0.0815682
-4.92174,16.2008,0.0702987
4.37375,25.9444,0.111726
12.349,10.4132,0.116506
-8.5832,27.8728,0.05
-12.727,23.8192,0.093676
-9.08804,22.9949,0.0924455
-0.21936,12.4482,0.05
14.483,17.0921,0.05
8.24903,14.9753,0.05
-14.9062,26.3836,0.0937529
1.49141,23.1172,0.11074
-13.6468,26.5264,0.0539015
10.0673,6.38554,0.0738265
6.28692,23.2553,0.113908
-10.6026,6.66508,0.11399
-7.5413,8.75006,0.0670176
-6.66636,4.36085,0.05
-14.1653,4.32152,0.0666614
6.76621,12.4375,0.0762803
11.8789,15.3672,0.0682426
-12.6325,14.0587,0.0895256
8.52207,14.6218,0.0841902
7.2645,14.429,0.0731811
-11.9475,16.7171,0.0576501
-11.764,6.51952,0.053059
-5.11989,11.7152,0.115038
2.49861,6.64963,0.0704199
2.12354,19.502,0.0678047
-1.59962,8.47525,0.10833
-9.2141,1.19126,0.0654361
14.0544,17.6037,0.052513
5.43521,29.2601,0.0570414
-10.8807,17.8962,0.0730604
-12.3662,27.3654,0.137928
-12.4846,19.4338,0.074787
14.6913,25.4106,0.0771218
0.517093,29.8145,0.0769867
13.8709,3.74281,0.0999602
5.11966,1.90316,0.0714468
11.5294,25.0296,0.0810929
-12.2803,2.47317,0.0828236
4.37103,12.4435,0.05
-5.17557,26.973,0.083741
0.747937,21.5778,0.0937044
-10.5222,27.1986,0.0804768
-13.229,28.1503,0.0831012
-9.38197,22.1572,0.0998822
7.97609,16.6077,0.0781227
1.07725,1.16995,0.125363
-12.0197,28.4715,0.102497
3.75507,15.9822,0.0786851
8.98482,0.188089,0.0693946
-14.8901,3.72601,0.10994
0.0182298,6.27968,0.0815632
11.7688,26.1295,0.117561
1.50084,2.63756,0.0731119
-13.8981,9.09768,0.100246
9.9551,15.1573,0.068567
11.2843,5.44829,0.0799709
-13.5423,21.3737,0.0669046
-4.58319,14.6826,0.0755952
-4.15808,11.909,0.105253
-4.03533,17.1056,0.0901206
11.6417,23.3689,0.0989668
-12.2389,1.2131,0.0503253
-1.45898,10.9058,0.0951345
2.06951,11.7905,0.106346
-2.86218,27.2955,0.0917545
-4.40887,8.89116,0.0755665
3.67393,21.8146,0.0711388
-14.4567,13.736,0.0598536
10.7855,25.3545,0.05
13.6761,22.1828,0.0857801
-4.54579,27.4458,0.0951738
3.09934,7.80973,0.111195
0.0722798,7.14549,0.05
-3.60772,16.2509,0.0868347
-3.76331,19.5441,0.0883663
1.70422,10.9565,0.0925967
1.78821,11.3835,0.0987401
3.02066,24.9515,0.1343
-3.15531,24.145,0.0794237
-8.20899,17.0338,0.102095
13.9474,14.2806,0.0971711
-9.29914,0.0499739,0.05
-0.114388,27.1604,0.101777
-7.08129,16.4827,0.0898479
5.44046,11.075,0.0748089
-9.71362,14.2437,0.0745786
-13.9194,27.076,0.0955493
12.3004,23.6354,0.0701768
-2.93373,3.58372,0.0849465
9.71407,7.91197,0.131998
11.831,20.8652,0.0623294
-9.12979,22.1832,0.0528692
-14.5987,21.2174,0.071407
-8.23522,18.6218,0.0847621
13.3972,9.66715,0.05
-2.88196,23.8268,0.118437
4.07632,15.9171,0.05
6.93429,4.01626,0.0589006
12.8528,29.9297,0.0834368
-13.9626,13.6281,0.111796
-7.13229,2.2809,0.0909735
-2.98586,24.0367,0.115732
-8.10358,25.7286,0.0847278
-1.97032,28.4028,0.108396
3.0019,19.5587,0.0996889
1.90666,9.37852,0.0796647
5.86794,1.90868,0.0601993
-7.05195,0.559946,0.0640725
-2.43205,11.5679,0.0532425
4.9096,0.281773,0.105705
-11.4116,4.28695,0.0703762
13.4797,17.4301,0.0654419
-6.13194,26.6719,0.0573576
-13.5056,13.1495,0.102351
0.816218,7.72998,0.0761858
8.89057,23.3852,0.0915344
-6.36458,22.3747,0.062921
-13.1722,27.8577,0.0764336
12.9268,28.2612,0.08089
-1.15078,14.8085,0.05
-4.25377,5.90808,0.114735
-5.0355,29.4119,0.0996299
-4.72266,3.80253,0.0803678
2.83675,21.0715,0.0841289
-3.51282,21.6497,0.087088
-8.67876,19.8296,0.0814913
6.45368,14.331,0.0662485
1.70854,9.89235,0.103899
2.55536,9.53601,0.0723234
7.14461,7.1477,0.0660681
-5.84293,9.67143,0.0729971
-2.08444,22.04,0.0754831
7.67955,6.82046,0.112446
1.81752,26.5944,0.0751028
-14.6729,22.1747,0.05
-9.3724,16.0567,0.05
14.8997,0.324498,0.100313
10.7315,14.6633,0.0902329
-12.5948,5.87193,0.064998
-13.4594,7.69684,0.0738545
11.6581,13.3534,0.0958302
6.47996,2.84284,0.05
-7.98333,18.4864,0.0571714
-8.59318,13.4206,0.0752707
-2.45444,16.5231,0.0832338
-6.43055,6.45266,0.05
-14.0389,9.36682,0.0583128
-11.3508,22.9902,0.12659
7.98577,26.0422,0.0673492
0.732003,2.7265,0.05
7.81051,11.2519,0.131522
10.098,18.905,0.05
3.24339,2.98749,0.113726
7.97821,26.4095,0.0547229
6.65285,13.6929,0.05
-6.95398,17.1514,0.070077
-0.137648,14.5099,0.08308
-1.43403,2.42606,0.05
-11.3938,7.933,0.119618
7.30907,1.4807,0.0560862
-3.02043,28.7134,0.0839148
-7.41724,10.1333,0.129538
-6.25984,14.5494,0.05
-6.67648,9.53508,0.0694866
5.59907,8.83114,0.127915
-11.4526,10.5428,0.0726675
13.6225,4.38132,0.100232
-5.73347,26.4827,0.114461
6.9491,15.0423,0.11585
-1.01814,23.0017,0.0898349
-4.60028,28.6076,0.0692204
-1.55979,10.0593,0.0999787
14.4303,9.99479,0.0642071
6.6286,9.77826,0.0644916
-10.3074,21.7358,0.0730708
-12.1695,23.3917,0.0840224
12.4107,14.3856,0.05
8.94076,26.289,0.05
0.30929,9.80134,0.0692896
9.47726,19.4139,0.0565366
-11.5419,24.9912,0.05
-0.668955,18.8377,0.0939616
11.7583,24.7721,0.051992
-14.5176,8.73849,0.0989985
-8.80444,29.1726,0.0718253
-10.4547,15.0575,0.116103
-13.6532,11.7152,0.117427
-2.48288,13.0897,0.121968
-9.93496,9.34704,0.0876101
-14.3576,14.4155,0.0812144
9.22353,0.326049,0.0980354
-0.109546,0.264336,0.0920244
7.23487,28.6311,0.05
9.78808,7.42525,0.072686
-13.0933,11.0963,0.0682395
-6.15873,9.60903,0.0621955
-2.34132,5.53464,0.0638088
5.90848,11.1153,0.0989945
-12.3066,1.37127,0.0874899
-6.81701,15.5814,0.0726345
1.11992,11.074,0.05
0.287346,6.17828,0.0516679
8.21073,17.7939,0.0624212
11.3709,22.8359,0.107386
-0.840876,4.24082,0.122867
8.97142,21.0264,0.101103
-2.8403,13.7904,0.0921064
-5.15953,13.9953,0.052645
-7.65531,10.2068,0.119632
14.5857,25.688,0.0725712
9.16494,24.6145,0.0910023
-2.08475,10.1624,0.0693211
9.17612,23.0755,0.0576056
-13.373,24.4723,0.05
8.6964,17.6326,0.109234
5.44456,26.7742,0.0804428
6.58084,7.19449,0.0852937
11.6735,16.042,0.05
-12.9189,9.92069,0.0582119
-11.0917,21.2094,0.0691329
4.46201,25.1157,0.118098
6.7225,17.6012,0.103986
-14.8626,24.9378,0.05
-9.28876,7.9613,0.0702603
-11.3053,7.409,0.117341
14.535,10.1334,0.109549
10.8135,29.6844,0.05
-0.756983,24.753,0.0637144
5.61857,20.5999,0.0959123
-8.04741,14.9289,0.0538299
4.28224,19.1303,0.05
-8.33123,12.5173,0.0869264
-12.6587,5.74702,0.0710892
2.68357,12.417,0.062884
-7.31267,10.9656,0.0618822
-1.25659,12.8227,0.0886912
-11.4238,0.676138,0.05412
-14.8064,27.5577,0.0891043
7.02761,12.2545,0.0741565
-0.0499309,29.8257,0.05
8.24541,1.63538,0.113235
3.232,21.9913,0.112718
-0.278456,3.57583,0.0993607
-2.74277,6.33881,0.0785767
-0.164022,12.3453,0.0668276
-8.76795,6.6848,0.0993353
-11.8963,8.2074,0.05
-8.57152,24.2268,0.0618363
13.5083,26.0838,0.0811656
1.23411,21.0418,0.0958416
1.25331,0.600194,0.0883176
6.45043,11.3532,0.05
-1.52324,22.5587,0.106313
-13.6546,13.1003,0.0545905
-3.43716,11.6582,0.101206
-9.26658,7.79814,0.0944091
-3.42317,4.5413,0.0888014
-6.26408,11.4681,0.0582633
-5.10668,15.3045,0.05
4.95127,28.3422,0.0583586
5.58804,9.48189,0.130186
-8.58171,1.46966,0.05
6.07427,4.47093,0.0737603
3.74975,6.9425,0.05526
7.08036,16.7523,0.05
-6.79903,5.72308,0.0924846
-3.0006,5.59139,0.0611789
-10.7976,21.2937,0.0518193
-13.5134,21.8751,0.0770837
-12.364,21.8978,0.125798
14.6384,22.4965,0.05
4.62073,25.4054,0.11637
-9.81785,2.94215,0.05
9.9981,3.49691,0.05
-11.948,28.8092,0.05
-12.1942,21.977,0.0615462
-14.6455,26.1023,0.0940614
-11.3317,27.3792,0.0540695
9.31121,6.14352,0.146507
-8.50108,29.7906,0.105792
-0.15498,27.5797,0.0856653
-8.91829,10.4318,0.054219
6.97918,17.1838,0.0949273
4.88197,9.36303,0.0986665
-12.1919,21.0698,0.120434
5.115,23.688,0.0682766
7.96143,0.550182,0.0968362
4.33012,7.56965,0.05
1.74033,11.1986,0.0922364
-2.89586,18.5768,0.05
-4.71449,16.8941,0.05
-9.45547,28.0004,0.0825896
-5.5445,21.8834,0.0668015
-7.4869,26.4396,0.0970755
-0.571901,2.5783,0.0753256
-4.71143,29.1822,0.0909077
-2.02422,17.691,0.115522
-2.56331,6.37945,0.0722798
10.8931,24.3253,0.101932
-1.95143,21.5856,0.104069
14.9082,8.1937,0.0917717
-11.1523,9.53324,0.0786654
4.81652,24.7488,0.0627893
-3.30663,23.1736,0.05
10.7514,29.5857,0.0666946
-10.9402,22.1414,0.0666385
-1.80502,9.37838,0.0702316
14.2539,3.03559,0.05
4.75121,0.90238,0.0910032
-2.88416,8.90411,0.0894152
-7.82964,5.02851,0.0827215
9.59772,23.325,0.05
14.9399,29.4593,0.060062
-2.63584,2.93533,0.1111
5.90791,1.80602,0.05
1.51799,3.38868,0.0534451
8.80407,24.6183,0.05
0.329315,18.9505,0.0622363
7.02405,15.4835,0.0524253
0.123208,23.8336,0.0650404
9.93737,18.5763,0.0718523
-7.23544,26.7241,0.0685267
-7.27753,25.4781,0.0782277
9.00271,22.2617,0.131022
-9.21151,5.46552,0.0693811
-3.59545,23.4694,0.103034
3.95559,12.5967,0.0995605
14.775,3.42707,0.0589862
-1.95733,23.2572,0.0785713
12.2967,21.5731,0.078361
-9.92839,16.8733,0.0983033
8.45451,13.1556,0.0615813
8.32606,0.590665,0.068065
-0.481954,1.25872,0.06888
12.3204,12.9809,0.0905989
5.25194,16.0303,0.111325
13.3496,20.0181,0.0696493
2.55727,11.5803,0.0762825
5.98496,5.80226,0.0879548
9.31276,19.0046,0.05
9.6098,17.9321,0.0857729
11.9182,0.113301,0.05
-13.6663,23.8179,0.05
-9.97219,24.3988,0.0705128
-5.19084,29.6116,0.0749873
13.2955,5.87753,0.0947286
-2.74057,3.07909,0.0667619
13.265,26.2134,0.05
8.05492,16.4665,0.0835024
4.31763,6.48261,0.0592535
-0.82751,29.3505,0.069669
10.1063,25.1741,0.0694505
11.967,12.5339,0.0925822
-9.17083,0.697152,0.128915
2.06866,7.30692,0.0854644
-13.7665,23.9243,0.089889
0.401459,28.2529,0.05886
9.78301,0.252434,0.0544459
0.882675,15.9845,0.05
8.16385,5.4135,0.0863812
-5.9805,12.1654,0.0599115
0.371096,1.26581,0.0810742
-7.42827,15.4688,0.0990263
10.1115,28.8234,0.0978625
-13.7496,8.47378,0.0514233
-4.83331,12.1764,0.102059
2.00587,4.81484,0.0824975
6.24186,10.2714,0.0637908
-5.03191,0.72546,0.0600353
-10.7587,13.2995,0.102476
-4.24776,12.5486,0.05
0.502282,21.7889,0.0750831
7.42922,2.36221,0.123064
5.31166,0.462368,0.0861243
-5.54619,16.5018,0.0935014
2.14245,6.85866,0.0831853
-14.8666,20.5377,0.0823341
-9.59899,2.16793,0.0691436
-0.266715,16.0245,0.0802457
8.05029,22.0763,0.070098
1.41404,21.8711,0.0710241
-5.02583,4.50253,0.0905303
-1.59553,8.66891,0.0676295
6.76387,17.7495,0.05
5.98776,10.4344,0.0898764
-1.57146,23.4695,0.0605479
-5.86884,15.6801,0.05
-3.104,10.8694,0.114527
-4.59974,5.91379,0.0899089
-10.1995,17.0164,0.0988929
14.9122,24.3235,0.05
11.0508,8.15206,0.0637312
4.25309,7.89931,0.0652587
-9.31134,25.5971,0.0852235
0.711287,5.31088,0.100077
2.64051,9.88715,0.11243
3.92595,24.5228,0.0604328
13.9977,7.05306,0.0812665
-12.4538,10.5153,0.0644103
13.1698,4.5235,0.05
12.0801,3.50824,0.0891291
-12.3952,17.7847,0.0819143
6.12932,12.0228,0.05
-0.213107,2.02633,0.05
-2.18494,11.83,0.071765
-4.03664,12.38,0.0540124
0.409288,14.0966,0.105268
-1.54649,4.19746,0.0908974
1.64146,7.30436,0.0762792
-8.40601,22.3174,0.0702627
-3.86899,13.148,0.0535707
-5.99019,24.218,0.0865629
6.37505,6.45955,0.0641717
4.00341,3.68084,0.0849318
14.6148,28.2999,0.113586
4.51318,17.5656,0.0752642
3.73793,29.8628,0.05
14.2719,7.13324,0.0606197
7.31782,1.97014,0.0972042
14.4985,24.208,0.0580158
-11.0371,14.8093,0.072368
-9.50449,22.4087,0.0630804
11.8747,1.32069,0.05
-12.038,25.7939,0.109948
8.15442,27.3352,0.105889
-3.41104,24.7148,0.05
-13.7592,12.0262,0.0976815
-1.90943,18.8054,0.0788194
-9.94872,25.014,0.0936542
-5.97626,3.79367,0.05
-8.0407,15.064,0.0814449
13.2547,27.0267,0.0687104
-5.08816,18.15,0.0689867
-1.22904,14.036,0.05
-0.305828,29.0407,0.0832202
-12.8148,23.6623,0.0645578
12.3958,0.813153,0.0654881
10.182,20.7726,0.066965
-0.986389,12.8798,0.0601304
-1.95123,14.3671,0.05
1.25057,26.9861,0.0680938
2.78171,23.3435,0.0968945
-3.75303,12.5313,0.0725547
14.3392,3.66842,0.0866672
-4.06165,1.4229,0.0742626
13.1789,0.959826,0.0711432
-13.3277,9.51598,0.087306
-7.03395,25.7803,0.0956151
-13.3434,22.7897,0.0704149
9.43062,16.9307,0.0694977
-14.6481,2.05859,0.075305
-12.7997,7.50841,0.0666462
13.6224,22.6122,0.067921
-3.45406,17.4054,0.05
-8.62462,7.10568,0.0793364
0.18636,18.571,0.0505861
14.2749,27.5065,0.0676383
11.8005,2.08851,0.0532667
-4.30351,8.57095,0.105328
-6.06774,16.6431,0.07728
7.97368,0.370898,0.068347
4.23285,25.1529,0.114054
-5.01411,22.4317,0.05
5.54221,15.014,0.0948823
-2.64123,27.8673,0.0541788
0.201358,15.7649,0.10416
8.75023,3.21494,0.0708319
-1.86101,12.3011,0.0901453
2.30928,28.0687,0.10922
8.79711,27.7569,0.105361
-7.26602,18.8046,0.0894223
-3.17199,8.72191,0.0851956
-8.11485,29.0065,0.05
0.335114,2.78063,0.106253
-11.7161,2.04193,0.0675435
12.4701,16.6107,0.0810164
5.70673,16.4731,0.0761899
-3.25925,22.5334,0.058845
11.1046,23.5815,0.0906772
13.3274,14.356,0.05
-6.01931,27.6495,0.0993627
-5.57782,17.823,0.0945527
-12.759,13.9998,0.05
-9.71745,23.6864,0.05
4.27107,7.47186,0.0642336
-0.773602,28.044,0.0809123
-0.717273,0.49263,0.0817087
8.4074,3.3105,0.0735474
-6.97483,3.19304,0.0792861
13.3775,23.7319,0.05
7.34064,7.1698,0.0796762
9.53723,1.62062,0.113329
10.8182,10.1355,0.109695
6.15677,14.8378,0.0894392
-6.2859,15.4489,0.108868
-8.61228,22.7088,0.05
-8.64584,18.5929,0.05
-10.1363,23.6653,0.05
0.412235,3.8481,0.067618
7.31548,21.7171,0.058961
6.99899,28.1234,0.112053
2.24199,4.95119,0.0931959
-13.1147,14.5179,0.05
8.86014,8.56128,0.0843573
9.27832,15.5132,0.0555085
0.00772286,12.9517,0.0957455
-14.6782,26.8215,0.0673324
-14.3632,16.7601,0.121039
13.2343,13.8411,0.0722929
4.51248,24.8946,0.0698677
-9.80662,9.76641,0.108797
-2.72885,28.3835,0.05
-14.3293,24.4976,0.05
-2.50603,12.6307,0.05
7.63071,14.6361,0.0881275
7.51883,8.77274,0.0837837
9.92648,1.78251,0.0602477
-12.2838,18.7085,0.0553634
7.32382,4.37134,0.0696068
-3.86502,16.1629,0.0538456
9.88739,9.30646,0.099797
11.3743,23.4964,0.0540672
13.8291,28.8368,0.05
-9.52466,13.1703,0.0536357
5.2839,13.5681,0.05
9.38432,28.1684,0.0797991
0.607499,15.9429,0.0953267
1.88472,4.10692,0.084455
-2.99377,22.1313,0.0849067
-6.90602,5.60573,0.065341
-7.4849,18.3111,0.05
-10.0686,4.98212,0.0960093
-4.93127,10.7569,0.0552623
12.4151,19.8824,0.0942178
14.1861,3.93655,0.0572434
-3.7283,0.857386,0.0960421
4.65673,23.9724,0.0707595
-0.652697,0.821656,0.0886557
0.709609,4.03039,0.0973624
13.1062,14.1458,0.0954492
-4.9804,0.91548,0.0705153
10.7644,24.2314,0.0574127
3.61306,10.0767,0.0856329
-0.537523,25.4318,0.0814348
4.42303,4.72194,0.05
0.385462,16.104,0.0758478
6.99666,6.06781,0.0948812
-4.96578,10.4256,0.0813925
-0.883344,10.4561,0.05
11.2398,3.0764,0.0600386
-4.5997,5.17538,0.05
6.64281,21.1037,0.0785465
-6.05303,13.0568,0.0750727
-4.24578,19.5123,0.107517
-14.1631,3.40595,0.0724439
2.1792,10.3873,0.0882778
-2.2841,2.06181,0.0791826
-1.40482,2.92788,0.112957
13.7033,4.53972,0.077589
4.53297,18.7589,0.0671788
14.7103,1.57297,0.110258
2.086,21.9883,0.0969158
-10.2835,20.9112,0.105296
3.09613,12.6721,0.0936503
-7.31379,17.4766,0.0926421
-9.49645,2.81207,0.0870867
-6.9046,15.1497,0.0988862
-12.0022,18.8469,0.106516
-3.97516,20.5217,0.0573831
10.7065,15.2018,0.0779349
4.92893,22.4333,0.057049
11.6363,10.2864,0.0936534
-13.1274,16.0779,0.0824876
0.98082,19.1028,0.05
5.10728,27.6121,0.0580349
-1.99977,16.7622,0.0551189
-7.9481,25.915,0.0533469
5.19748,18.5232,0.0533304
-10.3266,7.68332,0.0865207
10.406,8.56049,0.12613
-3.51455,5.7866,0.0980513
6.293,29.7208,0.069425
12.9986,22.4233,0.0964881
8.90472,14.5067,0.081633
13.0121,29.8708,0.0863846
6.41826,27.6061,0.0544634
-10.1747,0.806906,0.0587256
7.11933,20.249,0.0842089
-2.76149,4.48436,0.05
13.3194,18.6991,0.090084
13.1483,22.467,0.0569441
-13.6252,0.745662,0.0730724
12.6263,29.1005,0.118894
-7.66827,13.2884,0.0629701
14.7612,21.6306,0.0527328
-13.6544,21.3407,0.05
6.35783,16.6352,0.055872
-7.96276,15.1783,0.0568875
-10.4539,11.4851,0.05
-5.75538,23.3219,0.109183
-13.431,13.3865,0.05
4.03384,28.1285,0.0691324
-10.6081,26.0396,0.0868625
-12.5577,27.7958,0.08667
10.2282,16.699,0.0661545
-7.69098,24.5159,0.0642029
10.0733,19.1842,0.0554488
-0.377273,9.30567,0.0681544
6.83109,8.94689,0.05
-2.54027,8.40651,0.05
8.18248,29.601,0.0658552
-0.60906,27.5924,0.0795575
5.66052,9.81438,0.0622628
4.10544,2.68622,0.105046
-13.2519,2.02572,0.0866753
6.27682,13.2521,0.052183
-10.1133,15.2495,0.0830188
7.92685,25.5206,0.0670602
7.23225,3.88553,0.0786204
3.84798,19.2272,0.05
-5.2044,19.1462,0.0704568
12.1181,9.14911,0.119202
-1.46065,1.18428,0.05
-13.7868,21.3619,0.0840083
11.5496,3.16161,0.0683039
7.09112,25.8004,0.098268
-13.3762,13.8436,0.0976739
14.1436,17.6881,0.0694852
0.448923,8.20551,0.0576473
14.2803,16.8177,0.0558983
-1.1741,6.92318,0.05
-3.71431,28.5457,0.0756838
5.49955,29.5446,0.112893
-5.83465,18.1083,0.107979
10.0969,8.34037,0.0511449
1.2256,12.0205,0.0996019
-0.238698,4.17934,0.108964
-12.3153,17.3267,0.0544703
-5.73955,12.6954,0.0527557
-0.0804173,11.6711,0.105488
-3.69003,12.9276,0.0525271
-11.265,3.15822,0.0835746
5.85479,11.5211,0.0745204
3.17936,24.6532,0.0809843
4.75763,14.1251,0.124345
-7.93404,17.0618,0.0745893
-5.84044,27.7316,0.0974187
11.2857,8.42934,0.0809544
3.56484,27.246,0.0934971
8.93159,7.38311,0.0766003
6.14711,21.7651,0.05
-8.98915,7.01836,0.0699815
-2.01076,16.4484,0.05
-10.9224,23.3208,0.0605278
-5.32098,29.0323,0.0501839
11.8328,10.8328,0.0855386
-6.9678,5.43787,0.113525
-11.9404,29.1304,0.05
1.13194,13.2895,0.135723
-3.15334,9.68102,0.0681733
14.8536,17.2473,0.05
4.9761,2.71102,0.0859341
5.44566,5.87015,0.05
12.5389,1.22377,0.0689764
8.25942,2.56614,0.0695476
9.62908,24.7245,0.0837365
-14.783,17.5735,0.05
1.47719,22.4759,0.0895674
3.84188,27.7172,0.0885522
-8.94683,27.8034,0.103794
-14.2533,2.76169,0.0785333
11.2491,0.0747471,0.0747474
-6.07151,23.068,0.0923691
11.0898,14.41,0.0813307
-2.63567,18.8629,0.104334
-0.201267,25.7857,0.0539992
-5.57383,12.7197,0.0697232
4.39752,28.247,0.0530958
-3.75135,2.84322,0.0817774
9.43306,23.2327,0.0906291
-6.19081,29.6661,0.0805106
-11.0813,11.3934,0.106543
13.4434,4.60842,0.0752578
11.7645,17.1905,0.05
-8.51165,20.5919,0.0772278
-13.1028,17.0697,0.0670643
-6.45752,10.6493,0.0786758
6.07468,20.8911,0.136053
0.392889,12.167,0.0718726
-0.718706,22.8807,0.0925122
-7.33502,0.931833,0.0717238
11.0766,23.9117,0.139837
9.6906,19.0671,0.05
-9.49908,4.37756,0.0840862
-2.81825,14.2455,0.0725045
-5.43168,16.1058,0.0906831
-7.38172,26.6698,0.0585674
8.99563,3.4006,0.0834361
6.35552,12.8256,0.05
2.55486,25.8176,0.05
13.6037,24.3503,0.0539086
-14.8093,19.6187,0.0820431
-6.6994,20.9934,0.0909515
3.54037,9.47344,0.0501514
10.9766,3.16705,0.0805362
9.35869,20.4279,0.0756584
6.57311,8.09601,0.0774062
11.4433,20.1748,0.106521
1.09278,26.5717,0.05
3.08532,4.81305,0.101724
-8.03534,5.0662,0.0735131
11.4087,20.4702,0.068701
13.5661,22.2993,0.0671015
0.323708,9.61533,0.0506389
-11.7747,4.61554,0.0631965
-12.1435,9.32728,0.098686
11.8486,19.8976,0.085757
-8.50553,24.8546,0.119167
14.9334,27.6687,0.0666212
-3.25597,28.0122,0.0707699
3.51688,11.2604,0.05
-2.41597,22.3031,0.05
4.04898,16.7115,0.0892521
7.26326,25.6285,0.144941
-0.253829,22.4292,0.0884426
-0.937177,12.1445,0.05
2.0333,12.6248,0.0726816
-3.56216,28.3944,0.0842607
-7.76176,4.33397,0.108196
-4.14918,28.1833,0.120823
-8.85913,28.532,0.100175
9.98568,28.199,0.0604719
-1.87439,9.9062,0.0566311
3.00952,6.2194,0.0766116
9.83254,26.8705,0.0744027
-10.1278,12.0409,0.0734102
11.8962,24.3606,0.0934458
8.80822,2.05028,0.122436
-5.46797,3.92549,0.0511564
-13.3605,9.72243,0.121736
-8.63483,10.2832,0.0670431
10.1787,3.99735,0.110199
-2.50206,18.9402,0.05
14.9334,20.5046,0.0665713
-3.33306,9.50678,0.0557605
3.52048,29.5799,0.057509
12.6327,25.668,0.0679243
-10.457,25.0832,0.10033
7.7496,20.45,0.0697035
-7.49263,19.1894,0.0848891
-9.65685,19.6777,0.099138
7.16007,11.5868,0.0522378
-10.7529,9.59258,0.0839775
-6.48483,26.6288,0.0670632
-2.22549,17.9925,0.0601417
-2.18086,4.96479,0.121389
-6.69929,4.75526,0.0952947
-8.7202,29.5849,0.0942301
2.25527,17.4781,0.0802149
1.8005,27.5198,0.05
-10.9702,23.1179,0.056049
-0.61696,21.2664,0.05
-12.7225,8.58871,0.0917208
6.95057,24.3664,0.0938387
9.0331,27.6227,0.065469
6.40231,27.7694,0.109596
2.07945,4.526,0.0863433
-7.31645,8.83317,0.0709696
-7.3594,11.523,0.0930859
11.962,8.14342,0.116411
11.5774,0.942686,0.0788577
1.57101,26.8212,0.0876405
11.7393,3.82547,0.05
-12.1608,6.37096,0.108854
-8.48512,14.2515,0.0771225
-1.97145,14.0101,0.0792768
-13.5505,22.5529,0.0913419
13.8036,12.5026,0.0899712
3.03808,9.51484,0.116929
5.48701,0.102622,0.102631
-0.43088,5.70775,0.105441
6.01712,2.6594,0.05
-12.8937,8.12968,0.053391
13.3323,7.63792,0.104735
-3.37923,4.24841,0.0515321
13.4014,14.6452,0.111353
-2.18948,21.1769,0.0910931
-10.3588,6.96473,0.0761822
-4.37246,10.0943,0.0994069
-7.33539,28.8815,0.0961189
10.1242,27.3627,0.0741911
10.6938,17.1223,0.0845192
-10.5944,23.6891,0.0585378
-7.93549,14.0448,0.0893286
2.16128,21.4453,0.0815922
-6.27841,21.8357,0.05
-13.2073,6.32372,0.05
10.8839,16.9005,0.0661181
10.0183,8.27657,0.05
3.79336,11.732,0.0726113
4.58329,25.2386,0.0545421
-9.45633,14.9633,0.05
8.12307,6.7574,0.05
3.27017,6.52065,0.0636737
-10.3783,27.1279,0.0719804
13.0135,3.66188,0.0841259
-10.7771,13.595,0.05
13.2774,1.46784,0.0675952
-9.10025,28.1095,0.0972573
9.47614,20.5562,0.0706747
8.6108,10.4209,0.0983728
5.82942,19.8993,0.05
7.30602,26.2913,0.123665
-0.205337,11.764,0.0501685
8.05979,25.5606,0.0717216
6.26899,26.6272,0.0817851
0.350731,11.3413,0.0938039
2.2677,2.33707,0.0720599
-12.1451,5.69675,0.0906756
14.8875,1.01095,0.112542
4.80349,27.1849,0.05
14.1939,20.3636,0.0893595
7.06906,6.92221,0.0869077
10.2881,12.8277,0.0841777
8.34807,14.5643,0.078655
6.07233,13.5806,0.0765432
-14.5602,4.52544,0.0673569
0.422841,27.0594,0.059044
4.36007,23.0914,0.107517
2.02128,6.30007,0.0641411
-14.2205,1.34428,0.0819988
-5.39706,12.4649,0.074213
-8.70617,6.1174,0.05
-8.77491,24.0155,0.0703157
-7.32124,25.852,0.0665652
-6.22295,10.8412,0.05
1.85854,5.93111,0.0733916
-12.294,17.2244,0.05
-11.5637,14.1405,0.0887552
1.31729,23.8917,0.0673978
9.07262,18.6991,0.05
-13.8859,5.8462,0.108141
-14.13,21.7824,0.05
-7.04413,10.8865,0.0523992
13.4546,18.6414,0.0569038
-12.6722,22.1135,0.05
-6.02699,17.9976,0.113928
-11.5887,15.4235,0.05
-13.5668,20.7135,0.0900226
-9.30986,12.0506,0.0872599
-13.9109,22.1143,0.0555549
-10.9704,1.0103,0.101269
-2.72401,23.7445,0.05
-2.04768,24.1431,0.0704766
0.709507,6.14479,0.0986133
-9.27752,8.82273,0.101956
11.5691,5.89097,0.0681547
3.08786,22.4994,0.0703374
-8.42611,0.648148,0.05
12.454,26.4315,0.0668619
7.74925,3.95919,0.0936656
-2.28183,16.5107,0.0898187
-8.25321,11.709,0.116037
-12.3124,22.6147,0.097007
-8.4577,0.195927,0.0563337
13.946,5.24918,0.075601
-11.8727,20.8866,0.0725114
7.11395,19.9281,0.0666634
-0.426051,0.977971,0.05
7.86243,0.430978,0.0581208
-4.71089,26.2587,0.0825564
0.0764595,25.4109,0.0704144
4.36176,18.8179,0.113912
-4.77724,10.6993,0.109171
0.0497799,8.5831,0.087726
10.5006,10.4874,0.0511377
11.9966,14.7197,0.12295
7.57385,9.55251,0.05
-4.78928,27.2525,0.058869
-12.112,13.7841,0.0593325
6.16537,2.1939,0.0699764
3.50809,24.0211,0.0941343
7.20009,9.37421,0.064758
-11.8553,0.573591,0.0996036
-0.628191,22.6857,0.0969703
8.27228,1.86603,0.118991
-9.2323,25.2466,0.0968129
6.14068,18.5565,0.0532167
-11.8908,24.5223,0.0965965
14.284,29.3388,0.0831009
-9.7634,16.3527,0.0647084
4.7257,3.0393,0.107214
7.32571,10.3325,0.0526999
-14.95,28.5951,0.05
-14.4111,2.79988,0.0838764
-6.51416,17.8274,0.05
12.8137,29.596,0.0545463
4.57651,16.5526,0.113717
-1.5094,6.95287,0.067653
7.38395,17.3937,0.0948907
-1.93434,0.0746252,0.0746515
9.32524,13.1251,0.0967158
-10.6479,14.3816,0.0710813
-13.4234,19.7844,0.109009
0.51371,27.7512,0.0887046
-4.99945,15.5707,0.0643766
-8.35828,19.3038,0.05
-6.37326,22.1196,0.05
3.5517,28.734,0.0633881
5.19941,0.364797,0.0626229
-9.86744,16.7262,0.0609812
11.4349,10.4656,0.0714589
-9.07512,22.7803,0.0878107
12.8367,13.9527,0.115926
-6.29816,19.9312,0.101527
0.0602782,23.0062,0.123758
8.47073,25.2119,0.05
10.4315,10.2326,0.111927
7.97101,26.7575,0.0729468
4.19231,16.4455,0.100557
-6.86916,8.25317,0.114262
0.703662,2.18275,0.113431
-1.5756,27.3217,0.083378
0.693142,22.5731,0.075519
-12.1883,27.1109,0.0931455
14.7558,3.55524,0.0706133
2.074,29.1849,0.0804054
-1.93268,16.0284,0.0829143
0.809028,29.0346,0.062617
1.80998,25.7305,0.0712191
13.8249,6.26442,0.0873006
-12.0056,6.30209,0.0609471
14.5358,26.0707,0.0778528
13.1209,1.80146,0.118576
-4.42262,28.3961,0.0928133
-6.03281,8.70565,0.05
14.2426,1.91649,0.0688526
13.9334,14.0565,0.05
13.8177,23.2348,0.121027
6.44252,8.01876,0.0742752
-8.01181,28.7156,0.05
-11.2072,0.842201,0.0844229
0.458149,26.7627,0.0688784
-3.85477,26.7882,0.0934324
8.1552,19.522,0.0952582
0.0175722,0.906428,0.0747712
1.74095,26.164,0.108209
-1.20118,10.6706,0.0857105
-10.9123,29.1701,0.108938
13.7466,25.5129,0.0806289
10.0579,8.68382,0.0519336
-5.3784,17.9189,0.05
8.3609,14.3304,0.0564932
-5.26263,28.9249,0.0720335
-0.549377,4.73163,0.0891076
-14.3931,24.4094,0.0588601
7.43893,21.6657,0.0651362
12.4796,29.8836,0.0960321
10.4968,24.7178,0.121484
7.57775,1.35327,0.0720505
-12.8952,28.3413,0.05
-4.7918,9.33911,0.11188
-3.12682,5.31704,0.05
3.7064,22.7399,0.0570203
-10.6124,16.2138,0.05
-4.42037,25.7573,0.111911
5.23836,24.5205,0.0921193
-0.0869651,15.7322,0.080077
4.06933,6.6683,0.107428
-4.38882,22.6178,0.0763373
-6.61775,24.1312,0.0793137
-7.20212,28.774,0.0751313
-12.9559,3.01146,0.068506
14.6163,29.0148,0.0650149
2.49227,5.86205,0.0856656
-2.45542,3.45048,0.0953236
10.0713,2.42269,0.128616
-14.7448,19.4521,0.0966429
-9.99739,23.226,0.0958499
14.571,22.3914,0.0748834
-2.3217,24.6562,0.0625282
14.4676,4.42107,0.05
8.91693,17.5257,0.111037
-5.97807,3.67041,0.0732875
-6.49564,17.5114,0.0613372
-12.1588,2.01742,0.0754143
-3.40304,15.568,0.0578541
-11.4249,29.3121,0.0752037
10.0732,10.1109,0.11028
-5.86229,3.47294,0.0826194
-0.867586,5.28409,0.05
-2.71045,16.6506,0.05
8.20843,6.00616,0.059954
-9.50245,19.0884,0.0952574
-11.2273,25.5949,0.102206
-11.6456,4.84636,0.089732
-11.1361,6.65853,0.0540354
-2.69485,4.03271,0.0614174
8.27699,26.2224,0.11111
-5.33214,25.418,0.0606873
3.23407,4.6877,0.0928093
3.14945,17.1772,0.05
-7.84953,24.1102,0.0746623
-9.82275,1.01401,0.05
-9.39228,3.78693,0.05
8.08229,18.4576,0.094674
11.4096,21.5348,0.0721755
2.27862,9.76337,0.124478
-3.38389,5.4732,0.053884
12.6739,27.0026,0.106732
-5.12938,16.54,0.0986031
2.12288,2.06805,0.0569907
9.7098,25.7981,0.122061
10.6928,22.1826,0.05
-12.9617,17.0561,0.0548512
-6.10205,19.2311,0.0774942
-8.64619,3.68669,0.0730643
-9.86921,26.7657,0.103048
2.36065,20.3437,0.0511065
7.46778,1.5211,0.0811443
-11.2954,27.054,0.100661
-0.376158,25.4523,0.0812208
1.70531,11.5886,0.0634328
-8.12468,2.60112,0.0755805
-6.48668,28.4947,0.100878
-1.57846,10.6427,0.05
-13.2492,18.567,0.102373
2.68697,18.0906,0.0521362
0.706133,27.4495,0.116497
-14.0687,5.00762,0.0775231
-2.31926,29.7441,0.0676424
-8.89807,3.77403,0.0688796
-8.08901,5.79329,0.0990656
14.5038,29.4599,0.0809666
-3.20583,15.4909,0.05
4.34927,14.8295,0.129191
0.116076,26.3066,0.0822445
1.32736,7.19616,0.0649206
3.81913,2.77448,0.103795
-7.65208,8.6901,0.0589473
3.38433,5.33886,0.074626
4.99468,16.9509,0.0974207
14.5563,18.0023,0.067155
-2.0292,14.4802,0.0760512
10.3404,5.08876,0.0663435
-6.41573,28.3615,0.05
10.8841,24.1222,0.101426
3.78076,15.8306,0.0748084
6.66263,3.9232,0.0533831
12.8802,12.6762,0.0546208
13.4028,5.34892,0.0772655
-6.44106,0.0621043,0.0621164
10.9414,7.62291,0.0557608
13.6932,26.1013,0.104555
4.59853,5.59946,0.0925363
6.02218,2.75926,0.05
4.41838,19.9094,0.0514106
-9.05473,19.3368,0.115325
12.5279,11.6331,0.10279
10.7274,20.4374,0.0922417
-4.02956,23.8582,0.0712191
-14.7904,12.8228,0.05
7.48683,28.0842,0.105948
13.2515,4.43708,0.0689148
-12.4083,10.0804,0.103398
8.53708,20.0838,0.05
8.58799,17.9421,0.107033
6.48429,10.7084,0.134848
13.6764,7.11845,0.0511862
9.29968,14.4245,0.05
-4.27902,19.9869,0.121915
11.5772,14.6267,0.05
-5.69383,22.1166,0.0885882
-4.79473,12.6409,0.0586067
-14.8115,5.88191,0.0501322
6.05579,24.7863,0.0751237
-3.34285,2.7405,0.102903
12.7631,9.93332,0.0950556
-14.9075,13.6079,0.0925036
-0.972315,26.0258,0.0989215
13.0397,22.2827,0.05
6.2674,22.9846,0.05
14.2547,19.0665,0.0680417
7.87129,24.8239,0.0587972
5.39901,17.5749,0.119064
-11.7998,6.07543,0.0804054
3.88537,26.3231,0.0884151
10.7192,28.0646,0.0602246
12.0038,25.2837,0.0672062
0.727822,6.56066,0.05
-11.3648,26.0827,0.05
-4.98167,12.9557,0.0814079
13.5562,21.0624,0.0600742
5.04273,21.3727,0.05
7.20487,16.586,0.0600918
2.69295,19.978,0.100373
-14.95,5.52333,0.05
-10.5096,27.8549,0.0631171
12.2477,25.6633,0.0791242
7.18754,8.90748,0.0528891
-4.67445,0.288241,0.0826525
5.28331,27.9827,0.0778237
4.047,5.74958,0.05
3.39379,2.32566,0.0983267
-2.27452,2.44089,0.0620113
-7.64501,2.35928,0.0813284
4.58565,11.3066,0.0967947
13.0664,3.3253,0.0531003
12.271,29.2008,0.064824
6.88939,11.6196,0.0570825
-11.1365,1.60871,0.05
12.9806,4.24939,0.0632221
-7.17033,27.4798,0.0773055
11.2323,26.2116,0.0600978
8.09865,17.869,0.0725014
14.846,5.83106,0.126588
4.31716,8.90494,0.0758492
-14.7786,23.5274,0.05
-4.96768,16.8646,0.0745393
-13.5881,10.0605,0.05
-1.73833,2.0769,0.0707768
-7.18518,21.6111,0.0681961
-5.25753,16.1597,0.0759634
-9.8493,17.3219,0.120793
10.7061,8.96889,0.0921408
6.22221,11.5354,0.0851234
-13.147,29.6528,0.0738613
8.9039,7.18121,0.0962498
9.29831,4.45223,0.0640391
-7.6589,9.83928,0.0506722
-2.02423,3.69169,0.05
-7.38007,17.3114,0.0852945
13.77,11.2489,0.10506
2.31937,6.42965,0.0525209
9.37904,23.3626,0.05
-14.9272,26.9594,0.0727415
-4.17496,9.18901,0.05
-7.70081,12.8631,0.0632023
-13.9788,3.02309,0.0937439
5.80446,4.85467,0.0532346
1.29844,7.36526,0.077213
-13.6308,10.5163,0.0857475
-4.87226,17.2336,0.05
-14.4819,25.3361,0.05
3.576,23.3222,0.05
-9.0789,15.1058,0.106826
-10.5408,12.6257,0.106375
14.3768,29.2137,0.0726243
-10.5807,3.32464,0.0608434
9.06252,19.2245,0.05
13.5932,14.6701,0.0819892
-6.68351,4.26202,0.0503157
11.2902,1.60875,0.083244
13.3941,1.94555,0.0904201
1.12316,23.2254,0.11413
-7.11682,3.73472,0.0862477
-9.58688,6.99981,0.0504569
-8.82922,13.6075,0.0832052
-8.73574,4.10866,0.0728619
11.8276,23.4487,0.05
-6.7989,26.5981,0.0697053
-14.4716,5.13911,0.0606606
-0.767465,17.7151,0.0791487
3.94214,19.5006,0.05
0.640123,24.6693,0.0582527
10.8196,18.9804,0.05
5.01764,26.3435,0.106079
5.60496,8.32961,0.0520763
-12.7819,3.33806,0.0795228
0.0779601,28.9595,0.10721
-14.0165,21.1765,0.0539954
14.4022,25.2391,0.117132
-2.22533,27.7471,0.097327
13.9141,13.6233,0.104957
-9.44261,8.08792,0.0642456
5.43625,6.97684,0.0984284
-12.6119,9.41174,0.0779649
3.06666,21.6506,0.116032
-1.5136,10.5666,0.05
7.99938,13.1818,0.106304
6.22388,22.1246,0.05
-12.0983,21.5207,0.05
-8.0175,10.2922,0.074082
-4.34304,14.7236,0.05
9.65406,3.04806,0.0859232
13.8576,18.9496,0.0897989
2.17919,12.3842,0.073267
3.32567,5.76542,0.0714412
-1.7111,20.8541,0.05
-10.0874,17.9077,0.109396
3.61036,8.96771,0.0638314
-3.62197,8.86259,0.114088
-9.22366,4.26886,0.05
0.96474,21.1138,0.094092
-12.265,16.2927,0.0954968
7.82225,17.4577,0.05
12.18,12.9882,0.05
-8.7424,9.13883,0.0922342
7.65589,14.3756,0.104494
-14.8857,8.48378,0.114315
-9.62125,26.7601,0.0862449
5.85158,12.9081,0.0847442
4.69599,10.4349,0.05
-3.12139,12.9577,0.05
9.88097,19.0717,0.0519153
-4.93076,18.1737,0.0700422
5.12361,12.1572,0.0657657
3.85447,5.78965,0.0620456
14.95,0.710852,0.05
11.2288,14.4204,0.0581197
-5.01664,10.986,0.0686866
12.5352,12.8433,0.05
-7.93698,25.3214,0.0959064
0.323628,28.5809,0.0756111
12.282,26.0511,0.0611654
-9.00399,23.1683,0.100305
-11.9349,23.2017,0.0593003
1.51956,12.6924,0.0574298
13.9754,26.7421,0.0658198
-13.6653,9.37813,0.0648203
5.70231,20.2919,0.05
5.28719,19.335,0.0547392
1.46489,22.8975,0.110557
8.42566,20.3769,0.05
2.65396,4.27212,0.083629
-2.03718,0.847403,0.0551489
-7.82243,1.58835,0.106108
1.93974,15.6948,0.122075
-5.79206,23.9934,0.0941103
-4.15826,17.5807,0.111278
13.0788,3.91657,0.05
6.47556,7.46456,0.0712464
-3.66585,12.0128,0.0561487
13.6739,12.7137,0.05
-7.73258,15.569,0.0645762
10.0662,10.2955,0.0744183
0.0784926,19.9332,0.129856
0.0434972,28.6361,0.05
-12.4965,28.7924,0.0841357
9.49124,28.6493,0.0786199
5.90009,25.023,0.05
-7.61684,15.3998,0.101752
-8.48467,22.9268,0.0571399
-13.7018,10.0777,0.0649384
-14.5003,29.6958,0.106108
3.01073,10.4557,0.05
5.1612,2.67808,0.102082
-9.74566,17.0423,0.150596
13.5572,18.7436,0.0629972
0.956642,19.2334,0.0707516
-3.77569,8.06167,0.0982135
-2.44919,15.6761,0.0768107
-2.7703,10.7856,0.0530955
-6.48869,15.1265,0.0881806
0.229609,25.8922,0.0830162
-8.15878,27.6629,0.0791752
-11.9919,15.8693,0.0894474
2.01702,29.5042,0.05
-3.79614,25.8017,0.0803945
-10.9706,18.5767,0.100488
9.59126,19.8825,0.0903248
12.3962,8.20185,0.0933957
11.4711,15.3224,0.102995
-10.9576,0.388959,0.0594998
-9.67622,19.8334,0.0576869
-1.80127,7.98292,0.0637961
1.86728,16.6459,0.05
-9.7336,20.4714,0.0520835
10.461,9.97549,0.080838
-6.6958,5.60775,0.0623114
-14.9321,20.6729,0.0678796
-8.32595,1.39251,0.0742284
9.65644,18.8273,0.05
-3.03404,12.0968,0.0874798
0.390043,5.63433,0.0740947
4.4844,28.1603,0.0546657
8.45829,28.5,0.107485
-9.39942,23.7207,0.0567521
9.59542,8.25007,0.05
11.6559,21.7067,0.05
-1.72872,25.8096,0.0874923
4.1565,13.1599,0.083237
-13.4434,4.41941,0.0724692
8.51766,10.0648,0.0744147
-12.4503,24.6899,0.0697583
1.43915,23.7721,0.100329
11.9377,11.929,0.0720591
6.4748,11.5607,0.0700923
13.0281,6.62862,0.10068
8.88067,7.79478,0.083486
1.23688,9.12549,0.0918064
5.40128,19.652,0.0925535
2.56733,26.5937,0.119129
12.0538,14.0431,0.0611075
11.5266,26.1964,0.05
9.55581,0.102557,0.102576
12.419,8.84319,0.05
1.66004,16.5379,0.0954597
-2.42448,10.3312,0.10792
2.31097,4.68658,0.05
14.307,4.02028,0.0898027
-6.87047,0.605833,0.108328
6.36232,20.2946,0.0927944
3.31127,22.5225,0.0556284
5.31255,26.706,0.05
-5.50405,11.863,0.0840024
-2.15153,13.6191,0.0989763
-8.57005,3.0283,0.0793099
-13.2878,23.2983,0.05
8.27809,4.36288,0.120684
-12.4747,3.74717,0.05
-3.08228,17.1167,0.0982865
6.77135,5.72366,0.0572678
-4.97589,6.97359,0.0651592
-11.8824,10.51,0.107057
-2.98279,26.4327,0.0749791
-11.7348,25.3804,0.0538014
12.5456,9.21334,0.0807932
14.86,25.4165,0.0917057
-2.98407,14.2918,0.0996679
-11.954,12.8,0.05
-11.0505,12.7713,0.071787
4.65314,21.0114,0.106596
-1.4936,0.534069,0.0689716
9.00917,16.6897,0.069634
14.6273,3.39906,0.0913967
-10.3317,29.032,0.102335
-9.63469,22.638,0.05
-1.82817,4.47555,0.127874
-1.91304,5.43113,0.0856236
2.85701,22.0319,0.05
14.7431,19.9311,0.085238
7.24089,7.9688,0.0698774
8.37228,13.0206,0.0958494
-14.1196,23.9197,0.0883425
1.94911,20.1588,0.104414
14.8483,13.0655,0.0547107
-0.072116,7.0799,0.108593
-10.7981,2.55504,0.0895499
-10.7171,10.7071,0.0978062
-0.730092,1.79109,0.118113
-11.1811,12.4873,0.0801817
-9.71932,14.9113,0.0766024
-12.0632,15.6183,0.108969
-4.82323,17.7449,0.0732299
7.7159,7.80757,0.0841644
8.22734,26.0186,0.0986797
-7.59166,27.3681,0.0548202
-5.69412,0.809614,0.088323
-12.804,24.539,0.066543
-6.03116,20.2948,0.0668739
-13.1492,28.5789,0.0641124
-1.56441,17.5382,0.050604
8.35174,4.65016,0.05
-5.25769,25.6922,0.0545052
7.35543,16.225,0.128772
-4.42179,11.0684,0.0953712
13.7102,25.1552,0.05
1.17582,27.544,0.05
14.1325,0.200528,0.0695773
-4.34799,24.7051,0.0767945
-2.75089,28.5852,0.0769148
4.01048,0.956278,0.0633678
-9.31227,14.2252,0.113387
1.31393,28.5722,0.0940233
-8.41524,15.4242,0.0604447
0.261021,19.8419,0.0742141
6.00393,22.4034,0.0665317
-6.93576,13.1649,0.10332
-0.241049,6.28022,0.05
6.97929,17.891,0.0730136
4.46696,13.0727,0.0704329
-2.38915,15.4744,0.133665
2.27419,6.75502,0.0844371
6.81653,7.70691,0.0898167
5.25718,17.7022,0.0714979
13.5248,20.2742,0.05
-12.3342,12.219,0.0938992
-6.49946,5.12132,0.0550679
2.76274,17.8786,0.0766249
-11.1584,5.3549,0.0916132
6.18258,6.03431,0.0569079
11.7091,10.5202,0.0887507
14.1873,19.1634,0.05
-7.70943,10.9051,0.0581707
-9.9482,4.30422,0.12086
-13.7794,12.717,0.0976894
1.45834,6.73937,0.0732781
11.4484,28.2367,0.0752154
-10.3259,14.4121,0.0736811
-6.07929,10.7461,0.0550588
-2.58578,2.77458,0.0572776
9.63873,4.47645,0.05
-3.14505,0.882414,0.06277
6.23541,25.1837,0.0785697
-1.37889,19.8379,0.050949
12.0761,20.195,0.109301
9.72171,17.0402,0.0942422
-4.19558,15.3146,0.0928113
-7.43594,20.7823,0.0538885
3.59443,22.3768,0.0895702
-3.39513,28.2003,0.05
0.551357,16.1204,0.0908626
9.72317,15.3953,0.05
9.97302,20.2248,0.0554343
5.98686,22.6325,0.0784753
-12.5155,0.545273,0.05
2.50879,16.7402,0.0599076
-12.488,2.6678,0.104119
-1.4033,10.3403,0.051638
-11.6806,13.8937,0.0842658
11.9029,4.2315,0.0848805
1.14966,20.4126,0.0944634
-13.0527,2.69749,0.0843158
10.8465,8.32722,0.0605192
-12.8233,1.64932,0.0887657
-4.58271,11.0666,0.0655592
12.8952,6.12939,0.112432
-13.3773,17.2289,0.0674323
-7.0255,12.566,0.05
5.20139,15.7361,0.05
12.5035,0.700231,0.0906707
10.4257,17.3299,0.0762997
-7.18902,29.95,0.0700753
-9.6412,6.62013,0.05
0.879224,18.2757,0.05
-6.99163,6.26784,0.05
11.7951,28.8231,0.078998
-5.08922,0.984113,0.058184
9.78298,5.11504,0.0632379
9.07478,21.3789,0.082556
-11.9571,19.8915,0.112881
10.0544,26.7548,0.0754206
-1.86536,28.7297,0.114933
-12.6707,4.42244,0.0519015
-11.4004,6.83545,0.0739725
-2.08907,9.40742,0.05
14.9094,20.8291,0.0905457
-6.61782,5.10731,0.0641144
10.3025,21.0404,0.128032
-2.88737,14.1077,0.0816955
0.904885,0.0804477,0.0804526
-8.59128,19.1756,0.0708548
7.21395,23.1427,0.0787759
5.84537,20.2732,0.0942909
4.10965,17.8959,0.05
3.48802,9.38806,0.05
-3.74185,10.0278,0.0991734
-0.892211,4.62364,0.085293
13.7584,7.61293,0.0819095
2.27507,15.4157,0.0887866
8.01804,20.721,0.05
13.9453,18.7999,0.0836528
4.09238,25.6687,0.122918
4.34157,15.9962,0.0862768
10.1728,4.16869,0.061247
-5.82425,21.8249,0.0979893
14.5481,25.5513,0.0692164
13.5742,16.8762,0.05
0.702639,13.6334,0.0663518
-11.8786,28.6622,0.0527792
-12.8712,3.69098,0.0963397
-2.48087,29.755,0.0935739
-6.25833,0.454755,0.0539762
-12.5416,14.2412,0.084818
11.2469,2.84214,0.0583759
4.19277,27.6231,0.0621849
7.07111,11.2587,0.0964469
12.4986,8.78267,0.05
5.84781,20.4901,0.122676
0.898912,1.60977,0.0549918
10.526,11.0083,0.10739
3.52054,4.92539,0.0779865
1.58304,19.7326,0.0900563
5.69236,14.8058,0.0568445
9.054,11.5696,0.0851622
9.86607,11.7611,0.05
-3.29268,18.8114,0.10842
8.34647,29.9307,0.0534811
-7.0332,18.3704,0.0856671
-6.93308,7.81691,0.051358
8.64402,11.9594,0.0671073
-14.8173,21.7136,0.0530241
0.732232,14.5361,0.0548029
13.6768,8.13471,0.0733041
4.60485,13.4604,0.05
-10.5984,2.55415,0.084739
6.59836,20.0007,0.108813
-6.80587,9.87521,0.120635
-12.5256,4.02487,0.0823726
5.81014,0.200671,0.0995496
0.968414,15.8583,0.102557
-0.0314687,22.8587,0.05
-0.628494,18.1617,0.0739402
12.3192,25.2412,0.0688558
5.12855,0.538525,0.112202
-0.257385,27.9163,0.0952392
9.95729,23.6467,0.0793057
0.398593,13.6695,0.0520166
13.7396,25.3183,0.0725062
8.83,25.486,0.098091
2.82882,5.2238,0.05
-3.72839,20.2903,0.134252
-7.03224,0.814467,0.0699819
5.75367,18.1604,0.0635323
-13.8873,10.7199,0.0938551
-11.4222,12.4245,0.0592079
5.63807,14.0712,0.0881269
-14.7679,11.584,0.05
11.0102,19.2973,0.0988827
-4.35362,9.89075,0.105047
-0.252211,27.028,0.0893481
8.22241,3.59877,0.05
12.7846,15.3687,0.0668011
10.293,9.80874,0.0657517
-11.3809,5.76513,0.0738569
12.8134,23.1598,0.0530432
11.3895,27.229,0.0710597
14.2786,26.9256,0.0626587
-0.348574,28.281,0.0876996
-7.73617,24.3541,0.0769966
6.54164,18.8045,0.0782428
0.343802,4.51032,0.05
2.88901,15.4592,0.0891312
-2.62882,17.1365,0.075289
14.2072,22.3626,0.088282
-2.3081,22.8823,0.0934747
-7.98945,26.7165,0.079048
-2.03378,25.7913,0.0652286
-2.02561,4.47422,0.05
-13.918,0.593165,0.0508131
13.8657,4.02055,0.0587829
-12.6624,25.8888,0.0711843
-14.927,0.869171,0.0730106
13.8646,20.9271,0.0638517
8.14484,2.4362,0.103693
13.471,25.7521,0.0817644
13.5631,23.1307,0.0953348
-10.7329,12.2888,0.0768599
-6.52507,13.1349,0.05
-3.57529,18.4284,0.05
-14.8104,16.1123,0.0557251
-14.6081,2.51644,0.0627501
13.0096,26.3983,0.05
-6.26063,26.9198,0.0941905
-1.99563,26.0839,0.137906
13.6278,14.7974,0.05
12.4547,23.3469,0.0637362
8.60467,10.2195,0.103112
-1.53825,28.9317,0.107273
-14.1041,26.2471,0.0843789
-10.4216,0.856663,0.0978134
-3.67552,5.2763,0.0573222
8.21805,18.7701,0.05
-5.12161,0.835088,0.0816122
-3.70095,3.19589,0.05
7.21398,5.95193,0.151405
-11.014,22.2546,0.0502687
13.5397,24.1084,0.0550742
-1.75217,26.6132,0.0998183
4.81816,20.9753,0.062313
-10.2586,21.4541,0.0761672
-9.97215,8.58612,0.100337
-9.96009,19.7409,0.05
5.16998,9.52439,0.06077
1.01371,17.6089,0.0755135
1.71764,24.7929,0.0981451
3.06186,29.9479,0.0806916
-7.7766,10.3555,0.0521188
1.72637,6.2891,0.0768385
3.97703,2.78043,0.0542248
8.71392,17.1513,0.0743602
-8.8383,11.7351,0.0731701
-8.09404,24.6277,0.05
-6.18762,14.7156,0.0926682
7.31761,24.2131,0.099997
6.24436,1.91256,0.05
-3.70177,26.4855,0.05
-1.19674,2.05153,0.0845934
9.84256,18.191,0.0895159
-1.5473,26.9954,0.050315
-1.42078,29.2532,0.0527173
-9.92853,23.4081,0.0848825
13.5316,16.1868,0.0954634
-8.70954,10.6792,0.05
14.8326,12.8614,0.05
3.53316,6.6261,0.061666
-2.47211,6.9052,0.126284
0.691098,10.744,0.0922818
-3.82507,27.1713,0.0889571
-11.386,0.562665,0.0654692
-12.4394,26.7463,0.05
8.16726,17.1186,0.0550937
-0.217618,26.3117,0.104159
11.2291,24.4635,0.0537623
-8.06916,28.2082,0.086789
-12.177,1.89152,0.05
6.87703,14.1197,0.0686354
-9.85723,14.3639,0.112741
5.984,11.4024,0.100907
-12.0945,26.5028,0.0989447
-12.2953,29.0183,0.0780843
9.56769,13.3489,0.0734994
10.5327,10.8511,0.05
7.41562,5.5656,0.101992
9.32655,27.7687,0.069597
-3.02334,11.4302,0.074199
3.90567,10.834,0.0617967
7.44134,27.6947,0.132813
-5.647,25.6903,0.0818838
14.0855,14.3514,0.05
-8.83749,17.5108,0.05
-6.20314,7.28288,0.0679384
-9.90061,29.4935,0.0882924
-2.84881,4.85123,0.0890853
6.1698,25.0659,0.0562049
-1.13161,20.0422,0.05
-6.81318,17.4448,0.0738238
1.71609,27.2122,0.0553166
-10.9495,9.0303,0.05
3.81287,12.552,0.05
-14.6325,14.0763,0.05
-9.77532,11.6893,0.0637333
12.3413,29.5782,0.127523
-9.88013,27.3434,0.05
2.39685,29.337,0.126208
7.71084,9.48829,0.061745
-10.1207,17.1428,0.05
-2.89586,1.66107,0.0841545
5.11869,15.8326,0.0762876
9.12666,25.6118,0.119939
-6.88065,17.5634,0.0625924
-7.85198,17.4929,0.076494
-5.43909,15.2394,0.109532
-10.7531,19.1269,0.0548048
-2.09653,16.5903,0.111857
-1.3429,15.5934,0.136916
-4.66612,13.1788,0.0527464
10.0587,12.4539,0.070241
14.6245,12.4548,0.05
-9.86435,14.1512,0.100096
3.7404,24.4229,0.0902439
1.04331,10.8368,0.0596478
10.9752,16.2486,0.0940566
7.00964,8.48231,0.0698959
-1.06477,24.1966,0.05
-4.97576,16.5252,0.0557335
0.918513,27.9601,0.104481
-3.94836,1.09309,0.0743017
-14.0838,27.7007,0.0819923
14.8044,4.60807,0.0926394
12.8466,17.7151,0.0786587
-6.79306,7.30165,0.05
-13.1603,29.0283,0.05
2.69722,3.11971,0.0708578
-11.1177,4.86246,0.05
-9.23094,3.03029,0.0960138
0.910532,11.9242,0.05
13.6277,8.36724,0.0508677
14.95,2.66867,0.05
2.30387,25.2266,0.05
-13.9427,28.6294,0.0588868
-6.00781,19.6645,0.05
1.2475,2.60307,0.0569454
-4.52099,12.421,0.0775876
6.19204,12.759,0.116321
-3.95409,12.7311,0.0761159
14.3745,18.7067,0.0921944
14.1913,17.1026,0.0841563
-1.04325,12.1142,0.0603259
11.5618,19.526,0.05
9.7022,21.5252,0.0698715
3.03269,2.96469,0.0982157
12.0923,5.65427,0.0796176
9.36833,3.45757,0.0737673
12.3957,15.6247,0.0943323
11.781,18.8698,0.0964452
4.32821,24.3068,0.05
-2.12434,29.1317,0.0638366
-3.21341,4.28269,0.0902132
11.0091,18.2416,0.0618759
-11.3914,28.6523,0.05
-9.29163,5.91555,0.0669603
6.85765,22.9958,0.0906697
0.645634,5.50082,0.100898
0.600846,5.15672,0.0890977
4.42835,3.21391,0.0658038
-1.22754,23.0821,0.05
-1.73679,11.589,0.111905
-0.744597,3.6936,0.100901
12.7707,20.4962,0.147097
-10.8259,6.69835,0.0931354
1.30146,13.2136,0.05
-0.842342,10.9976,0.0749357
1.24185,21.4064,0.103524
-2.2674,19.6543,0.0739807
-6.78905,21.4859,0.0647629
-12.0977,2.43364,0.104047
6.33671,22.5127,0.0590385
1.3952,3.78683,0.103736
9.60953,18.5826,0.0635573
7.9232,26.1775,0.0813412
-3.90005,24.2819,0.0805036
1.0388,19.3561,0.0769164
-13.6257,14.589,0.0936364
0.909162,8.826,0.05
6.89052,10.6941,0.106752
-0.995586,15.391,0.114721
-7.21567,17.6125,0.0749515
-8.10356,0.556325,0.076524
4.64817,8.66219,0.0629168
-13.8396,0.944182,0.0756149
-8.96365,17.2357,0.05
10.3615,9.45375,0.0730727
3.9068,6.75594,0.0552229
11.7016,8.95934,0.124408
3.60619,27.024,0.115789
11.4429,17.5304,0.100991
-7.74079,8.94529,0.0514756
4.14517,23.4842,0.0620744
-12.7528,6.05931,0.0896287
6.31909,25.0175,0.100746
2.97418,15.1332,0.05
9.59153,4.73838,0.0900813
1.92025,3.79578,0.100342
-5.16722,29.4869,0.0519164
-14.7964,25.9837,0.0979242
-14.0863,10.77,0.107494
11.1341,17.3775,0.071984
-3.87468,7.3342,0.05
-6.13807,7.1021,0.115093
-6.08261,6.49901,0.05
14.95,6.64605,0.05
1.95264,4.40087,0.0836431
4.24293,5.07642,0.0957234
-10.2277,16.1805,0.0888976
8.11313,15.4754,0.0938023
3.61324,13.7223,0.0756539
3.93713,13.5834,0.0942868
12.8637,11.9966,0.0615389
-3.19735,12.026,0.0558851
14.6357,16.7917,0.0715485
-1.99955,4.81645,0.104559
-13.6573,15.4487,0.0660112
11.0745,0.975487,0.05
10.0696,21.2312,0.0635866
-9.90354,12.8593,0.113996
11.7206,22.9598,0.0858525
-0.981123,6.7078,0.0790167
4.28515,28.4986,0.11227
-14.7478,16.2325,0.0797626
7.05541,29.5397,0.0808035
10.9546,22.9832,0.144598
2.65906,5.78863,0.0965759
14.0083,27.3609,0.0953315
-11.6863,1.51114,0.05
-12.5217,4.44372,0.0986097
-5.74996,12.0022,0.058704
-12.7991,6.53878,0.05
-0.604953,5.15417,0.062301
-5.06816,27.0624,0.0559944
4.63211,24.8869,0.05
11.1053,4.82107,0.0985198
-3.63587,22.7515,0.0637204
9.13777,14.7271,0.0547269
-6.24748,9.67766,0.05
11.6424,18.0215,0.0944747
3.79155,26.9906,0.0725271
7.4293,12.5606,0.108528
1.36457,7.93986,0.054708
-7.77303,16.4429,0.10125
-14.8702,9.93164,0.129752
6.18387,22.8398,0.117199
-13.5179,17.2319,0.0732307
-13.7949,14.9391,0.0839365
-6.25951,28.2607,0.05
10.6517,26.6924,0.0751198
-3.70359,3.95566,0.05
-10.9569,15.7095,0.0746769
6.30595,22.4081,0.05
-9.93304,28.7037,0.05
-11.8182,7.52551,0.0627166
-14.179,7.74235,0.0635759
-2.63096,23.4555,0.0893074
-14.3193,19.8695,0.0660484
9.64358,17.4328,0.0790745
-10.612,8.88961,0.068505
13.1522,23.6704,0.0793795
-7.23111,19.0579,0.0676073
13.7748,25.7671,0.0676083
0.837897,22.5193,0.078924
-14.5058,21.0301,0.137596
8.44694,4.83324,0.0790321
-3.931,0.442555,0.0928767
-6.6996,29.8212,0.0890745
-5.34879,27.8089,0.08982
8.85755,6.96469,0.0959614
-12.893,9.77473,0.0900425
6.64848,6.53699,0.116262
-3.10801,20.1108,0.05
-13.7763,8.67722,0.0727868
-3.41294,27.7286,0.05
-13.2171,18.716,0.05
-0.663565,3.22772,0.05
7.26289,15.1322,0.107271
3.33159,4.36641,0.106197
-2.29116,4.20799,0.0805142
-11.8426,14.3399,0.0539821
14.5003,13.8167,0.05
7.19946,11.6958,0.0635667
14.1041,5.84361,0.0828691
-0.763111,24.1384,0.076972
14.4472,14.6442,0.114618
-5.98841,13.2123,0.0933327
-13.8694,13.8352,0.11537
11.0219,0.403906,0.0677638
-14.0711,11.3767,0.103692
14.6609,0.789139,0.05
-11.4996,2.19015,0.0870432
0.136492,12.3029,0.101682
-0.151111,24.0157,0.0747433
-8.92447,19.8073,0.05
1.94528,3.33386,0.100622
-4.21227,4.64574,0.05
-6.64894,11.8649,0.0776746
-9.71032,26.0728,0.073262
12.532,9.34552,0.0520805
9.24318,8.32619,0.0641455
10.0142,15.5536,0.05
-1.56536,21.4432,0.0856362
-9.27023,26.4568,0.05
-1.90266,5.00337,0.105984
12.2839,15.2595,0.0973597
-6.70678,12.9727,0.0815201
11.8131,21.9768,0.05
-1.09055,1.39352,0.0518884
-14.5955,9.08349,0.0870713
7.31964,8.17999,0.070398
-1.41014,8.50706,0.083805
4.54504,22.9794,0.108687
14.9399,29.1061,0.0601357
14.7227,19.4578,0.05
4.8572,22.5568,0.05
-2.91809,2.16971,0.131684
2.69666,21.8134,0.0923975
-12.5014,23.571,0.0631454
11.3007,14.2087,0.0579432
0.947597,21.5101,0.0592252
3.03334,21.2993,0.0737603
-8.17235,13.0559,0.0833375
-0.209173,17.2197,0.0644086
-12.5233,19.5525,0.05
0.430724,21.8922,0.0505822
-9.88692,21.2921,0.0786282
-11.0444,17.8406,0.0993322
-2.84847,11.2136,0.0694314
-1.16902,29.9036,0.0863849
-10.0721,5.86799,0.0902915
-14.8139,4.23289,0.0863319
8.80401,11.0224,0.0631063
-10.8368,18.0117,0.0504641
10.1775,7.97967,0.0901399
-2.61831,15.2054,0.0754671
-13.4531,5.61505,0.0583043
-7.07808,29.4788,0.0869951
0.781763,5.97732,0.0681046
6.36816,11.426,0.0598251
2.67718,19.4737,0.0669761
-1.37106,28.3046,0.0911708
-2.04625,9.17872,0.0715204
-0.614076,17.4831,0.0810021
10.1393,29.578,0.0932396
4.77278,21.8162,0.0759758
14.9211,2.04219,0.0789153
-0.171543,24.7273,0.102526
-12.1967,25.7333,0.0599338
-9.95277,8.78008,0.0569232
-1.22595,23.846,0.0949862
7.56372,7.13966,0.0929663
6.30807,7.89492,0.108509
-2.3028,28.8193,0.101875
0.133757,27.9711,0.0686117
11.9728,1.79234,0.0595474
-8.21014,25.1748,0.106201
11.9323,25.6122,0.112658
-5.09786,6.1918,0.0701143
-9.83849,25.6112,0.0876848
14.7213,7.91861,0.0876504
-1.09444,9.58228,0.0746882
10.882,2.40745,0.0644156
-4.06192,6.98612,0.0795687
-5.18938,28.6634,0.0819712
6.63977,5.14142,0.0933427
-2.99296,4.0765,0.0775229
-8.26703,28.5449,0.0880357
-6.33228,7.05649,0.0844016
7.84372,22.7695,0.05
-7.38908,10.7111,0.05
9.00109,2.08918,0.05
-9.63314,9.80221,0.0683409
-12.0371,18.5635,0.110688
-4.47309,24.6278,0.070266
13.3464,26.9389,0.0517039
-3.52924,24.1905,0.0591705
-11.404,20.0903,0.0981011
-5.46051,19.5347,0.05
-13.0283,12.1885,0.0568203
-9.36927,22.4236,0.05
-14.3152,26.4397,0.0802381
-12.5787,1.31294,0.0714874
10.9575,27.9018,0.08866
-11.5048,8.59982,0.0928214
14.6532,20.7421,0.0512367
-2.54978,5.10233,0.0735306
2.41793,14.3648,0.0585939
6.58325,14.9196,0.0634507
10.0426,1.28228,0.0693136
-11.2942,5.64441,0.0716484
11.5841,3.42218,0.05
-2.49602,10.0878,0.0870847
-9.01438,2.3266,0.0879232
-7.40109,24.1414,0.085365
13.8546,4.76107,0.0905649
10.9891,16.9793,0.05
14.4971,19.5196,0.101414
-2.29925,16.2333,0.0749629
5.55966,7.79743,0.0812144
-11.0315,0.0499733,0.05
-4.0529,21.1008,0.105733
-10.1018,10.6458,0.0822846
-13.4124,0.188764,0.05
14.814,12.9666,0.05
-13.9772,15.1671,0.109215
-4.97357,18.6288,0.0630385
-11.1798,15.3045,0.105468
11.0621,7.38488,0.0562213
-9.71284,27.388,0.0689458
9.95584,27.3747,0.094637
2.83728,25.0162,0.0601531
3.38643,25.1572,0.05
-11.2978,2.23093,0.118855
6.46926,18.2743,0.105416
-14.1912,3.72149,0.0562479
13.1986,22.7093,0.0830134
-4.25632,9.74957,0.0625194
0.313497,19.356,0.0900059
-8.72181,5.93419,0.111616
-13.5854,22.1024,0.0539259
0.681978,3.87234,0.0630956
-10.5006,22.2407,0.05
3.45641,23.8241,0.05
6.00018,1.70489,0.0869359
-11.238,14.6363,0.05
-10.246,17.1579,0.05
-12.3794,11.5605,0.05
4.70031,23.5169,0.0895906
7.17427,10.351,0.099865
-6.85379,9.39712,0.0842031
-5.88441,16.7145,0.0722003
6.32988,26.9377,0.0629469
-13.8694,1.62797,0.074581
1.39732,24.1177,0.0676679
0.47283,25.0404,0.0537617
-0.69686,0.185028,0.102322
-11.8813,16.331,0.0637928
-6.43741,10.3841,0.0654794
-11.1693,22.7055,0.0618243
11.8512,24.0174,0.0942725
4.97504,29.6375,0.0800289
-12.5835,29.3759,0.0789723
11.6197,4.92018,0.0714438
5.92268,23.3899,0.0964515
-13.7634,14.2127,0.106655
-1.80828,23.7942,0.0818485
6.85132,11.5111,0.057922
-3.49098,23.2263,0.0715504
-11.2256,21.1889,0.0662723
12.4296,20.2327,0.0885571
2.83445,5.36596,0.0922704
-4.11219,13.334,0.0805768
-8.80776,18.8827,0.056198
1.23428,11.4427,0.075766
-4.59696,3.67181,0.100986
-0.51598,0.888764,0.06365
-1.26812,25.5238,0.107666
6.35734,11.5353,0.05
-11.0205,28.0605,0.05
2.44422,3.96732,0.115081
-13.1747,28.7302,0.0893347
-0.84361,6.79545,0.0840636
10.666,2.8859,0.05
8.03375,14.5692,0.05
-10.447,29.6057,0.0927726
0.91099,5.62326,0.0574697
7.51798,28.9384,0.126098
12.8625,16.2173,0.0675351
-10.5111,3.44347,0.0768745
3.20036,5.37299,0.112483
-0.221476,26.5634,0.0872309
-10.9553,2.5075,0.051864
-14.8921,23.8208,0.107903
14.95,29.2158,0.05
-5.22576,14.6911,0.0695903
13.565,7.12536,0.0604428
-5.51069,7.56431,0.0887604
12.6424,24.256,0.106555
1.91438,29.1913,0.0793458
11.484,12.4527,0.0918811
-11.5013,19.8404,0.0555496
8.81263,26.2945,0.0781594
-1.54413,20.8311,0.0991328
4.09569,29.0678,0.05
-7.57197,5.07095,0.118529
12.223,23.0716,0.05
2.04264,19.7056,0.0984103
-9.86834,19.583,0.132628
3.88793,20.9276,0.0886343
-13.254,17.6518,0.092289
-4.36006,3.72019,0.109548
5.00648,25.6454,0.05
-8.64921,18.3603,0.0903847
9.49648,20.0032,0.0631275
-0.899667,19.5591,0.104829
-14.6519,22.3509,0.1145
2.65563,27.4977,0.05
12.5018,29.2431,0.0704323
0.716731,18.8036,0.106678
13.5819,0.235888,0.0557404
5.69351,15.1486,0.107642
10.5551,23.6941,0.0802089
8.8557,14.2964,0.0649311
-11.4754,21.0164,0.0779256
-5.83717,25.568,0.05
8.72429,23.6402,0.0834303
-7.0501,21.7872,0.0697069
13.3556,13.6058,0.0562887
8.82099,26.7413,0.0666424
-3.8665,10.8088,0.0780922
-3.00075,15.6148,0.0999592
-7.93968,12.8396,0.0540269
13.2472,21.9406,0.0551895
1.29059,19.768,0.0939416
-12.3506,11.3368,0.05
-3.94031,0.242358,0.107585
8.42111,23.6998,0.0929678
3.43471,29.0527,0.0634951
5.29708,14.6752,0.073217
-14.3783,11.5256,0.0832485
7.09548,15.1403,0.0603309
4.73573,4.08299,0.05
6.29614,9.40418,0.133538
-3.74305,0.212791,0.0908427
-4.54614,26.59,0.0895545
-8.66267,0.341667,0.05
4.93281,14.0721,0.0586637
3.36526,5.52282,0.110326
-8.94108,4.1483,0.105617
12.1574,26.3551,0.0506137
-8.68983,29.2775,0.0835249
0.565494,4.7842,0.098454
-12.3799,24.5613,0.0767759
3.11238,9.31165,0.0994205
-10.1365,9.87049,0.0887238
3.85758,0.0567994,0.0568009
-8.75198,8.0998,0.0857049
3.0442,8.30779,0.106391
11.4476,16.5003,0.0875789
-6.60001,12.2221,0.0608247
-0.158226,3.38653,0.124923
-6.29151,28.3589,0.053342
-4.60833,17.9152,0.0705813
1.87832,3.61478,0.0854496
3.08021,5.14998,0.0536831
-10.4441,11.0505,0.0893766
3.70138,25.113,0.0531365
-11.3413,21.0996,0.0798724
10.1036,18.5683,0.0945601
-5.08923,16.2004,0.0971874
-12.2847,20.7559,0.105633
-10.4649,27.5013,0.0658111
-8.44915,27.9601,0.106656
10.7344,2.9685,0.05
13.5128,0.984785,0.0813251
-11.9461,19.5159,0.0591167
-10.8276,27.9963,0.05
-0.818703,8.84909,0.0774858
10.1116,12.8022,0.0941356
-13.8523,27.4731,0.0593821
5.09277,24.479,0.0592693
11.6469,6.83829,0.0842704
10.3236,14.1188,0.0886386
2.22772,18.6347,0.136038
-0.5956,27.1481,0.0780077
-6.01011,22.1304,0.0936902
-10.0501,26.5866,0.0691108
1.26804,10.9684,0.127875
12.4053,29.7438,0.05
-5.21113,18.4737,0.05
-7.73593,24.0524,0.0527736
-4.52919,18.3945,0.05
9.90508,21.2623,0.103818
0.246036,23.8588,0.0603555
6.21051,19.9167,0.0937165
5.97809,17.498,0.05
-4.63254,29.5783,0.0886747
-10.967,29.8004,0.103138
-5.67476,3.23261,0.0675499
8.17435,27.0997,0.130378
-13.2084,23.1722,0.098937
-11.0143,16.7638,0.0867483
5.09446,17.5148,0.0769612
13.8331,25.9366,0.111567
-1.95209,9.77277,0.0977667
-7.42547,24.892,0.0639339
-1.97349,20.9497,0.0653564
7.74026,3.09355,0.0564813
-11.2315,24.6547,0.123379
9.3927,29.5299,0.0575696
-11.0175,29.2893,0.05
11.8435,13.3135,0.0938024
9.69723,22.4397,0.0538322
-4.03207,10.3069,0.0775027
-12.1985,29.1345,0.0569621
13.6925,4.73667,0.0733423
-5.43439,24.2995,0.0537428
6.78163,29.302,0.0908229
-8.7183,3.11805,0.0940142
6.02885,17.2513,0.107365
10.4608,12.7744,0.0912485
-2.72063,19.6598,0.0727081
-14.7457,11.2938,0.103153
13.5305,22.1773,0.0599504
10.1342,20.611,0.0660728
0.067527,9.85526,0.0790636
13.2382,14.2614,0.0799871
-12.0514,26.0806,0.05
0.167084,18.0192,0.0827849
1.476,16.3092,0.0960079
5.525,0.669844,0.0773261
-0.832084,8.08221,0.05
2.84841,3.6698,0.076166
-3.71243,18.3803,0.0953516
-10.3826,4.57759,0.0557391
-8.55492,8.76208,0.05
6.51411,26.2052,0.05
0.522695,15.7647,0.102028
-11.8829,28.2937,0.05
-1.91599,10.6936,0.0675666
12.7126,27.1815,0.0762836
-5.98075,19.4015,0.0582486
-7.89661,16.1022,0.104604
-10.7163,13.8275,0.0975589
-4.04651,2.00057,0.103388
-1.05053,0.681703,0.0821145
10.5451,7.37525,0.0691639
11.2867,25.7719,0.0784477
14.7518,0.351251,0.05
-13.9184,21.3974,0.0523071
-12.6028,11.1687,0.0688497
0.812399,26.9676,0.0853118
-5.4967,24.8804,0.0919827
-13.8683,26.7014,0.0680086
0.227841,21.7467,0.0537679
-8.2869,28.8396,0.0899904
13.1949,12.4499,0.0737498
-10.8075,10.0355,0.05
-4.01921,12.6231,0.05
-12.9104,11.4653,0.0813543
8.25926,19.9492,0.116782
-12.0363,19.6068,0.0680552
-2.13224,26.9847,0.0836834
-7.03324,24.9616,0.10815
-13.4847,1.10824,0.0769592
3.54521,6.47959,0.0853336
-14.5488,3.14004,0.0701153
-2.96161,19.2091,0.0758983
9.11058,13.8158,0.0585693
3.02214,4.16592,0.05
-3.85043,10.3526,0.0795722
13.4894,6.65875,0.130405
0.625946,8.92689,0.0763851
-10.2681,22.4273,0.0858361
-8.31783,9.95225,0.05
12.3797,12.6647,0.05
12.6891,6.98971,0.0800021
7.51411,0.653027,0.0621421
0.138444,22.2697,0.141961
-5.14589,4.67543,0.119973
8.68088,21.8712,0.116013
-11.027,4.94351,0.0716113
2.15416,6.54335,0.0811766
3.30201,13.3367,0.0908834
-2.17465,10.5815,0.0777026
1.34589,24.6101,0.0781156
3.14385,20.2444,0.05
3.08949,3.2511,0.0751921
-1.20603,19.9731,0.0515975
13.0101,7.15131,0.0696846
13.3039,21.5864,0.0627632
-11.1268,28.7645,0.0781012
6.71522,24.3974,0.0588223
-11.9822,9.0558,0.0733945
7.42118,4.60066,0.0816532
-1.02483,27.4625,0.0995704
11.7809,0.344168,0.0980882
-11.4076,15.6059,0.084853
11.3897,1.93918,0.11773
-6.96712,22.2182,0.077266
-9.60754,18.5652,0.0667425
2.72518,13.6409,0.117136
-13.6334,14.3093,0.0552968
6.81219,26.678,0.0938195
-1.16946,22.8913,0.069746
-12.8591,13.5487,0.0812609
-8.13651,26.3757,0.0780971
-8.00187,20.9929,0.0547533
-14.1439,20.1228,0.0648259
10.6902,3.83774,0.0688631
-0.950263,29.8437,0.120867
-3.69457,28.8232,0.05
-12.8104,17.0531,0.0964864
1.86583,9.1881,0.115081
-4.43548,18.9404,0.102634
-8.99502,21.5209,0.0617444
-1.05628,25.2775,0.0730602
-7.62117,26.3105,0.0891917
-9.74275,5.48677,0.0940551
10.2407,13.4349,0.0808244
8.30756,23.8273,0.0776922
0.105769,3.5798,0.0859605
5.32459,13.9303,0.0684701
2.34107,27.7621,0.0788791
3.04611,21.9811,0.0734499
-7.04377,5.60621,0.0711671
9.30225,25.5757,0.0593251
-6.77552,5.08751,0.0553002
-4.83928,5.91117,0.0575178
-2.31602,20.7987,0.0647299
-7.86419,16.9087,0.0936389
-14.2863,28.0264,0.05
-12.1755,1.48597,0.0867743
12.4887,15.9731,0.0836015
2.07051,3.79129,0.05
-7.8012,20.4157,0.0764325
-7.35082,25.0545,0.0721033
13.24,16.2827,0.0993101
8.78728,16.904,0.103016
-6.58865,29.5858,0.0840011
-8.67023,4.4197,0.0596555
-2.25417,6.85722,0.0967835
-4.38635,11.5225,0.0675261
13.3982,27.0619,0.0790058
-10.9248,2.25692,0.0712429
-12.8177,17.9276,0.0683974
-4.83307,18.6836,0.0877448
7.37004,23.2273,0.0752496
-6.3052,24.2605,0.0556489
-8.60866,9.74237,0.0524307
6.33869,12.9376,0.0631638
-12.8593,25.711,0.0744313
1.23285,1.6982,0.0605864
-11.1982,2.50562,0.0677471
0.444347,7.57099,0.116209
-14.7106,28.1716,0.0964414
10.591,26.8309,0.0742274
14.5363,17.8237,0.112489
-4.1947,10.4143,0.0964867
2.90644,22.4818,0.0906687
-10.6272,25.1086,0.0717868
-6.97033,0.185873,0.05
12.2739,11.2788,0.05
-14.5362,16.36,0.0995335
1.11741,15.8911,0.05
-11.9709,1.18402,0.0692584
14.0104,4.7619,0.0652281
-7.3884,2.16084,0.05
0.782185,15.8919,0.0866691
-10.014,0.791447,0.0822689
6.25091,5.44166,0.0949959
-8.29534,4.93624,0.0959489
5.99171,14.4829,0.0599759
6.94336,13.9061,0.0555302
2.91704,11.2069,0.05
-3.64015,16.4791,0.067611
8.99899,19.4594,0.0546908
14.1051,17.2939,0.125644
-11.0372,5.28169,0.05
-4.93367,6.62477,0.05
7.9867,22.273,0.0715263
0.780332,16.4272,0.0840644
8.91268,4.22207,0.0872104
-12.0377,29.8604,0.0837841
7.32269,21.9512,0.0794902
0.236643,16.4807,0.0627761
2.37712,11.0176,0.104782
-3.18636,8.56943,0.0679622
-5.63808,9.17436,0.101967
13.1403,6.48088,0.0827179
10.7418,27.5101,0.0873903
-8.16071,1.2003,0.05
-3.61036,6.36346,0.0828659
14.3125,17.6857,0.0993832
0.643015,8.2229,0.137222
13.5317,20.5821,0.116321
-5.26378,14.9687,0.0572116
7.10099,1.84286,0.109629
-9.81161,23.3013,0.0734507
14.4803,25.7673,0.059292
-4.58421,22.9139,0.0970723
-11.6207,3.06861,0.136887
-14.9432,22.252,0.0568381
8.9064,24.224,0.0503953
-7.30966,11.1694,0.0709021
8.1183,17.9899,0.05
1.11357,5.30724,0.066054
9.62161,26.1028,0.0660422
-3.19352,20.0589,0.05
6.41354,7.24934,0.0907683
-2.11098,25.492,0.0506613
-4.48836,4.05084,0.0924335
8.11794,16.8296,0.108974
-2.21389,10.7061,0.0528852
10.2787,29.1243,0.05
-1.05109,13.9703,0.0551025
-7.89975,4.61989,0.113316
-6.39804,11.6196,0.0625078
-3.46854,10.3969,0.0699965
8.51311,11.316,0.105834
-8.66355,3.41439,0.0898276
0.670093,26.7872,0.144478
-8.18558,23.5567,0.0888464
-0.435814,16.5734,0.0814977
7.31003,0.494403,0.101904
-9.96434,24.8484,0.0558233
-6.31145,14.8422,0.084491
11.878,10.0199,0.109276
-11.5933,27.6955,0.102583
-3.64697,19.8621,0.05
8.23748,17.935,0.0812134
9.95688,28.034,0.107018
-14.6571,29.5576,0.0695377
9.13058,11.9751,0.0622693
13.8703,5.8902,0.0504929
1.92296,27.9059,0.09991
0.0612399,24.3478,0.0856663
1.63451,14.2878,0.0762534
0.50448,12.3088,0.102722
3.54937,6.9442,0.0892813
4.08301,28.273,0.0835525
-3.409,9.43317,0.05
-10.6682,5.3787,0.113827
10.5722,1.22648,0.0603764
4.52753,3.87229,0.118614
5.5294,9.76217,0.0788673
5.14412,25.804,0.05
-5.66187,20.5457,0.0714358
-12.0702,27.5349,0.0704643
11.6276,27.5047,0.061705
9.15768,17.7947,0.05
9.83634,4.80745,0.05
6.16028,4.78297,0.0883802
9.53742,2.62547,0.05
14.4922,26.8399,0.0619458
10.753,19.2496,0.0775703
0.49285,11.7045,0.0667241
7.22698,26.6019,0.0771905
13.8379,8.72314,0.0846805
8.5354,24.4321,0.0523774
-12.3728,2.79208,0.0653409
-9.96652,6.91093,0.0861757
-8.88809,26.6349,0.0522412
10.2624,0.214511,0.05
8.63965,23.9611,0.0909499
7.80826,9.62686,0.107649
10.796,24.459,0.0632309
-9.84344,5.82986,0.132012
-2.10349,8.65946,0.0848324
-5.23341,18.1253,0.0783574
-11.0839,22.1528,0.0732242
13.2591,7.50157,0.05
-8.92281,29.6302,0.113372
-7.60792,1.34812,0.0617573
-4.29502,9.36133,0.0667285
11.9779,14.1242,0.05
-6.53418,12.4466,0.0695943
4.68913,18.9444,0.0899739
-14.117,2.95433,0.060675
-7.301,4.56679,0.05
-0.0962951,10.0581,0.0816379
1.71303,8.9411,0.0683599
14.1761,1.64297,0.0820301
-2.94531,8.23854,0.0677185
-5.32156,28.2799,0.0747912
4.83539,12.2995,0.113248
13.9059,25.4976,0.0793907
-13.4425,2.72059,0.113056
-10.5439,11.8545,0.05
9.95313,4.7325,0.0887864
5.59077,2.8459,0.103618
-2.82941,11.3315,0.05
4.15621,3.63789,0.0576523
-7.80415,16.7559,0.0681619
14.9356,13.7657,0.0644251
-14.4872,20.8278,0.0550483
-8.57969,18.0352,0.0650693
-9.62521,8.62751,0.0986425
11.2921,23.8631,0.0796044
2.24833,1.63193,0.0875883
6.11471,25.2509,0.0596012
-12.4904,0.700263,0.10704
-5.00136,9.93234,0.05
0.479008,3.72006,0.0533464
8.46305,16.5409,0.104535
8.67754,16.3054,0.0739203
-1.26711,22.2797,0.0757933
7.87838,4.09779,0.05
3.89154,14.4648,0.0598876
12.6253,29.8926,0.05
6.81026,5.59003,0.0576312
13.007,21.1418,0.0827941
-11.1247,27.0999,0.0761586
13.4229,13.3737,0.0748489
14.1905,12.4241,0.05
-3.35778,2.04825,0.069763
-3.08473,0.739336,0.0925087
-12.5079,2.97648,0.0719656
14.3658,28.8918,0.061505
-5.79445,20.1598,0.0770667
-6.23392,18.8142,0.0925633
8.13322,17.0031,0.065225
5.52429,24.7137,0.0985705
-9.26986,5.1218,0.0707351
5.66056,9.67059,0.0719662
-14.3847,5.60695,0.0799056
-4.06676,16.0022,0.0855966
-14.0892,6.28865,0.05
3.34207,18.5029,0.0892106
-8.54356,12.2485,0.0501577
-7.72899,26.8062,0.0692161
-10.2131,22.6824,0.0592296
1.88025,24.7874,0.0645508
-13.7617,17.1693,0.05
-4.81829,15.5067,0.0725927
-5.91709,29.9605,0.110723
-6.29105,13.896,0.0872542
-10.9282,19.7475,0.078338
1.33767,19.2606,0.0768586
-8.95758,24.5994,0.0509284
-3.97033,6.66943,0.0629785
-1.65431,24.8282,0.0788365
-10.0787,7.93616,0.0954762
12.8425,24.5593,0.0758857
4.24999,19.3493,0.118215
14.0803,16.9168,0.114011
7.42551,19.3353,0.0713171
-8.99414,6.08171,0.05
5.19162,13.8147,0.107726
-11.4355,11.1959,0.0956653
-11.2455,8.32269,0.107177
2.73985,27.5894,0.05
-5.85856,10.4605,0.107615
-12.0154,24.6734,0.0992693
-4.33125,7.83789,0.05
5.14723,20.3897,0.0521764
-13.3185,11.4118,0.0890057
-8.7334,2.04933,0.05
7.62017,28.3261,0.103279
2.98668,2.13005,0.127165
-1.73842,23.5139,0.112192
-7.42492,20.1442,0.0695541
3.64414,16.1425,0.05
-3.27409,21.3869,0.05
-11.286,1.0146,0.105036
0.0948311,29.3098,0.0508032
-4.83802,16.6324,0.052872
-13.5411,17.8187,0.0849925
-5.58315,20.3276,0.05
-8.11727,29.8918,0.05
2.86039,9.49567,0.0617869
-12.6013,0.0741389,0.07417
-14.3773,9.95748,0.0684595
-3.39201,5.93183,0.0919706
0.847791,23.6315,0.05
-9.90447,28.3863,0.05
-9.03632,20.5573,0.0925696
7.10432,27.7966,0.0944771
12.6281,25.8235,0.0876011
-11.285,12.3333,0.105545
-14.0487,21.8955,0.0893287
-14.7504,5.17887,0.0630348
-1.18308,4.08948,0.0720774
-0.224482,15.2055,0.05
6.36391,19.963,0.05
-10.5687,10.2301,0.0931737
-10.0683,16.3618,0.0761339
3.1149,1.43583,0.0892844
11.4844,12.694,0.05
-2.77704,13.9569,0.0860111
0.260151,23.6972,0.101832
7.39771,20.0737,0.05
-11.8091,24.8874,0.104581
-9.0158,27.5323,0.0826455
-8.4464,0.840806,0.0912717
1.67209,13.2374,0.0879717
-9.01321,18.034,0.05
13.98,11.8036,0.0595371
-4.86209,29.9945,0.0596705
13.3568,20.5643,0.0591661
6.58473,25.8993,0.0592437
3.2878,28.1598,0.0704606
11.764,18.1993,0.05
-14.2205,23.602,0.0763362
-14.3265,18.1155,0.116323
14.2804,24.4834,0.05
3.85105,26.5765,0.0770607
-9.43902,27.8614,0.0573965
14.8874,10.8236,0.112573
-8.90081,24.0467,0.0593761
10.3362,8.90433,0.0581295
11.6618,19.5267,0.05
-10.7084,12.7161,0.0840873
-14.1493,20.5486,0.064074
0.396893,29.5003,0.0500578
-12.0563,29.3605,0.05
2.5177,29.1665,0.0827501
7.24787,15.6214,0.0799709
-3.49407,29.6242,0.0909511
13.4187,0.863625,0.0721206
5.32883,27.2076,0.0779203
-5.68037,5.35779,0.0818267
2.52046,1.56741,0.0821009
-5.61783,18.7217,0.0622546
-9.50237,18.7826,0.05
13.2231,10.203,0.120497
-6.0534,3.50898,0.104866
-5.24221,0.758695,0.0583657
11.6322,5.49335,0.0808417
-4.9136,27.7341,0.0852451
-4.11167,22.2032,0.106263
10.0845,21.0772,0.0910983
2.42329,9.39422,0.0844473
-6.96426,13.3571,0.0909372
4.79878,23.6177,0.05
-13.1555,14.6092,0.05
8.92335,26.0371,0.0527233
-8.38714,22.4473,0.0609449
-7.72977,29.7104,0.05
10.1907,7.0387,0.05
1.5536,25.8349,0.0792864
3.28627,16.0777,0.077924
-6.21738,5.76258,0.0780426
-1.66065,21.3028,0.0840236
-0.75621,1.32574,0.0659809
2.69703,23.0421,0.0909373
0.222284,21.6129,0.0802028
-0.225446,22.7426,0.0821282
7.85023,13.9945,0.0830916
-3.23135,10.6764,0.116433
12.1986,0.129093,0.108626
9.06252,29.9139,0.0513445
-13.5637,8.61139,0.0674426
-3.07184,1.16137,0.0666001
-5.90663,12.2581,0.0586327
-13.7322,2.52979,0.0514472
-1.53443,9.23829,0.0702195
-5.76611,15.0434,0.05
-0.723839,21.6388,0.05
-11.6217,17.7956,0.0664579
7.52716,23.9338,0.05
13.5675,6.988,0.0769407
-6.80786,3.85974,0.0763731
3.19087,9.93565,0.0676626
-11.9573,0.322457,0.0731947
13.5526,13.4764,0.072086
-0.856066,15.5154,0.0721959
12.779,28.1938,0.0815532
6.55368,3.64198,0.0893611
-1.69146,16.5336,0.0975145
-4.49293,1.42889,0.0861601
1.30962,24.733,0.05
4.57268,12.0609,0.0940834
3.58524,0.0499961,0.05
-8.59934,8.07686,0.0686534
2.44102,14.9134,0.05
14.312,10.8719,0.0741009
-3.57994,13.1478,0.054936
12.4628,20.0588,0.0885183
9.10613,1.46691,0.05
3.64825,22.5192,0.0627281
2.95265,12.6546,0.05
-12.8391,2.87743,0.0888838
1.81292,1.79427,0.0540294
14.2641,12.7703,0.0704947
4.82449,21.1037,0.0662154
-9.13984,21.8894,0.123063
10.7669,1.48212,0.0638773
-13.4349,6.32383,0.0888362
-9.0024,0.597039,0.0670326
6.34288,20.1072,0.0956933
1.35036,1.1006,0.0637917
-8.22931,24.2143,0.0921555
5.99588,25.7678,0.05
9.55213,27.3139,0.0522089
-8.93421,12.9284,0.0501597
-7.59697,18.5527,0.0678379
14.831,0.168936,0.0698019
3.43128,7.73195,0.0545987
5.35614,25.1149,0.12625
-1.44607,2.73536,0.05
-9.18644,17.4162,0.05
-14.3292,12.1213,0.0644224
2.4607,3.06913,0.0785245
-13.058,0.0499998,0.05
2.1709,8.92176,0.05
3.74233,3.49666,0.05
0.463305,16.5032,0.0717514
7.75449,22.2451,0.0550972
9.41446,15.4404,0.0593164
-13.3357,29.5079,0.111819
3.28473,17.9734,0.05
-4.71442,14.4724,0.05
0.719507,3.3771,0.0884065
2.09149,20.6641,0.0674584
-9.75105,11.2636,0.10349
5.26857,7.64176,0.0750621
-6.62197,2.31862,0.05
11.1011,12.9892,0.05
4.87799,13.5461,0.0551605
-9.50096,6.07327,0.0716928
13.7399,2.51873,0.0696491
-5.83706,7.4461,0.0906271
-3.13045,23.9236,0.0678317
14.4334,12.3371,0.05
-9.49631,19.8193,0.05
-5.01879,3.04581,0.05
-9.42961,0.266748,0.097848
14.1219,18.2141,0.111098
9.429,5.72684,0.0729996
9.96658,29.4587,0.116595
-9.27741,21.2424,0.110724
11.4572,0.896276,0.05
12.1183,4.45974,0.0608201
10.4965,23.1397,0.0566119
-2.7565,10.8927,0.0549493
-6.11808,20.0544,0.05
3.32939,8.11946,0.0709545
-2.26025,16.3625,0.0599567
2.29643,8.56769,0.05
6.22722,11.8929,0.112669
1.14572,0.27004,0.121707
-5.90727,23.2743,0.05
-6.32077,21.4891,0.0749281
-8.24896,25.8246,0.0742497
0.59273,13.2414,0.0869075
0.176352,15.3474,0.0572826
-5.16341,20.1674,0.0916578
-11.6833,8.40124,0.0609578
5.6593,12.4543,0.0776243
12.7852,29.1825,0.0599225
0.884131,20.0408,0.0506143
-0.815261,15.3552,0.0691265
-11.248,13.1604,0.0586066
-8.99346,16.6363,0.0766464
12.1614,1.76582,0.0745844
2.03919,29.6146,0.062638
6.39192,22.8575,0.0915983
11.9791,21.6932,0.100064
12.6564,2.68802,0.0875583
-7.98809,3.95316,0.0566807
2.58903,14.8336,0.0964947
-8.35922,28.1478,0.0633903
-12.9185,8.41541,0.05
14.1127,18.835,0.05
7.92898,16.7686,0.0895808
-7.5728,20.8685,0.107842
8.34263,24.9281,0.0683362
4.11318,22.8941,0.0756555
-10.1503,18.5359,0.0916921
-0.421804,11.6849,0.0548115
3.75056,12.8729,0.052998
-9.58739,18.0426,0.0502265
-11.6185,1.07548,0.0643011
-7.97271,22.9464,0.0897908
5.29233,23.075,0.127001
13.9728,27.7855,0.05
14.6501,22.8062,0.05
-3.52918,22.1397,0.0604598
-4.23379,25.4262,0.0675547
10.0926,27.8211,0.0541035
-8.87341,9.46227,0.0866625
-12.1308,19.4012,0.158264
-4.54595,9.25578,0.05
4.31036,9.03062,0.05
-8.50968,28.1441,0.0871135
11.1134,6.72831,0.05
-11.9685,14.3713,0.0735293
-11.9147,14.7269,0.0548605
-14.95,10.827,0.05
12.0019,18.6108,0.0626897
14.3967,28.7167,0.116276
1.88978,12.7472,0.05
13.0758,28.4221,0.0740609
7.63194,0.96615,0.107578
6.7276,12.6385,0.0750925
-0.650991,15.7052,0.05
12.5216,2.15872,0.0939618
-5.73391,1.00769,0.113739
-13.186,13.7833,0.101808
2.20431,1.4841,0.0666666
4.48552,19.4572,0.0744
-5.27492,28.0227,0.05
11.8733,3.23622,0.0986372
-13.6043,20.5478,0.0799117
6.36374,22.6453,0.0762121
5.06734,28.7474,0.107057
-12.9243,14.9974,0.0677653
-9.93942,16.6348,0.0553533
10.2762,23.8322,0.0639488
6.73928,29.6619,0.113625
6.48559,13.9472,0.0859012
-10.6631,21.0182,0.05
-4.6586,4.60812,0.05
-14.7771,24.2566,0.0713695
3.16783,8.1506,0.0935874
13.1703,6.33784,0.0512221
-4.62565,16.6542,0.075264
8.12334,20.0796,0.0714435
-9.99106,13.2444,0.05
-8.1625,20.7669,0.112285
7.08275,20.0802,0.0885677
-11.6756,27.1215,0.066529
-5.06165,2.67632,0.0604204
-0.633903,7.55467,0.05
0.230381,27.6033,0.0667348
-1.97351,0.369451,0.0511987
-5.71056,7.80739,0.0731167
-5.51141,12.8846,0.106637
-4.91505,20.3553,0.0680842
-5.31467,15.9946,0.0707129
-10.6652,16.9418,0.05
13.5845,28.7823,0.071275
-6.62245,0.943659,0.0909584
-11.1205,26.1445,0.05
0.121061,12.465,0.0611041
5.33498,3.32144,0.106114
-7.72164,21.8806,0.118746
9.34256,23.6309,0.0673397
5.16259,19.0068,0.113466
-3.97552,23.6227,0.069187
2.30616,22.3504,0.0837255
3.21217,19.8617,0.0991477
14.524,0.34696,0.101074
-1.31523,6.76573,0.0880635
6.79104,0.123778,0.123813
9.06349,20.7149,0.05
12.4164,20.8935,0.096843
6.22547,26.5028,0.05
-0.0963098,16.0493,0.0771126
2.65384,23.6111,0.0557225
10.803,18.0487,0.0649633
7.5295,15.4355,0.0696291
14.4129,21.3312,0.0825128
-4.29556,11.6496,0.0886287
6.95064,26.8252,0.0934867
-0.636433,20.3408,0.0938218
-3.30901,27.3329,0.0906495
9.13527,21.7782,0.149695
-3.38644,27.9993,0.0603316
-5.8439,17.9097,0.0891396
-1.81923,15.9512,0.0542847
-9.85248,2.44391,0.0852587
2.49217,12.0761,0.0940133
1.45446,17.8561,0.096071
11.4709,6.01182,0.0858296
-12.9011,8.2328,0.05
-3.44657,27.873,0.0794782
13.0326,4.57412,0.0962583
1.61398,17.59,0.0812124
-7.13538,28.4649,0.0930536
-3.10185,8.46906,0.05
2.8415,2.78664,0.05
-9.90587,20.1106,0.0739248
11.957,17.5905,0.05
5.11088,24.2901,0.0585187
14.8185,27.8034,0.110445
-12.1834,24.9181,0.0752933
-5.06333,12.6397,0.0919809
6.44485,5.0567,0.0673755
6.15305,2.02754,0.0968409
13.4042,29.3229,0.0568904
-9.73063,3.9835,0.05
-4.44086,17.6944,0.0749839
-2.04112,10.3053,0.0800759
6.89282,24.5023,0.0538195
-11.3183,26.425,0.0884054
8.51779,12.3135,0.05
4.89605,2.05547,0.087382
0.442773,6.18963,0.0733177
1.92225,7.28573,0.062478
-14.15,2.25551,0.0742191
13.5235,16.9985,0.0824461
5.38161,12.0112,0.05
10.5978,20.1114,0.0570649
-10.4779,1.62438,0.05
0.589793,23.7136,0.0734966
8.10235,4.77875,0.0874265
5.9668,5.3539,0.0793492
-1.24377,0.593672,0.0691503
-11.3436,24.1491,0.05
7.76706,23.3115,0.05
-5.76788,9.81917,0.069879
-5.33338,4.5827,0.089201
14.0831,5.19002,0.073753
-7.66318,17.3684,0.0579664
-6.42129,4.52407,0.0522909
11.5731,28.4598,0.0619106
-12.9564,6.6633,0.0690963
-4.37722,9.73751,0.05
12.5826,7.35013,0.075098
6.46429,29.0615,0.117273
-9.47667,20.0868,0.0836904
6.54137,26.9642,0.060181
3.54414,6.10714,0.101718
0.42512,6.53949,0.0918116
-13.5358,11.8346,0.05
6.53436,21.0346,0.05
4.39044,2.28889,0.101346
-8.37509,25.0344,0.1029
-10.9928,24.1381,0.0942488
-12.6241,27.0152,0.0849605
-8.82139,2.09683,0.05
1.5408,9.17692,0.0838471
-2.39206,19.4158,0.0874991
-13.0383,10.2559,0.143456
4.27535,14.2813,0.05
12.5983,19.9336,0.0960059
-0.679418,9.94449,0.05
3.20584,20.1659,0.05
-0.70627,14.9273,0.122337
14.4453,9.70972,0.0522908
9.59452,20.7928,0.0862431
0.843879,6.08132,0.05
-5.29496,12.3608,0.0716307
1.72345,8.26454,0.063675
-5.17201,6.52758,0.0924036
10.7361,16.9494,0.0895959
-9.4925,11.1193,0.0909391
13.7906,20.8061,0.077997
7.02283,25.5969,0.0975635
8.02097,12.1291,0.0609502
8.26126,20.6381,0.079473
6.45176,11.1394,0.05
-10.8735,3.01602,0.058103
-8.49014,17.1207,0.0730111
-13.6867,21.7315,0.05
-8.12084,22.3627,0.0896709
6.65109,20.8093,0.0924622
-8.33828,26.8598,0.05
-7.44289,28.4989,0.05
5.3586,5.48474,0.05
-11.7356,23.2872,0.05
-8.61458,14.799,0.0955035
11.0778,25.1841,0.0585866
11.4231,18.1679,0.104641
13.7081,15.142,0.0524884
-13.0652,4.06151,0.0773649
-2.78237,0.607116,0.0622935
14.5121,0.555314,0.107647
-6.70263,6.77904,0.0875359
-7.20388,21.764,0.0858161
-1.03427,9.47307,0.05
5.10309,11.477,0.0594257
-10.4363,1.31878,0.0669718
5.91172,28.8433,0.101215
10.8424,16.1928,0.05
10.3182,1.18069,0.0873019
-10.009,0.0499998,0.05
-13.0282,7.81431,0.05
0.357871,29.2188,0.0508434
11.5389,12.2932,0.0767733
9.65817,15.7325,0.0997308
10.1114,22.5474,0.0738691
1.1526,16.8653,0.0760881
-12.9826,17.9102,0.08996
12.3309,23.8621,0.104438
-9.38065,3.44301,0.05
-13.0583,1.39054,0.0850041
8.34943,3.07041,0.132138
-2.28349,27.4657,0.0675608
-9.19534,1.32073,0.0654031
12.324,1.41606,0.064515
-1.79739,0.48125,0.0833519
3.44798,27.9198,0.0604265
8.51751,12.4135,0.05
-14.5362,9.71907,0.0690905
11.5945,0.0813145,0.0813468
-11.1173,18.3425,0.0504475
1.4639,2.9039,0.096265
14.2981,18.1575,0.0739503
8.57554,0.878949,0.05
-3.84919,1.87736,0.129269
6.398,1.8257,0.126517
-6.86596,0.0678612,0.0678897
5.60186,17.7123,0.125897
-9.10863,13.957,0.093964
-1.06406,12.4442,0.05
-0.898777,9.31737,0.071934
6.64142,12.751,0.0619988
12.267,29.086,0.05
-14.5805,12.6887,0.101774
9.90469,10.5729,0.0699533
5.41866,24.5632,0.0852521
12.2973,22.0454,0.0523835
-10.1754,16.6031,0.0838092
-2.20017,20.5469,0.0760049
10.9607,20.9966,0.0930839
0.179322,1.59364,0.116337
-10.1386,1.08306,0.0659776
8.92518,19.9596,0.109892
7.12164,18.1651,0.0650984
0.00402604,21.9968,0.05
-3.32782,20.7878,0.0565396
5.38619,13.5494,0.0539653
11.0763,27.4016,0.0702388
-2.35318,14.2611,0.0839065
-3.39367,28.9357,0.0711302
-8.37427,11.1694,0.0688653
-12.6006,26.7523,0.0630847
4.33996,12.7948,0.0650578
14.104,7.53365,0.0826929
-1.50098,28.2494,0.05
-1.05165,19.6204,0.0590254
9.79399,11.8857,0.0937062
8.20555,29.3442,0.0943992
13.8171,0.266302,0.0671798
4.79512,5.77777,0.108677
11.0187,9.93717,0.0904631
13.7839,13.1274,0.0550483
5.82709,10.5142,0.0894951
-13.5936,27.7007,0.0920895
-10.373,12.3288,0.05
0.0377708,26.677,0.05
-14.9235,2.23619,0.07655
1.05532,12.256,0.0695331
-11.2422,13.3182,0.0992575
-6.07264,15.7994,0.0729316
14.5417,11.9516,0.106403
-12.8143,21.3407,0.0740411
-5.76738,22.7292,0.0712319
1.3789,17.5204,0.05
1.43805,27.3152,0.0878644
-4.18473,6.89202,0.0712142
5.2343,23.5054,0.0772756
-6.95273,20.8129,0.0792959
-0.379798,19.394,0.05
-2.86001,25.9884,0.066568
-5.65468,7.45507,0.091976
-13.894,18.0859,0.05
14.9174,20.3562,0.0826165
-0.799212,12.176,0.0915138
9.57361,23.2279,0.05
-1.13401,20.3936,0.0724282
-14.1078,5.15237,0.0724141
10.5907,19.2658,0.0855505
12.7015,6.17227,0.0859919
-1.13099,17.0494,0.0588109
13.0693,26.8701,0.05
8.95233,19.3656,0.05
4.20043,9.56063,0.107596
-0.0749838,23.4151,0.0769981
-8.38754,28.9839,0.0858995
-10.5611,20.6006,0.05
-11.3889,16.8848,0.0869801
14.11,14.0517,0.0958244
1.5841,2.82059,0.05
-2.86875,6.96943,0.0626495
-1.60725,16.8079,0.05
14.2032,7.44556,0.05
-3.25736,8.30305,0.0877038
10.157,11.5347,0.05
-10.4354,3.5754,0.075238
13.3921,1.14452,0.05
-6.23379,9.98901,0.110512
-1.62032,6.50962,0.0558764
1.33719,22.4266,0.0588555
-12.2971,29.9493,0.0759666
9.28122,25.7214,0.0695556
-5.47101,25.4167,0.0781899
0.897863,13.9805,0.05
5.86104,27.6305,0.0738199
-2.69462,13.7789,0.0540309
-12.26,17.6915,0.0823426
12.8389,15.7979,0.110651
2.68958,29.1698,0.0891619
-7.10715,19.8477,0.10617
4.45281,9.38597,0.0816477
7.55458,22.6434,0.110768
-4.66268,12.573,0.0807123
2.34856,13.9778,0.05
-14.4895,0.0499939,0.05
-3.28042,1.57623,0.05
-9.29583,1.76937,0.0914494
-13.8612,15.7906,0.0888016
-5.46419,9.84148,0.0840225
-8.28797,2.85448,0.0817613
1.91655,8.1617,0.0566772
-8.40798,2.49651,0.0658794
5.23947,14.5663,0.05
6.76483,29.8435,0.0698116
0.753351,12.4998,0.0646593
-12.4926,29.7107,0.0855432
-7.95884,7.75326,0.0937836
-14.4258,11.6772,0.0757015
-3.20661,29.0315,0.05
-1.8164,11.0987,0.063982
-10.5604,17.8482,0.0841625
13.189,11.7871,0.125607
-11.2182,12.1507,0.0694545
-3.98426,16.1911,0.0685862
2.18085,4.67528,0.0806087
1.45768,20.0773,0.0700816
-8.0407,15.9899,0.0760223
3.78477,14.5473,0.0750179
-10.2472,29.4984,0.133758
13.5214,18.9784,0.0976487
-3.6079,8.15952,0.0960254
6.99703,6.23055,0.0678598
-11.4797,0.268843,0.0745137
-3.77579,11.034,0.05
-1.63612,12.3425,0.0737505
-0.973523,22.1547,0.119219
-4.97308,15.375,0.0563976
-11.2161,6.23471,0.0860795
-3.97427,4.55759,0.0981326
-4.01938,3.12028,0.05
-6.0571,10.2301,0.086065
0.915317,28.1826,0.0628792
-10.2065,15.3483,0.0527271
13.9181,15.7939,0.103871
-5.86451,23.5901,0.05
3.53263,26.52,0.0830904
13.8331,12.9495,0.0623965
10.2456,18.1255,0.098699
-8.97904,24.698,0.05
-6.52278,23.3721,0.0866619
-5.8713,6.91442,0.0802936
10.3113,16.0386,0.0954581
-9.66157,25.6677,0.0809022
-13.2041,9.87839,0.099188
-5.54592,4.2877,0.0603611
-1.50984,22.7151,0.0506638
14.9203,19.3351,0.0796799
-3.69401,17.969,0.0703154
-9.57227,26.4758,0.11316
-4.13449,0.0649355,0.0649486
11.3282,8.74135,0.0768484
-6.12325,22.9153,0.0688571
-8.2972,14.5515,0.0778018
3.51201,12.2443,0.0865854
-12.0601,14.5655,0.05
12.7301,12.7619,0.0964607
7.13677,4.76676,0.105703
-10.0647,7.49824,0.0576562
-10.7664,0.997537,0.103093
-3.09394,18.164,0.05
-11.7098,28.0485,0.05
10.2736,25.3409,0.05
2.94696,4.66779,0.0988816
4.37052,7.23823,0.0906842
-6.3304,4.24486,0.0965218
0.542437,15.5999,0.0639088
13.8219,10.0837,0.0695446
-3.11454,2.2629,0.085759
7.57089,3.4249,0.0651995
7.82701,6.88861,0.05
-13.976,11.2441,0.059379
4.99972,8.38471,0.101844
2.97874,2.60682,0.0878876
7.26895,6.39183,0.0562363
4.72159,18.1657,0.097625
4.4864,11.5461,0.0710446
-5.98224,5.03107,0.0959888
-4.91946,7.6416,0.054335
-10.7594,19.5384,0.0520061
-12.6925,24.573,0.05
1.76468,3.94715,0.113812
-14.6844,19.3154,0.05
0.244583,17.2534,0.109975
4.35421,11.4982,0.0695401
0.771417,6.45298,0.0661708
11.9699,22.4637,0.090279
-6.16824,5.96653,0.0552691
-12.5677,10.526,0.05
11.8137,26.7783,0.072495
13.2235,3.28959,0.05
-4.98993,27.4073,0.0912364
5.67486,5.06732,0.0607423
-7.91035,28.0532,0.135108
-13.4902,10.1847,0.0827638
-5.38672,13.2609,0.0710272
13.8779,21.3605,0.0678631
-13.1614,1.29184,0.0578027
-4.20224,3.62284,0.0758794
0.429473,3.39842,0.0856065
5.31035,12.1962,0.060468
14.3613,23.6553,0.134731
-2.98576,14.5388,0.05
-14.4069,15.1844,0.073573
2.67238,23.7284,0.061428
-4.08706,0.335934,0.0664621
9.96765,11.8899,0.0800059
4.3084,24.9144,0.135165
9.42646,4.15703,0.0755056
5.54047,2.14963,0.0618834
-8.83603,3.35246,0.0934414
-14.1417,10.1278,0.05
4.59681,8.80381,0.0877187
13.7365,8.02685,0.05
-11.9615,13.8015,0.0921635
11.6478,12.032,0.0871977
-7.14342,12.4851,0.0929543
10.5046,4.38041,0.0821357
-0.353069,19.7727,0.0812889
-13.1771,8.53089,0.0669618
-9.53149,8.31744,0.0929783
-1.93569,12.6025,0.0799831
-3.49076,26.5015,0.05
3.93786,28.2285,0.0682884
3.28295,19.685,0.0912395
-11.0848,8.68323,0.102587
10.729,18.1632,0.071312
10.3709,22.4507,0.05
-0.137686,12.9616,0.05
0.46125,28.0854,0.05
-1.7086,29.696,0.0568368
8.97772,19.0622,0.0780846
-1.41016,25.7654,0.0708865
-7.71929,25.7019,0.0982422
-9.39701,24.1782,0.05
-9.60889,20.067,0.05
7.75604,24.4256,0.05
14.5318,3.23162,0.0502246
-14.8171,17.6675,0.05
-11.6703,17.5226,0.0867872
9.56181,17.5827,0.0916826
13.1638,23.3445,0.0948625
-11.7136,13.1678,0.0502293
-1.60113,3.60484,0.10055
-13.0908,11.9777,0.0527115
-10.8349,26.8598,0.0668475
3.29166,2.78552,0.0939485
8.92373,14.9878,0.125302
-6.21777,26.7633,0.0680257
13.4077,27.8094,0.0773124
-7.87481,26.5986,0.0853595
-10.8692,24.0471,0.05
-14.347,18.8854,0.0767229
-14.5992,10.4763,0.0715311
-1.0119,26.8255,0.113817
8.99185,12.9814,0.05
-8.864,29.9234,0.0857368
0.633621,7.31452,0.05
11.1408,9.49764,0.0775975
0.700217,12.0322,0.0753823
-8.62934,0.495654,0.0570633
-12.5107,18.0232,0.0579506
-6.54379,15.2982,0.0725249
-6.3003,11.3661,0.05
1.85544,21.4089,0.085686
-11.1191,1.1444,0.0990229
4.39303,27.8451,0.0805005
-12.3,8.19718,0.0917081
2.8434,16.2955,0.05
-7.67115,0.536262,0.106616
-1.43574,27.2728,0.0647254
3.02261,7.6055,0.102102
-4.78654,14.2637,0.0636507
7.00092,24.9977,0.101077
-13.9288,3.6485,0.0779021
-6.77318,17.8817,0.0767214
2.31781,3.01685,0.0736436
-10.2594,24.8582,0.0798096
-7.79404,15.6657,0.05
10.9849,1.02088,0.0504585
-2.24563,18.219,0.0525977
-2.90177,20.404,0.0762256
-1.53921,6.17624,0.0860748
-14.23,8.81128,0.0733039
12.0736,14.5372,0.0671171
-10.8716,5.33456,0.0942892
-4.02091,3.66225,0.109701
-13.9399,1.36141,0.0758141
-2.17854,4.27968,0.0529883
10.9704,22.5612,0.092024
10.645,2.29976,0.0999558
0.846359,16.8226,0.0842821
13.0501,24.3663,0.0631989
-0.194741,20.9096,0.0798036
0.0984906,11.6264,0.05
-3.40439,2.95745,0.0613706
-14.6567,4.78759,0.0623765
-13.6342,12.9576,0.089569
-1.52291,6.60965,0.0837465
11.9477,4.87105,0.05
3.31914,0.0783291,0.0783501
-1.02527,25.8382,0.0959245
-2.06751,6.3738,0.0735596
9.06924,1.23404,0.104444
-10.077,28.0286,0.0510781
7.6733,28.1412,0.0890473
-13.0291,8.48964,0.0832032
-1.51358,21.84,0.0971056
13.601,21.5379,0.05
2.59135,1.1201,0.0889028
5.84528,27.8656,0.05
13.7586,8.3039,0.0945426
-9.57017,7.77452,0.05
-13.5004,7.1272,0.05
10.7741,26.1708,0.0654812
-13.4881,1.27495,0.0897937
-4.82878,0.811459,0.05
-0.225576,26.727,0.076397
-0.640103,19.8507,0.05
14.4078,23.992,0.0728749
12.676,0.476631,0.077555
-4.72828,12.7533,0.0719963
-14.2479,1.47341,0.0500054
0.90838,2.20214,0.0922176
-0.708033,4.63054,0.0990237
-0.709096,7.69812,0.111971
-6.9625,19.7511,0.0663284
14.5133,11.4013,0.0664972
-5.42428,15.891,0.0800955
-7.59294,16.4824,0.0831177
-2.15223,14.5125,0.0511378
7.00237,26.4617,0.111699
11.6568,18.7006,0.0865035
-14.5624,15.942,0.122895
6.24286,29.2536,0.0696803
-7.79766,13.5812,0.077684
-10.8101,22.0714,0.0555542
1.6328,23.7734,0.0929962
2.98753,12.489,0.119182
2.09359,25.0244,0.05
7.23897,22.5925,0.0876098
1.80817,6.43866,0.0891799
5.56076,12.6853,0.0716883
5.2755,2.52872,0.0860316
-12.7326,3.58398,0.0734905
-14.0856,27.4688,0.0791245
14.0146,15.938,0.0626949
5.2048,18.6653,0.0889221
-14.9114,18.943,0.0886124
-12.6439,2.43267,0.05
-10.9127,3.34171,0.103585
1.59009,1.76866,0.056194
2.57698,18.2525,0.0741775
-12.6584,2.63406,0.0696534
-2.56187,12.2913,0.0916934
13.0236,25.6463,0.111923
-1.53301,16.4057,0.0970799
11.8903,7.3008,0.0640781
-2.14385,29.2678,0.0736176
11.1018,9.76512,0.100595
13.9492,8.80189,0.0516412
-9.86211,11.5144,0.0790273
1.90726,28.7142,0.0830608
-10.1493,26.1257,0.057397
5.18854,12.4971,0.0797905
-0.839951,11.6646,0.0782324
14.0327,5.66299,0.111334
-4.61813,25.7722,0.0859818
1.46651,8.7033,0.138596
-11.7188,2.61676,0.0753177
13.9964,21.1664,0.099088
-1.91949,1.13551,0.0620569
12.6612,17.9729,0.05
-7.99138,25.6007,0.0697184
-5.46145,28.3086,0.0645653
9.319,19.9766,0.116338
-4.77273,2.57255,0.0565154
-2.138,14.4026,0.0575834
9.02225,28.9796,0.0720182
11.7253,5.091,0.0854178
13.7426,24.3465,0.0849799
-8.74058,24.9265,0.101883
13.1107,21.8824,0.0931423
5.60014,2.40654,0.097185
8.78334,28.2132,0.0568438
7.92701,16.2859,0.0679542
-9.71343,7.00134,0.0761045
-14.2651,8.28272,0.05
-6.34638,23.073,0.05
4.93166,16.1986,0.0928412
-13.7073,4.18757,0.05
-10.1056,12.2046,0.0918104
6.53529,7.74987,0.0978087
-7.55065,27.9331,0.0762535
-7.84051,23.6651,0.094115
-3.65779,24.7514,0.0676592
2.1808,10.702,0.0680745
-13.3754,25.9463,0.107332
10.7327,8.71292,0.0691467
-6.96454,26.8197,0.05
-2.1842,10.2597,0.0697581
14.666,1.37017,0.0973333
0.00921894,3.99265,0.0962967
5.63239,10.1919,0.05
3.95722,25.4585,0.05
6.97135,2.95612,0.05
-11.1071,14.4222,0.0657011
-6.24635,13.6444,0.0717912
-12.542,24.8712,0.0719777
1.11698,27.8649,0.115639
-13.5499,6.6881,0.05
-3.36394,10.1498,0.0545492
-0.309508,12.4049,0.05
5.08407,6.90398,0.0788904
-7.57439,18.2421,0.0629918
-11.5473,12.0379,0.0720835
2.95196,3.772,0.0693264
-9.80631,21.3923,0.05
-2.00819,26.3822,0.05
-11.4485,29.6396,0.074291
5.99534,16.0004,0.122208
-4.87598,17.6317,0.05
-13.8153,4.59197,0.05
14.9266,7.56325,0.0734394
14.6481,17.6509,0.0934068
1.26274,23.4334,0.0630004
14.8803,4.23858,0.118933
11.1089,24.6597,0.0681646
6.58699,25.1619,0.0789788
-14.4668,24.1422,0.0912951
-4.22145,3.3205,0.0788868
-3.0386,18.6092,0.0963521
5.79887,0.0508018,0.0508331
14.0198,6.46373,0.0802075
9.54575,10.2826,0.0966487
-10.7908,16.7132,0.0662288
-7.53175,26.9168,0.0879429
-8.87923,25.5544,0.0634798
-7.5523,23.7008,0.05
1.66141,0.619615,0.116699
9.63593,29.531,0.0889943
-9.87686,29.8466,0.0815891
9.96255,7.41211,0.10228
1.87443,18.673,0.0522826
-9.14251,14.6472,0.05
3.77256,20.8145,0.05
9.89988,25.7034,0.0902777
5.74225,26.6161,0.05
-8.82952,27.9411,0.0771438
-9.80502,18.3682,0.0563991
0.603323,11.5928,0.0903969
10.675,5.5394,0.0728417
-2.64533,0.429298,0.121877
6.51967,22.1316,0.0588448
2.55048,13.5623,0.0744668
5.05482,2.30499,0.080404
14.5138,18.3585,0.127981
-12.2015,3.90737,0.05
-3.18313,23.1647,0.0738275
11.7548,10.6998,0.0686026
2.9671,25.5275,0.0743244
-0.956928,28.4967,0.0819646
7.41734,29.2914,0.05
-0.39714,29.2852,0.0643071
7.98667,7.83862,0.0954752
14.8502,9.51154,0.121804
0.100488,19.2368,0.0987299
-4.98454,24.3268,0.05
-5.58154,10.1932,0.0663602
-9.01113,28.2547,0.0730551
10.6882,18.575,0.0780384
-6.72555,0.669546,0.05
-7.3624,12.524,0.129457
13.6489,6.57447,0.05
-4.79028,25.1739,0.084183
8.18567,23.1203,0.0942665
-11.0379,1.56211,0.0590853
-12.3992,15.7398,0.101801
9.25308,29.2653,0.0654921
4.52113,7.33204,0.0793406
2.74218,21.9798,0.0760735
9.46052,8.6293,0.0608073
12.8372,21.7703,0.0712273
8.62271,1.40237,0.0888002
-4.30741,29.6027,0.069646
2.41745,16.8895,0.115186
-11.4901,5.53015,0.0526507
-2.11534,14.6067,0.05
-4.41466,7.13588,0.05
-3.32724,20.2256,0.0535759
-5.80537,13.6247,0.05
5.06655,19.739,0.12343
-7.55821,9.0336,0.0966968
-11.9768,0.701898,0.0684154
11.0439,20.685,0.0855952
-4.10982,3.40929,0.0637695
13.6161,15.9062,0.0885818
-3.22274,18.662,0.0565703
-13.9309,4.87246,0.11555
-5.80905,26.7421,0.098386
-5.7691,6.63994,0.0743482
0.245753,14.4673,0.05
-14.3402,25.9468,0.0868728
13.6208,4.17832,0.0987121
10.7474,12.3809,0.05
-0.972201,8.36289,0.101096
-4.0138,25.6833,0.0914554
-10.9361,10.1868,0.14853
-8.65831,7.70248,0.0867735
-13.7682,3.60743,0.0789713
-13.686,8.56805,0.0623023
-11.8651,13.1641,0.101311
12.5067,15.0197,0.10682
-11.5281,11.0036,0.05
9.43783,18.5693,0.108608
8.89026,13.9974,0.100026
-6.58102,10.7631,0.0757159
-12.9573,4.24761,0.0597307
-14.8832,15.5727,0.0700483
-3.40975,24.4155,0.105112
-9.89503,19.9332,0.103862
1.52502,22.7056,0.0666856
-7.1223,16.7423,0.0764707
12.084,13.1056,0.101691
8.2045,25.8577,0.0638298
12.3472,27.727,0.0637625
-5.24801,19.6415,0.089428
7.13591,8.44012,0.0632469
3.47462,15.3487,0.12899
14.0377,25.9899,0.0998799
7.05073,8.89719,0.0842976
13.2076,5.44705,0.05
14.95,15.6366,0.05
-5.49099,18.2956,0.085342
-11.8714,3.83936,0.05
11.6035,1.435,0.0789756
5.01054,25.8419,0.0880318
-10.0846,10.7983,0.0704892
-11.1276,23.4962,0.107966
9.09423,6.54881,0.085426
-14.4881,8.56349,0.0784607
-3.04684,27.8506,0.0926965
-8.17332,26.8883,0.05
-5.42079,18.5686,0.0626239
10.8038,3.14873,0.05
-13.6978,20.0162,0.0502147
6.38383,10.1926,0.0985814
2.15394,4.81902,0.0656343
14.6402,20.5812,0.110164
7.69798,7.58459,0.050949
-1.47089,4.95325,0.0861462
8.08213,9.99125,0.068641
8.45617,0.0828833,0.0828865
10.7013,13.8863,0.0702384
-6.8017,28.7688,0.05
9.92358,3.26951,0.05
-5.12146,26.1155,0.104512
-12.8181,7.3017,0.05
-12.5499,25.1,0.0726628
-7.61195,17.2086,0.05
3.58048,25.1786,0.0791741
-2.56588,11.8413,0.102883
-1.0732,5.76051,0.103612
-11.8036,3.30815,0.0810482
7.46996,20.6207,0.0978771
3.68202,4.80305,0.0675359
3.59068,12.984,0.107025
8.03117,24.3437,0.0821284
12.4639,23.2271,0.056418
1.02206,0.150938,0.05
14.2891,20.4981,0.0753581
14.0933,24.792,0.121528
13.5506,7.65065,0.091736
-10.7807,18.6493,0.0805833
4.4052,16.3501,0.0942621
-1.17942,13.1936,0.121563
-0.198826,0.0499998,0.05
14.7252,12.9015,0.0600669
11.4873,15.5934,0.0820051
-9.53992,11.3197,0.114946
9.25143,6.33943,0.0583078
14.3521,6.2534,0.0781543
-13.4048,25.4705,0.0852519
13.3063,28.8332,0.0808236
-0.357854,25.3142,0.0580418
2.20686,11.4086,0.0646543
11.2393,17.5175,0.103082
1.99834,23.4777,0.107597
-11.1262,22.8918,0.118663
8.64162,9.17049,0.0793405
-3.86497,12.3711,0.0837739
6.76827,12.7707,0.0632119
-1.20436,6.20374,0.0555972
1.68979,1.89731,0.106579
4.82179,22.4598,0.0533064
14.547,23.5734,0.0682109
-10.0236,14.701,0.0760174
-4.99767,22.8272,0.0553727
2.49943,27.5235,0.108204
12.1083,12.8541,0.102143
6.4558,3.74116,0.05
14.9057,29.8139,0.0942954
14.1267,26.9274,0.0891811
-9.6719,11.8841,0.0583933
13.6088,24.8596,0.0992737
12.8674,28.5379,0.05
11.3145,11.8653,0.0651566
6.91653,25.3433,0.05
5.06084,0.244774,0.05
-5.14851,28.8219,0.0817057
-10.4093,21.615,0.0843528
-12.8187,26.3748,0.0721792
7.00037,21.7719,0.119709
-8.83447,1.53457,0.103103
-13.6438,12.3859,0.0754195
-5.9387,10.6617,0.108915
1.74999,26.3665,0.05
13.1321,0.267624,0.10162
5.5348,25.0654,0.0591183
11.9181,29.3967,0.111452
5.62228,11.5306,0.0678904
-6.52148,4.30724,0.104483
1.54743,25.6985,0.05
-1.74687,1.50302,0.109482
3.67122,0.480061,0.0615848
-0.487347,21.1805,0.0643916
2.49939,11.8005,0.0810551
-11.7653,7.07336,0.0858165
-8.51161,19.8692,0.0902694
10.1206,29.7483,0.0780698
13.4063,7.03172,0.0900734
-4.50961,2.73901,0.077566
13.9821,13.7646,0.0518621
-0.2576,28.6173,0.0551803
-14.714,5.68442,0.05
-0.505412,29.2485,0.05
-2.93538,6.35124,0.114435
-0.768617,3.14498,0.0837247
5.59355,17.5366,0.05
-14.1265,23.0739,0.0917203
-11.8311,2.56124,0.05
11.2491,28.6888,0.072214
1.82566,29.3165,0.0599167
-8.50724,0.381126,0.110389
-9.59868,2.66187,0.0946049
-12.3149,28.1279,0.0590619
-5.94917,25.4427,0.05
-11.734,26.6081,0.0879693
-1.23066,28.2752,0.0522728
9.51841,22.766,0.0693664
1.62355,16.3803,0.0662848
-9.58358,14.9891,0.0798344
11.2474,24.3389,0.0721806
8.56712,27.3546,0.0505793
1.03269,29.239,0.0635884
6.74075,24.2179,0.0567593
-4.87909,13.1101,0.0861299
4.88207,19.8082,0.0735328
-4.47612,13.9903,0.0993386
0.701009,2.5618,0.117626
6.49805,26.717,0.0548246
-12.1977,15.018,0.0534617
1.87601,9.87217,0.05
-4.11976,0.697731,0.0971185
14.6432,4.67229,0.080823
-2.20111,23.0375,0.090327
-12.0924,23.5299,0.074171
-7.75331,28.2818,0.126885
-9.03967,2.78354,0.109326
-2.61643,10.9092,0.0692857
2.98848,11.9655,0.101469
14.9295,25.9916,0.0704766
-7.21966,22.8567,0.0904364
-9.2877,12.7667,0.0553723
6.99942,20.9121,0.0621401
5.87275,26.1648,0.0889522
-4.99457,18.0572,0.0628209
-4.22334,14.5765,0.130189
1.91441,15.4557,0.118385
-11.356,16.5733,0.0833328
-9.00289,6.43553,0.05
-8.52277,7.35965,0.0522407
13.0423,15.1044,0.0585638
-3.84317,12.2286,0.060297
-1.24186,5.86496,0.0947766
-3.51578,28.241,0.0741917
-8.45408,12.3816,0.0961509
9.91902,24.4277,0.0589848
-4.38685,3.90947,0.0816223
14.1677,20.8272,0.115015
-0.775237,15.8231,0.0759612
-7.18385,26.2346,0.124233
1.48289,0.505,0.0528197
0.464743,27.881,0.05
3.08707,0.962054,0.0822411
4.31763,16.834,0.0633277
10.7176,21.2382,0.0843294
14.2076,24.3591,0.0746467
-9.5731,21.0399,0.0624022
10.1328,7.38883,0.0677975
-7.44906,12.7167,0.0818205
-10.7782,4.87813,0.0850002
10.1114,15.1986,0.0930993
-9.97296,21.0558,0.06092
-12.6753,12.4067,0.104508
1.36609,10.4457,0.0580161
5.23945,27.5403,0.090262
11.2351,13.8409,0.0876345
-14.7556,19.7617,0.0707086
-9.17086,17.9394,0.05
8.73772,5.83496,0.108955
-1.12909,4.21991,0.0690924
-13.9264,15.0032,0.0623821
-4.9993,26.6575,0.0721585
4.13582,17.6098,0.104147
-13.9788,18.1904,0.0845113
10.9649,25.6817,0.0915707
-6.10923,2.48482,0.0739337
-8.43673,8.43491,0.0540008
-13.8905,8.80726,0.100314
9.97878,27.8651,0.05
2.57334,25.1474,0.0713722
14.6769,14.1269,0.118033
6.9143,15.3966,0.0875214
11.6913,11.4219,0.0528119
1.59743,2.56125,0.05
-6.82259,2.59496,0.0512591
-0.989131,28.7853,0.0993862
-14.0378,4.04137,0.129791
-3.84214,9.69934,0.0628116
-4.91921,20.0065,0.0637803
7.81282,1.03914,0.0816009
7.16845,12.196,0.05
-3.80683,28.289,0.0799372
-2.47684,6.27313,0.0647662
-11.66,2.17229,0.0744125
2.55895,12.6562,0.0766642
-12.4343,27.6943,0.0731534
10.3859,1.58709,0.0628211
-0.399794,11.1932,0.05
6.05348,27.76,0.0657263
8.50255,2.34013,0.0678163
13.6541,20.9344,0.100965
-6.7393,24.5007,0.0831157
9.78834,27.4191,0.0786568
-7.84307,1.20264,0.100525
13.656,29.7825,0.05
3.06675,8.7762,0.0992794
7.54099,25.339,0.0728099
2.76826,1.05542,0.0995063
6.50127,25.3668,0.0960287
-13.0389,17.5236,0.0927032
2.09194,4.92692,0.0588211
9.40158,14.3337,0.0672589
9.17625,4.75163,0.109333
-7.54101,27.4881,0.0754643
2.57042,24.399,0.0793575
-13.3773,21.6062,0.061111
12.259,0.755307,0.0665755
-13.2728,24.3441,0.11269
12.6997,19.1911,0.098226
4.77805,21.2685,0.0635764
11.0856,24.1538,0.102493
-3.58065,24.8402,0.05
2.5611,5.07296,0.0994256
9.66718,28.2922,0.0517304
9.05182,20.2645,0.0605971
-9.04612,7.98273,0.0500964
-12.616,29.5119,0.0608517
3.01932,9.99712,0.111665
-1.20911,27.9246,0.114705
13.761,18.2705,0.05
1.79785,7.98613,0.0569431
-1.79298,1.11768,0.0657121
-11.9016,27.7743,0.0788131
5.81949,13.8238,0.0671105
10.1729,3.311,0.0510891
-12.9411,4.98825,0.0809126
3.07864,17.3434,0.05
7.55566,29.4248,0.0563405
-13.8542,22.6893,0.0974423
0.805068,14.3296,0.156063
-7.69095,23.96,0.05
14.3847,22.8395,0.05
0.0383066,25.7604,0.112982
-8.98779,14.2896,0.0767672
13.0194,0.685925,0.05
11.2128,15.6501,0.0635568
10.7283,11.8816,0.05
-5.04136,23.392,0.0650395
5.08874,11.7823,0.0784179
-7.74238,5.15644,0.072129
4.80446,8.07347,0.0760691
-7.08497,24.2542,0.0756035
-11.1277,0.990468,0.0551653
-5.08226,0.52215,0.121107
-3.08231,27.0514,0.05
-1.89626,14.9302,0.05
-13.9511,6.26441,0.0902068
-4.10072,13.8207,0.0787079
7.2611,20.0089,0.101207
-5.29013,1.82577,0.0854749
5.81144,14.4353,0.0978445
3.02822,6.9911,0.0977234
-9.03081,6.76673,0.0799631
-2.45346,3.94006,0.05
10.5249,14.4956,0.0922407
3.5298,2.92341,0.05
-12.0548,10.7551,0.05
-4.47235,6.64559,0.0720335
-12.4146,29.8525,0.0762532
-1.51151,25.1196,0.0992109
8.93213,11.0392,0.0660239
-10.8959,17.623,0.0510037
13.4731,10.8703,0.102517
13.8976,15.6414,0.05
-1.36993,26.8295,0.0580267
-11.3059,28.7946,0.103517
-1.70653,21.6282,0.05
-10.8537,23.6026,0.102981
10.4432,8.94394,0.0559715
-10.5742,6.33421,0.0804297
11.7213,3.36314,0.0993903
12.6642,2.06562,0.0763868
5.43956,23.5435,0.0897051
7.92134,9.79048,0.0912464
-12.4284,8.90154,0.05
-14.9179,13.4336,0.0821149
-8.86503,24.16,0.0594494
6.43296,26.984,0.05
10.15,21.4192,0.0872332
5.06594,28.5886,0.0517265
-3.31827,16.6311,0.0776876
-9.47672,1.46666,0.0568272
5.82933,12.5518,0.0560051
8.24739,25.7054,0.0943211
7.12707,9.88091,0.092815
-9.40458,13.1616,0.0667632
1.57974,13.6096,0.104481
1.48294,17.5965,0.05
-4.83341,9.12651,0.05
-5.42499,16.4111,0.0578738
13.8989,22.5175,0.0805896
6.75559,2.99955,0.0611036
2.3281,12.2831,0.0950056
1.77794,19.5037,0.05
-9.72104,16.4751,0.064843
1.8478,0.799141,0.126169
0.570021,20.7385,0.108273
0.193436,24.2591,0.0686877
9.19037,0.764198,0.100856
9.56148,12.2967,0.10131
6.70409,11.8671,0.05
7.18153,6.31997,0.05
-5.82497,13.8185,0.05
-6.10813,19.7557,0.0855906
8.85087,5.66261,0.0972238
-0.291797,26.8783,0.0654248
-3.02701,1.49709,0.125823
-13.9594,27.5028,0.0515637
-13.5401,14.0081,0.134551
2.44981,7.618,0.0527685
-14.1177,23.6931,0.0608943
4.11335,1.13059,0.0988441
-9.16321,8.07222,0.0972735
3.50658,0.209609,0.0572249
-3.003,27.9956,0.0565104
12.6387,5.49102,0.0661697
-1.78594,24.327,0.0569328
5.81965,15.4391,0.0615272
5.94131,7.59296,0.05
5.23826,26.1714,0.05
-12.6337,5.27522,0.0951243
12.3574,28.6351,0.0895214
-6.44178,2.87667,0.0562076
-10.8765,27.6354,0.05
-3.52701,8.43077,0.05
6.21096,23.6309,0.0931411
-11.6788,21.837,0.0938731
11.0909,0.0789879,0.0790006
1.80025,15.0064,0.0981225
-10.5586,3.82961,0.05
-13.8626,24.8605,0.0716873
-9.63041,2.30899,0.0753823
-13.3038,2.32587,0.0993821
7.98581,13.0123,0.0637448
2.30575,23.7635,0.05
2.9797,14.2595,0.0807832
12.4539,3.41632,0.084122
-1.33511,11.9372,0.0601984
-3.38975,20.8779,0.0528308
-9.80181,5.23925,0.131834
1.13769,1.98125,0.0578392
1.89628,12.6328,0.0645733
-10.8469,4.62614,0.075058
-10.0223,14.9307,0.0578207
-12.3514,23.5593,0.0873257
-12.6867,17.7455,0.103294
13.814,24.6667,0.05
-10.8494,18.1188,0.0574259
0.807559,26.1783,0.0912136
6.6587,7.05935,0.0636361
6.33997,12.2681,0.0658057
0.00602006,21.4397,0.0836652
-4.99898,21.0693,0.103753
-7.74873,3.27395,0.0514197
8.88448,11.8485,0.05
-5.01398,9.64268,0.0651569
-12.1342,13.5484,0.052973
-4.97719,16.0518,0.0886406
-4.57073,11.9136,0.0621806
13.3097,27.4747,0.0785613
12.3022,8.52359,0.0836692
-9.61705,25.0116,0.05
-1.68082,13.3102,0.0652465
-10.6948,20.6541,0.0939798
-9.83221,1.57124,0.0786714
6.05578,19.1917,0.0705413
-3.17963,1.58709,0.0514113
-12.47,27.5315,0.0579633
3.92518,21.8846,0.0904458
-14.2303,13.9673,0.0694542
4.69839,15.6078,0.107597
5.32532,21.836,0.109409
2.22637,21.0376,0.0827509
-7.86594,4.1819,0.0761496
2.17882,15.7906,0.104944
-2.91221,12.2535,0.0694339
-1.31075,10.5783,0.0575502
7.65195,6.54015,0.05
8.91028,29.0763,0.05
-2.65666,11.6941,0.0700287
-13.165,9.3395,0.0976991
9.44338,19.5149,0.05
11.2258,2.03727,0.0733808
-7.77774,5.28197,0.0582873
-8.8087,1.0326,0.0556608
-4.41674,20.2334,0.05
2.31557,28.3043,0.126468
12.9218,19.9653,0.0826774
9.53652,26.2254,0.0828354
-12.9093,18.4424,0.05
-3.66975,13.7331,0.0909771
5.41216,2.12875,0.05
-2.19096,13.0966,0.0708883
-0.0361205,25.5348,0.05
-11.1796,24.2181,0.05
7.82915,25.754,0.086259
-3.0368,19.9988,0.0826628
12.6427,19.0116,0.0901573
-9.78382,28.3416,0.0540141
4.45531,4.0281,0.0531247
11.0216,19.4928,0.079374
1.83843,23.2883,0.0762157
-0.421794,19.1401,0.0940709
5.76585,10.1823,0.0838002
-2.02228,6.53851,0.0972531
-13.2771,6.05486,0.0865118
3.01081,18.3261,0.115912
14.95,9.79866,0.05
10.0335,17.6419,0.0812752
6.72844,14.3064,0.0837014
6.9624,11.7704,0.05
-10.5659,17.0862,0.0616969
-3.06086,10.5308,0.107788
-14.7985,0.0582382,0.0582385
-13.2372,16.1682,0.0596073
11.0117,4.10166,0.110553
-4.13508,12.5907,0.0703067
9.81818,3.71703,0.0911376
-10.6917,7.09475,0.0662289
7.4079,23.573,0.05
-12.524,9.52886,0.0685201
-0.46129,26.4434,0.0838618
-11.3916,12.153,0.103945
1.25821,2.91795,0.0946168
-5.68147,23.8454,0.0906347
2.5123,28.8235,0.0890013
-0.0656732,1.55556,0.131643
10.0062,6.7433,0.0835598
12.5569,25.1118,0.05
12.469,19.5397,0.123924
1.26248,15.6979,0.0834886
11.5971,21.8834,0.120522
11.4433,2.39669,0.0923821
-7.39662,10.4717,0.05
11.9627,27.9017,0.0693287
-13.4947,10.3767,0.109269
-14.1637,8.93674,0.0686026
10.7728,7.70253,0.05
-10.1353,24.9822,0.0956078
8.26017,8.14907,0.067397
-4.22204,19.7928,0.0803583
-5.83373,15.5751,0.0606306
9.93808,5.38856,0.12778
-2.00247,19.957,0.0648582
-7.57758,18.3551,0.05
-12.5208,9.28099,0.0813853
-0.373568,28.5696,0.0702259
1.42826,25.7865,0.0550617
0.401097,1.62185,0.107229
4.52384,4.24239,0.0906957
4.53132,4.64604,0.0822068
-2.5518,29.275,0.0849243
11.0593,16.6399,0.0802544
12.2643,24.5468,0.0646699
-11.6448,7.1751,0.0718936
-0.972146,0.357879,0.0815598
-14.9336,17.8804,0.066383
4.47339,29.1573,0.0764707
-11.7801,28.1852,0.099468
9.76376,29.3988,0.0948781
-2.02918,3.93952,0.114678
-3.09573,11.9521,0.0697952
11.2266,5.05756,0.0740965
10.3598,18.4419,0.0787955
7.54329,23.0637,0.0852509
12.0704,26.1735,0.05
6.51314,11.857,0.0606859
14.6102,19.163,0.095974
5.48078,27.052,0.05
7.82278,12.5838,0.054063
8.72907,7.79322,0.0660057
6.39244,15.0721,0.05
-9.6725,29.0374,0.063228
-9.89924,24.0819,0.0910015
13.7756,1.5571,0.0902125
-11.2239,11.5261,0.05
-2.11116,13.4265,0.0932442
-10.3868,22.0316,0.0708915
-2.97316,13.4569,0.0884954
2.2027,12.6267,0.05
8.10911,23.8273,0.0608982
14.273,5.73004,0.108341
-14.7854,29.9462,0.0517439
-1.45361,26.0159,0.0757972
2.00544,27.5794,0.0957428
-5.13152,17.9935,0.088204
-11.1422,6.39327,0.0888863
4.56478,2.20629,0.0915984
-5.39877,18.0651,0.0976057
-2.39676,19.0488,0.10119
14.5608,24.572,0.072665
14.6268,17.1926,0.125469
14.018,8.90991,0.0557128
-5.25508,8.39254,0.0585699
-5.41893,7.69598,0.05
-12.7311,16.8096,0.05
1.86496,24.4845,0.0958332
3.93664,10.6723,0.0735558
-12.7078,13.8476,0.05
5.72512,7.34906,0.0996252
8.84088,6.78632,0.05
5.09618,6.60862,0.0710834
-11.4532,4.74084,0.0635837
10.4942,22.9,0.08612
-0.975876,3.90442,0.0955086
-11.9161,26.5896,0.0950685
6.04822,22.1062,0.0889604
8.29155,9.88696,0.088293
1.31816,7.82577,0.05
8.95544,8.43133,0.076789
-2.33096,12.9494,0.0847944
10.843,19.7634,0.0517213
11.9003,23.2202,0.0896782
-8.31328,7.28915,0.0790038
6.36074,28.6326,0.0632396
-8.68576,28.4458,0.0934497
-0.444078,7.30607,0.0919567
-11.2902,24.2515,0.065468
8.34454,14.4357,0.05
6.36826,21.5753,0.0889244
14.8297,4.74845,0.05
-5.2913,17.8272,0.0764933
-14.5033,4.82621,0.0958342
-0.823932,1.60757,0.0880419
-3.32097,28.2802,0.0589885
6.68391,24.0068,0.0875288
-12.6673,24.3823,0.05
10.3271,15.4293,0.118117
10.6086,28.9121,0.0740913
0.346072,27.8505,0.0725161
-11.0029,9.11487,0.05
1.40824,8.93595,0.101238
10.917,26.6905,0.0675252
-9.05126,16.9959,0.0678799
11.3222,15.2616,0.057841
-14.1518,27.1456,0.05
7.50535,18.2962,0.0724963
6.05529,16.2184,0.103926
13.1033,5.73758,0.102643
0.158824,15.4722,0.0687291
7.29356,12.8382,0.0631648
-6.08972,13.5911,0.0867523
-4.3061,7.28188,0.0795035
-11.5054,2.88666,0.05
-3.01891,6.1688,0.0862156
-6.45354,13.8147,0.094331
-3.07074,5.7489,0.110024
-7.99286,29.5231,0.0914039
-9.02222,18.2292,0.0906845
-9.75075,22.0566,0.0620093
-0.469624,14.9801,0.120131
6.1322,29.0336,0.0752844
0.144135,22.0363,0.0914612
4.67327,1.42186,0.05
3.63545,18.6757,0.0664294
-1.17818,6.74903,0.05
0.47417,16.7955,0.05
10.24,26.5156,0.0663923
1.55405,9.02463,0.0690165
-5.99648,6.19092,0.0905334
-2.20926,27.3433,0.0756175
-10.274,10.4558,0.0697943
14.4047,8.75905,0.051522
-12.2806,5.60681,0.0719654
-7.57497,0.365813,0.05
-9.58577,27.7589,0.0627308
1.98538,26.5088,0.0847549
-8.00495,10.7894,0.05
9.48577,27.44,0.0862476
-1.47797,13.0682,0.0584061
5.69533,21.7444,0.0868738
11.7253,14.4452,0.0857762
-13.4565,6.12475,0.106075
-1.50873,3.9285,0.0719916
-7.58029,15.5867,0.0887075
-14.6297,17.935,0.0902973
11.663,27.7522,0.05
-9.25175,13.9727,0.05
7.82633,9.23791,0.109849
-5.35259,28.7018,0.0856856
-1.32256,18.537,0.0693182
-3.77332,11.2906,0.05
3.76892,21.1857,0.079844
8.99423,10.8176,0.0654933
-10.1171,21.0104,0.0884329
-11.7291,10.5846,0.0634162
-14.3392,28.4325,0.0649529
2.54624,2.47279,0.0787016
-0.167975,15.3414,0.0971997
8.39623,10.828,0.0512114
8.65465,20.4404,0.0889453
2.47331,20.2441,0.0992685
6.00849,12.5856,0.126325
2.16422,10.5549,0.0799747
-6.39176,17.9007,0.0926537
1.1398,7.60083,0.0733366
13.4662,5.75118,0.0592727
-5.74308,11.1995,0.0681159
14.8013,22.6222,0.0882399
-14.1005,11.7011,0.0747351
-1.15149,17.7634,0.0641248
2.829,9.94664,0.0852307
12.9177,9.88238,0.0677192
6.47229,28.5767,0.0615223
-9.26982,6.81139,0.0585007
13.2733,14.48,0.0632692
-11.0718,10.8097,0.0826504
7.11233,9.70033,0.0883644
3.1988,21.0488,0.0644184
-2.86157,15.3719,0.0855639
-4.25018,4.49491,0.0768713
3.95804,3.81527,0.0569517
-9.27926,9.24588,0.05
2.81314,26.6648,0.05
-1.2054,18.5595,0.05
0.264571,9.49426,0.0841065
-9.0989,6.96988,0.05
-8.28877,19.4236,0.0884697
12.1131,22.1361,0.0605227
-11.5704,0.73623,0.104323
-7.29062,26.4019,0.0741506
-2.90941,19.3536,0.0777369
-2.07538,8.2534,0.0625715
6.1301,3.80502,0.101996
8.87372,3.24704,0.0567671
-13.1281,28.0143,0.0862529
13.0122,23.2648,0.05
-9.03889,0.0537004,0.0537097
-4.68815,5.11546,0.0568332
12.3407,16.8353,0.0588447
-7.86008,5.97232,0.0732016
-13.5487,24.2961,0.074187
-8.96433,13.3564,0.102123
-12.4446,15.8876,0.0527481
13.4327,0.203008,0.0970384
10.3795,11.8128,0.0897397
14.2055,5.99016,0.0953663
4.10373,1.7666,0.05
6.96996,22.2723,0.0867343
1.65555,25.6905,0.0584154
-0.592059,10.1769,0.0687089
9.05938,26.5319,0.0989295
-10.219,25.7365,0.0836366
6.20817,21.4934,0.0694936
-9.67992,13.5336,0.062037
-6.35749,16.2802,0.0814722
1.43453,13.4994,0.0778146
-9.21206,20.0848,0.101426
3.91266,18.5136,0.0717258
-1.32275,26.4996,0.0903216
-9.8275,2.1862,0.0856648
1.21794,24.1592,0.070179
-1.39495,16.355,0.05
7.29137,3.4723,0.05
-1.81907,28.531,0.0891298
2.03399,10.9427,0.0872413
5.96726,4.55803,0.0642224
-9.4983,23.2573,0.119491
-6.11987,3.92271,0.05
9.00098,24.1252,0.0863336
-12.4573,1.63744,0.0915276
1.1606,16.732,0.05
3.53071,12.4371,0.107131
-12.1247,14.436,0.0947582
-7.2603,22.6722,0.05
-2.49281,0.577247,0.087492
1.38322,26.9688,0.0656731
-5.63856,19.8445,0.0779481
11.8328,13.457,0.05
3.57241,2.2329,0.0983465
-13.6518,27.2399,0.088155
7.31374,8.94081,0.0776291
3.85666,3.78124,0.05
-6.48685,24.9108,0.0641604
1.55439,10.4441,0.098887
0.306646,25.4373,0.05
11.0787,3.48142,0.05
14.7383,14.7619,0.10239
6.39811,21.0462,0.0866931
5.18522,16.2983,0.0977943
-13.4206,9.97513,0.13802
-4.79844,15.8945,0.0689461
-4.4344,3.32832,0.134239
-8.29201,11.3468,0.0894219
3.82402,7.40185,0.0828839
4.23839,26.2236,0.0616489
-10.4046,25.4171,0.0586485
-6.81392,26.4785,0.0507926
-14.4917,14.5402,0.101979
-7.11,3.21547,0.0577725
2.79659,11.7704,0.0804729
-13.7892,15.4451,0.0659294
-9.2376,10.1589,0.05
-3.6988,29.311,0.0595344
13.2129,25.308,0.05
11.7629,0.717066,0.107095
-1.91864,8.66429,0.100091
10.5239,1.97247,0.05
-2.29646,6.59576,0.081958
6.78184,23.8623,0.087078
-1.51162,12.3379,0.05
-4.37718,29.4385,0.100554
-0.495451,18.7744,0.0907388
-10.1569,15.859,0.0549202
-6.77599,10.0542,0.0526848
-14.2903,1.56398,0.05
3.68599,18.2644,0.0830296
-4.85841,22.797,0.0756268
-1.99,21.4097,0.05
-7.04055,18.5173,0.0614014
-3.20086,6.23467,0.10729
-9.28838,13.256,0.0797623
12.7474,2.56585,0.0647786
-0.143805,21.042,0.0620383
-13.7412,27.7511,0.0638433
-14.1097,1.83865,0.094101
13.4605,20.1423,0.0967968
1.70775,15.1921,0.0831819
10.0094,25.341,0.0998842
3.9789,15.3099,0.05
11.8776,12.3568,0.105765
12.1494,23.6795,0.0871132
3.70839,8.37025,0.0632631
14.65,21.9637,0.0871907
-7.81037,7.55568,0.0778491
3.2651,23.9115,0.0521488
1.34246,17.6794,0.11313
-7.7505,15.328,0.05
-12.9225,5.73503,0.0583719
-4.82092,23.0643,0.0635369
2.51985,0.408666,0.0523315
-11.5664,7.06737,0.06131
-11.891,28.9103,0.0660365
-13.501,26.099,0.0903308
1.80516,8.10929,0.0664287
-10.8294,1.63161,0.0543913
11.9941,4.37816,0.0878175
-4.92166,10.0253,0.0724262
-0.47164,15.5456,0.0901278
-11.8212,4.18872,0.0559941
9.73684,10.0953,0.05
4.27721,23.8851,0.13687
12.6183,0.200715,0.05
-1.53529,28.5246,0.0531515
4.80262,4.72024,0.0561887
9.57074,0.836777,0.0988888
-5.27758,18.5862,0.0806259
8.64558,1.93931,0.0739353
7.68224,25.2621,0.0880205
-8.61513,7.4083,0.0521492
7.57678,3.76305,0.151768
-5.80261,6.44562,0.122835
2.34472,11.2104,0.0906522
13.8717,2.46073,0.0733131
-9.47184,17.6264,0.0643511
4.98807,6.73826,0.0977214
4.39917,3.51703,0.0705495
-0.950187,29.1934,0.129637
-13.3182,0.0879468,0.0879772
-0.771935,12.7643,0.0953654
8.34947,8.91764,0.0667236
-4.74196,20.2714,0.0869302
11.9469,23.3867,0.083076
-10.8143,1.84198,0.0819544
-6.65815,7.47816,0.0969853
5.92432,26.3465,0.0999286
4.65312,29.4059,0.05
-5.63754,11.8233,0.05
3.72849,6.04761,0.0750395
-9.61887,19.246,0.0731499
8.50095,13.75,0.0978562
-7.4575,5.91909,0.0895509
-4.94901,17.8863,0.113993
7.4132,14.4424,0.0761156
11.0415,5.81172,0.113471
-3.43184,3.11568,0.0992215
10.9226,10.5929,0.05
10.5216,18.3591,0.0965069
4.41843,2.11158,0.0780939
-10.3441,12.9406,0.05
5.34536,7.4881,0.0793935
5.08682,20.7915,0.0927313
5.35971,25.494,0.0672788
9.67545,9.72508,0.0525468
-14.4117,5.7908,0.064035
-5.28736,26.1772,0.0649974
14.4034,7.31212,0.05
13.542,11.5457,0.0784662
-3.48301,19.8181,0.119777
-13.8193,24.0907,0.05
11.1916,8.1502,0.0770899
-3.03863,12.2417,0.0575357
6.2328,0.453599,0.0614412
1.21748,27.6808,0.092979
-0.85015,13.2584,0.0669772
-12.3594,26.872,0.0990477
12.3432,9.89726,0.0864364
-2.84431,16.3054,0.119017
-9.14101,10.9883,0.0736601
7.55699,19.797,0.102357
-5.5614,16.6936,0.0988625
7.62536,12.0798,0.116105
13.4982,27.4115,0.120275
6.43162,8.14376,0.0511965
9.88435,15.6388,0.10483
1.13774,7.76068,0.0865332
-10.3116,15.4261,0.0780326
-4.90015,26.0148,0.05
3.08351,20.3242,0.05
-7.02378,1.94751,0.05
-8.36486,6.79396,0.103945
-11.1393,21.0507,0.096563
-5.0355,19.131,0.0991207
-12.4892,29.5353,0.0680522
-5.24857,6.67842,0.0767509
11.9204,28.5529,0.0813609
2.51713,22.9372,0.117324
3.2131,17.4452,0.071346
1.16809,19.646,0.0789522
-5.74016,7.30905,0.0772245
4.0773,23.0773,0.110963
11.2109,27.2298,0.0525791
-2.33473,9.67377,0.104168
9.78777,11.4604,0.0902352
-3.3092,5.16977,0.0565738
-9.8799,4.00114,0.0702388
-2.61831,28.7366,0.124308
5.05774,17.6839,0.0960699
-14.0752,3.16425,0.0772025
-0.83423,8.27127,0.0645266
7.33676,21.3374,0.0773576
7.22807,2.25874,0.10318
-8.00955,14.6158,0.0654213
10.8578,11.3095,0.076814
5.2706,21.1324,0.0874233
14.9045,15.4984,0.0954787
-7.99246,2.10149,0.138264
5.39346,1.3517,0.0676987
12.4594,25.1957,0.0785849
8.63184,0.320236,0.05
3.42236,27.7802,0.0815585
-8.33387,21.1916,0.108129
6.5433,4.91909,0.0558711
-7.57345,21.4675,0.104854
14.1284,14.748,0.0980918
5.91944,21.6396,0.077175
8.94542,16.5532,0.0810004
-6.64238,20.0211,0.0558871
-8.77357,12.0098,0.0893822
1.60206,27.422,0.0673565
-0.0895781,3.88476,0.05
-11.0506,6.25044,0.0802246
6.23274,8.81532,0.0881453
13.6222,8.90354,0.05
-14.7556,8.0163,0.0983238
-11.6093,9.70089,0.0639443
-3.61003,5.89975,0.05
-2.22644,13.2313,0.0683567
-8.56318,26.6606,0.0992822
5.07155,20.4754,0.0596393
11.8097,16.869,0.0513215
11.8598,24.6897,0.0787697
2.56064,17.0394,0.0920808
12.2526,19.8622,0.0695073
11.7794,12.5884,0.101557
-4.01458,2.81459,0.116498
9.16367,14.4811,0.0973217
-7.41261,6.10191,0.0854463
7.92506,19.8177,0.103096
-14.9259,10.5357,0.0741262
-7.42715,23.7795,0.0978522
-10.1916,27.7595,0.0833869
-10.7096,28.7914,0.0852368
-6.41185,20.995,0.05
-14.1605,17.2833,0.0522929
-3.66457,29.6586,0.0670362
-4.58166,13.8053,0.0999828
14.876,19.6289,0.05
6.62694,9.18825,0.0685444
9.19567,13.9306,0.0843484
-9.28348,0.174106,0.0751795
1.06317,22.3972,0.05
8.51796,20.4154,0.05
-6.57473,15.9067,0.05
13.9538,16.7652,0.0834361
-4.33859,25.2599,0.129053
-1.48289,29.3813,0.05
-13.3545,18.0508,0.0888265
13.887,11.391,0.0790122
4.53485,7.16337,0.089893
1.38898,2.57845,0.0534222
10.7542,20.1024,0.0969938
-7.58184,11.3356,0.100524
1.48681,27.4442,0.05
13.3019,20.6728,0.0624763
-4.35764,28.1246,0.0957279
-0.317447,8.66104,0.0609999
-1.34027,26.1205,0.0692829
-5.42909,19.6762,0.0949541
-14.6859,7.10268,0.0841048
-12.8131,15.6652,0.0703879
12.4115,4.01888,0.0772921
6.41481,8.79078,0.0955684
14.1824,29.4341,0.0562727
-3.24865,21.9516,0.108633
12.7011,22.1082,0.05
6.31764,13.5777,0.0655657
11.7884,3.55269,0.10168
-2.9159,15.0377,0.0717824
10.7934,27.9445,0.0808883
-9.66688,4.1761,0.0629668
-10.3797,11.3452,0.0655159
1.99512,20.9398,0.0981962
-0.497877,11.0596,0.115692
-14.582,1.34384,0.0937952
-3.59549,0.709452,0.102799
-0.203254,9.21467,0.128219
-13.7571,1.23821,0.05
-4.28103,8.35887,0.10794
4.86311,21.52,0.0683198
-14.5624,0.684805,0.106221
-0.152503,13.7877,0.112314
13.7118,18.3685,0.0596201
-1.30799,7.47175,0.0821011
-4.49601,29.8885,0.0985055
-0.971919,19.4095,0.05
1.91533,19.8189,0.0719573
-12.5236,1.80508,0.0887747
-8.21319,6.9353,0.0541217
-9.10369,7.09705,0.0689758
3.10631,28.7316,0.05
4.29651,18.1193,0.0869428
8.48218,2.15899,0.0534189
-8.35526,4.58714,0.111294
-10.3611,23.3841,0.0872414
4.19333,24.3636,0.0961395
12.1105,8.71875,0.0888153
-4.79489,17.1355,0.0749222
10.9056,3.85328,0.138184
12.3361,18.0622,0.0875069
6.46561,3.85689,0.0661605
-0.780196,27.7076,0.0746677
13.9706,19.0821,0.0692871
-1.16011,3.46722,0.0614912
-2.44789,19.9229,0.122968
-14.66,22.9726,0.05
7.84841,26.3549,0.0860937
-7.34828,16.9977,0.0882326
14.3752,17.4787,0.0767371
-0.862483,25.7243,0.102736
-14.7056,3.173,0.0901707
8.24275,28.8496,0.0997376
14.7136,12.525,0.0601297
11.5206,8.79189,0.122118
9.56157,3.64982,0.0544877
-5.95188,26.8309,0.0697799
-7.43115,12.0034,0.0664481
6.53323,16.7123,0.112892
11.2603,14.0299,0.10305
-1.12555,22.6468,0.108996
1.07006,25.071,0.0607233
4.50474,24.7526,0.0723209
-12.0631,26.6753,0.0750608
14.7793,3.06577,0.0661796
-10.9809,18.0311,0.0949495
6.26192,18.8724,0.0972024
-9.64908,4.31599,0.0780664
-5.40149,0.728396,0.10378
11.6222,3.70088,0.121029
4.56582,28.9096,0.0721359
12.5798,16.9417,0.0860828
8.25188,12.366,0.0749716
9.07634,10.4175,0.133539
12.6622,12.601,0.0782227
4.56806,27.1442,0.0563052
-14.5778,1.0045,0.0594801
-10.9566,23.9984,0.05
8.76235,25.8712,0.0699234
-14.4594,13.1965,0.0912016
-8.37163,8.53611,0.0663237
-7.40832,24.4418,0.0963297
-3.83382,0.994394,0.0769111
12.6146,21.3463,0.0794319
-7.52549,13.6656,0.0891022
12.0169,29.0033,0.077501
-14.6598,25.8789,0.0741946
-3.39107,0.69569,0.0970687
-5.658,12.5126,0.0710733
-12.9011,5.13379,0.0700307
-9.12168,19.8583,0.05
-0.255782,28.7999,0.0970735
-0.954664,16.1455,0.05
-14.9363,18.0105,0.0637074
6.57367,21.461,0.133114
-7.34202,28.7044,0.0810957
2.4361,6.78714,0.0806275
-2.48326,6.58954,0.104952
-7.88146,3.95641,0.05
4.13323,22.5415,0.0739089
6.29602,18.1044,0.113139
-7.04616,20.0785,0.0592325
6.64613,24.4814,0.05
-1.89747,11.4686,0.0824541
-8.44953,27.3087,0.0739337
4.92716,26.8217,0.0652089
4.46711,18.5844,0.119289
12.2445,6.90737,0.0767675
-6.47912,23.2028,0.0882045
11.8426,28.414,0.0706981
8.23747,18.8957,0.0756809
14.4726,14.1772,0.0716368
-11.6609,18.2319,0.0649296
-10.5,7.11845,0.126885
-2.17549,18.4087,0.110989
6.01407,6.21542,0.103439
-9.30888,28.1288,0.112265
1.56133,19.9308,0.109333
-11.5424,20.732,0.0774889
5.77408,2.20055,0.0695459
5.33001,0.811305,0.100846
10.9438,18.1072,0.0875297
-1.21344,24.2789,0.05
7.52025,23.834,0.05
13.3759,11.1752,0.0836113
-9.37256,26.9978,0.0708083
12.575,2.84688,0.0657204
-6.56729,19.1251,0.0662215
10.999,3.42103,0.05
3.8079,20.7049,0.0650636
10.9208,19.0291,0.062299
5.74187,24.5046,0.076048
-8.622,1.36342,0.063637
-2.35049,26.4888,0.0873948
-1.78879,26.8583,0.110376
10.9493,13.944,0.0700037
-0.393502,20.4901,0.0529147
-2.94609,25.4542,0.0642964
6.3102,12.0722,0.084932
1.98197,27.0947,0.0768482
2.58027,29.7941,0.0631067
-6.93276,23.8698,0.0843321
-14.348,27.7787,0.105228
6.69021,18.8197,0.0664115
-5.04829,28.7106,0.0667744
-2.6596,11.1226,0.0542288
0.626639,18.3347,0.0755515
-5.62691,14.7808,0.05
10.4777,11.4728,0.0700869
0.112454,13.5347,0.105533
-14.9261,20.9413,0.0739139
-1.89031,16.6488,0.102473
4.00672,7.46273,0.109693
1.57918,3.86165,0.0904655
-9.26272,13.4305,0.0965669
-9.67028,2.48034,0.100549
12.265,22.1979,0.103464
-1.95297,7.19905,0.113587
-10.3441,27.7751,0.0668033
14.1328,10.0183,0.0765648
-12.8044,20.8088,0.102084
5.97848,17.8372,0.0787163
-12.0373,28.6801,0.106889
-7.81935,6.10115,0.0611653
-1.19256,23.3005,0.106735
1.98844,25.9161,0.0687497
8.5122,15.6709,0.074406
9.65948,9.27622,0.0648505
4.72896,25.7358,0.0590663
-10.8861,15.4234,0.05
-1.72623,7.8425,0.0914866
-8.38065,17.0163,0.070454
5.36129,13.061,0.0676701
1.34114,23.2791,0.11013
8.50419,7.66373,0.0687732
8.00912,29.6335,0.110534
-13.4164,22.9254,0.0836926
6.32316,26.0734,0.0622085
-8.96463,17.4699,0.0706875
-4.44304,7.57217,0.0784669
-10.4722,25.6749,0.0777179
11.5202,26.8024,0.0946303
0.653614,12.8822,0.0772405
-7.4286,2.66987,0.0637559
-8.48229,23.0826,0.0985327
-9.15608,25.8369,0.0806868
-6.02604,2.39296,0.05
-7.49532,16.9017,0.0873298
-0.949278,8.18237,0.0808662
-3.22368,5.7018,0.05
-10.5132,4.77391,0.0983291
-3.94064,1.28013,0.112918
-7.48107,15.3256,0.0529861
12.8611,23.0146,0.099714
-10.558,24.6267,0.0793344
6.14306,25.4127,0.104522
-8.70373,0.0853947,0.0854169
0.175395,2.42505,0.0612555
8.80787,28.4399,0.0940752
-8.2604,20.3579,0.0815892
-7.12048,2.12622,0.0568383
6.9352,20.0992,0.0500559
-8.41424,2.04202,0.108558
6.13195,0.234615,0.0510827
0.919538,21.646,0.0794935
4.36674,11.3126,0.0599206
11.1686,17.8555,0.0621666
-0.0391417,25.1902,0.05
0.697488,4.62725,0.0585235
-2.41995,20.2077,0.05
-6.60113,29.3992,0.0699262
-1.27701,20.426,0.0741931
-14.6149,18.7611,0.10532
4.93371,11.8462,0.0892573
-0.173743,6.95815,0.05
-7.67494,28.0681,0.100758
4.2471,4.72342,0.103563
-3.31645,16.8134,0.104641
12.9855,3.82078,0.0772176
-5.5121,16.8709,0.0852202
12.9646,25.1435,0.0667113
2.6918,16.3041,0.101832
-12.1339,13.0381,0.0771585
5.19773,26.6471,0.0700228
-13.5036,12.1276,0.0847652
3.57412,18.4027,0.0949084
-3.83871,18.4625,0.0553479
-3.44853,6.16197,0.0521032
12.1649,14.8084,0.0672466
-5.06686,29.2247,0.05
6.57171,11.6479,0.0602543
5.59641,13.3335,0.0982138
-3.14544,3.71152,0.0701294
3.17516,25.7169,0.05
-6.98179,15.7889,0.0878304
-0.0842861,29.5752,0.0581121
-2.26437,14.6174,0.0638818
-13.4694,18.6149,0.0665172
12.5304,27.1611,0.107062
7.91317,22.8914,0.0631266
13.0288,29.3213,0.0790526
14.4761,29.615,0.0512163
-7.75587,29.0004,0.154754
8.66607,21.6647,0.090584
10.2554,24.8245,0.05
2.85925,2.25743,0.0530306
-13.79,29.1359,0.0916141
-10.3993,9.39628,0.0751557
0.677776,9.60138,0.05
5.61384,3.13846,0.0669389
0.92337,2.58117,0.105611
-1.39257,22.8497,0.080298
-13.7726,2.42357,0.05
-9.36772,8.22729,0.0939668
-5.89197,10.2716,0.0841934
-13.3456,27.9412,0.115926
5.98325,8.99454,0.0773641
-2.3357,7.61505,0.0909465
8.47425,7.39101,0.05
6.77814,22.76,0.0779305
11.4154,1.3392,0.132076
-7.32292,5.30625,0.0703796
6.90024,25.9052,0.0764099
2.37305,23.0222,0.05
-14.0622,18.0848,0.05
-8.85323,26.2403,0.113683
-13.2157,25.3213,0.0697479
9.43111,27.8679,0.0655522
7.73695,5.02157,0.0542045
5.28075,11.941,0.0728486
-5.88196,24.3269,0.057184
-9.87628,2.81349,0.0913149
5.4348,28.5699,0.05
9.15736,24.237,0.0533287
-6.17714,4.17746,0.0709186
8.13667,3.70826,0.0787506
13.0361,29.4593,0.0591734
-14.342,12.2634,0.0752045
10.2609,16.2006,0.0742268
13.5523,21.768,0.0960219
-11.1614,0.586957,0.064372
2.55535,21.1467,0.0664378
0.410128,15.931,0.0988255
-11.7232,26.4124,0.108029
6.90523,20.5517,0.0816808
-0.996736,24.7399,0.05
-13.2336,15.6354,0.0967713
-12.7908,21.1699,0.0983979
14.7394,5.25625,0.05
-5.07877,6.8611,0.0715524
-8.96014,10.7974,0.0596819
-8.77637,10.8238,0.109331
-10.7218,27.4413,0.05
9.203,27.8013,0.0581593
-1.93528,10.1658,0.08019
-5.6431,3.73766,0.0714197
14.2428,22.0991,0.0634438
-6.30172,10.3731,0.0706524
8.81834,1.45491,0.066692
14.2389,19.8558,0.109402
9.85939,2.5091,0.100248
-12.6987,11.8151,0.0814757
-1.72616,29.2173,0.0526224
6.0543,24.2067,0.118214
7.64631,9.69866,0.0695069
-4.82309,15.3355,0.0987189
13.9173,19.7375,0.0971381
-14.9432,7.81365,0.0568116
-12.3505,22.1896,0.0954803
-8.91574,23.8954,0.0926951
-5.50538,3.0573,0.101317
14.0435,2.28661,0.0674397
9.1119,8.53327,0.0898173
-1.27657,22.583,0.0549305
7.57366,24.7243,0.0693462
-12.6629,20.5143,0.112484
3.35329,10.6379,0.0628704
-14.5968,13.5732,0.10151
-14.3801,8.68092,0.05
9.52932,15.0967,0.05
-13.0485,3.51682,0.0623331
-4.96322,2.09493,0.123984
4.80494,3.25143,0.0964762
-7.1151,14.4208,0.0708837
2.11045,5.38347,0.089538
-10.3516,20.0687,0.0684014
-6.00206,14.7144,0.0918004
5.205,27.35,0.103182
-6.46585,15.8176,0.0907072
6.55639,19.6015,0.0633745
14.4365,19.9808,0.0869417
-4.13896,18.9025,0.05
-2.91313,10.6073,0.0586014
1.71996,27.6995,0.0538266
-8.54677,16.7738,0.0719029
-6.26964,16.9029,0.0820919
-3.3291,17.2116,0.0573884
13.8683,11.8161,0.0528891
11.8414,11.1326,0.0888128
4.19464,5.43374,0.080922
-7.94989,20.2051,0.0760147
10.871,23.1978,0.0857252
11.5727,2.89175,0.05
-13.4238,18.8456,0.0668508
-13.0954,3.0739,0.084375
2.18558,11.27,0.0756072
5.30286,15.3289,0.0781741
-0.900413,26.1633,0.0563131
-6.12088,23.5805,0.05
11.8338,1.72023,0.0970713
-14.7812,16.7594,0.0743841
14.9157,21.1123,0.0842674
5.74788,29.1934,0.116831
-12.9451,6.78187,0.05
8.91645,26.4196,0.0828008
-0.457668,8.71427,0.0889869
0.461683,22.3268,0.0688098
-7.72829,6.60318,0.05
-4.56616,5.08118,0.05
3.9107,4.20268,0.05
-8.99401,23.6371,0.107443
-9.79189,29.3758,0.071942
-2.96337,9.26379,0.051262
-10.7739,5.57435,0.108565
-1.76465,7.21926,0.0758148
-2.07428,24.8511,0.101129
1.89114,6.99834,0.0784399
-3.78671,23.9314,0.0711197
2.59674,20.6907,0.0562779
-6.69839,10.5188,0.0566102
-0.635236,21.1235,0.0940712
-5.69534,22.622,0.0579237
14.7163,10.7992,0.0602153
-8.6717,14.4901,0.0815348
5.67059,25.1688,0.11154
8.34095,5.17951,0.0637981
-2.74701,7.46574,0.0731617
9.61083,3.18032,0.0532141
-8.85545,23.0885,0.0584836
-13.0821,29.9426,0.05
-9.84277,10.4076,0.104566
-2.49253,3.06299,0.0808352
13.8787,1.43195,0.0719273
-5.74904,29.0474,0.0735313
-6.06349,0.725964,0.0758492
-10.1161,22.0382,0.0730987
3.95911,7.11955,0.0850208
11.3803,16.344,0.0825654
5.15416,0.0499971,0.05
-3.57187,19.2478,0.0745722
0.272319,15.0554,0.125017
8.84087,21.2462,0.0729711
6.05667,11.0997,0.05
-10.2101,14.4782,0.0596756
-3.23973,19.3562,0.0831315
7.59031,8.41014,0.0894286
-14.5569,14.1755,0.068342
-12.9296,7.33033,0.05
-12.275,1.63305,0.0908475
0.1772,1.40886,0.05
-12.4041,18.8436,0.0682449
7.08582,4.94528,0.05
2.54469,14.3817,0.0692963
-4.15009,1.75544,0.102421
8.90729,10.6587,0.115606
3.92026,15.8467,0.0656156
-0.98057,2.68258,0.147288
5.33086,10.2504,0.0629072
-8.02752,14.1903,0.0827946
10.6932,14.0474,0.0909938
-9.75495,1.38206,0.0723009
3.39891,0.465318,0.05
10.3467,12.5535,0.0692178
2.98991,10.1912,0.0846614
-4.40519,13.1724,0.108258
-14.7959,6.82165,0.05
-9.652,8.80823,0.0840483
9.79419,23.2122,0.0612645
-1.21666,3.87238,0.090123
-3.5645,10.2973,0.0682882
-7.57398,8.37221,0.0725781
9.8254,3.0145,0.0886764
-14.95,26.2467,0.05
-6.89417,16.551,0.109353
10.3106,27.3125,0.116554
4.96241,27.0334,0.0897643
9.57562,9.46322,0.0848849
-5.00194,8.66348,0.0973787
-9.72765,27.6067,0.0542425
-1.72202,2.80067,0.0606637
1.96451,26.6665,0.0743434
7.4094,19.7248,0.0619365
-3.90326,19.8754,0.0921296
2.3581,14.5666,0.0763418
14.1977,19.4205,0.05
-11.9147,25.3773,0.111999
-12.18,23.8296,0.0683391
-12.8699,21.8492,0.0730385
-9.7775,18.5776,0.103671
-13.6699,21.0475,0.0742857
11.8047,11.3736,0.0668266
0.904643,13.2262,0.0878726
-7.23369,4.94559,0.0586739
9.75009,25.0718,0.0731408
2.94823,23.973,0.0966295
1.62724,3.07733,0.0542651
12.559,24.0871,0.0778944
-4.6977,17.2617,0.0843584
11.4489,11.8932,0.0720867
9.74048,6.16397,0.0699468
-2.41572,12.4292,0.05
10.9416,15.1077,0.05
8.75637,9.78305,0.0819892
-9.30719,1.27086,0.057076
-7.94749,2.55314,0.108005
4.80695,20.2957,0.0539768
-6.87756,12.3085,0.112498
-3.76183,27.9189,0.0518331
-3.80935,6.36962,0.0793502
5.988,23.9727,0.12501
-8.30164,29.9154,0.129498
-7.07868,19.6662,0.0775433
1.63984,29.9033,0.0792373
-3.78506,21.1905,0.0830237
-3.72715,14.4509,0.0978568
-12.1873,26.0786,0.0859076
-12.1624,3.81537,0.05
-10.7271,4.72257,0.0787489
9.5228,13.038,0.119182
-7.96076,13.8794,0.05
2.88166,10.8605,0.0868241
12.7407,17.1356,0.05
3.04677,12.3306,0.05
-2.25821,19.8583,0.0774117
2.17503,15.1524,0.111082
7.55728,10.5025,0.0708255
-10.0172,1.35649,0.0997033
5.63828,2.24144,0.0722819
-2.92341,9.48777,0.05
-8.62254,3.93914,0.0570825
-3.08103,27.6797,0.0815591
-6.03365,12.0068,0.10731
-9.05276,21.6166,0.05
4.64361,5.8573,0.0535303
1.7143,0.947308,0.0732856
5.72488,12.6599,0.0943625
2.16523,0.346706,0.0917845
-0.661242,4.41152,0.124947
-13.5495,9.77499,0.0744237
-0.784183,5.78603,0.0701467
6.41008,28.1404,0.0500839
9.12059,19.9263,0.0883471
2.44063,7.8346,0.105527
3.56247,21.9427,0.0986849
-8.38997,21.7884,0.072384
8.81655,20.7802,0.0687796
5.96576,3.76762,0.0659163
3.06056,18.1522,0.0648829
-2.36396,1.20773,0.0524238
-1.21276,26.9608,0.05
13.396,24.089,0.074368
9.02646,5.43949,0.0857036
-8.20474,9.04802,0.102729
13.0386,3.46777,0.0501428
-13.4465,5.90183,0.117075
3.49324,21.7606,0.0961542
-13.0822,2.12031,0.107668
-4.58598,28.4574,0.0816548
10.7058,1.38606,0.05
-6.14413,11.7835,0.116745
-6.29952,19.7207,0.108977
2.41564,16.462,0.0757943
1.54117,24.7908,0.0692678
-5.84437,1.51211,0.0726726
-12.2099,16.1207,0.0607918
10.6831,8.22834,0.130423
13.7447,29.0419,0.0813049
14.5261,18.8203,0.0972414
7.29201,26.8338,0.109099
9.68098,17.2439,0.113493
10.7193,2.10122,0.0538612
-10.4897,14.0854,0.0850157
1.08777,26.6884,0.0666771
-2.28181,4.79149,0.0791815
11.765,25.4153,0.0939446
5.39919,28.4595,0.0659445
10.4922,23.4658,0.0630313
-14.1938,11.0386,0.05
8.13694,16.2539,0.144363
-14.6377,24.1855,0.0850027
13.7919,16.1918,0.0990172
-14.3157,4.27487,0.0897943
11.4319,20.7699,0.1049
2.82873,5.76369,0.0749232
5.3998,7.16566,0.0938806
-3.15865,18.3631,0.0579077
-1.91074,9.25125,0.0821833
12.973,10.7338,0.0779241
7.72719,4.16865,0.116964
6.89185,28.3503,0.0792597
9.4026,5.04628,0.0548583
2.41898,4.74952,0.0750066
-11.282,16.2181,0.102132
9.91604,23.8805,0.0727299
-11.3238,2.42796,0.0798904
4.25241,17.4752,0.0739536
-8.28279,15.448,0.0741271
-8.19939,19.219,0.129504
2.88467,17.764,0.0907525
-4.51342,21.96,0.0634039
-0.664557,12.2331,0.0547576
-13.5297,7.9907,0.0637621
2.04723,16.9642,0.0817511
1.20484,1.31374,0.0668776
12.615,26.2524,0.0716413
-5.6431,29.1391,0.0666011
10.3688,29.938,0.05
13.1159,14.7464,0.111003
-6.34254,10.5273,0.0888902
-5.042,21.9096,0.05
3.99657,18.1265,0.107603
4.61423,13.3608,0.05
-6.51169,13.9489,0.0519593
10.3388,22.6225,0.0730265
-4.82698,17.343,0.0683482
6.17555,16.0074,0.0581432
6.17885,4.35548,0.0820276
-6.99556,24.3737,0.0737018
9.80078,15.1916,0.0871746
-4.52374,6.16828,0.0925674
0.689382,15.5312,0.0983093
10.2474,2.60364,0.05
7.37299,25.4021,0.106656
-4.84772,11.1628,0.0796024
-7.66451,8.20117,0.120877
14.6391,12.2528,0.05
8.91123,9.72133,0.0847138
5.01939,13.1175,0.0820712
7.56409,11.8763,0.0963731
-11.0473,16.4268,0.0724648
0.672914,4.93081,0.083306
-12.7127,28.0994,0.0500761
-9.35959,5.04102,0.05
8.75885,13.0416,0.0724538
14.2568,9.17221,0.05
-5.65466,18.2415,0.0870494
-7.48878,6.45419,0.0540805
-4.86768,3.31511,0.0666404
-8.77818,20.9144,0.0627572
10.4257,29.8277,0.0741185
-6.78384,18.7752,0.05
-7.9975,22.2351,0.087788
-2.44988,18.6331,0.0741421
-8.6889,10.1649,0.0505164
7.10623,23.3915,0.0888168
4.80431,1.06125,0.0765381
5.61953,26.9305,0.0597523
9.83094,8.33321,0.0579862
1.10613,21.8714,0.0704541
1.41593,13.8636,0.0952333
-1.26432,29.2818,0.0903611
8.44325,13.3328,0.0749684
-13.4477,0.330866,0.05
-14.9287,27.8294,0.0712702
-13.1415,29.4963,0.0827057
1.69777,15.5076,0.0778297
3.55615,17.7991,0.05
11.7458,23.2406,0.0661227
-7.80862,27.3347,0.0668273
10.0507,19.8208,0.0653394
-13.1717,9.50605,0.0689875
-9.17169,9.70013,0.0949915
12.9655,23.5006,0.0804672
-11.9256,23.8337,0.0831845
-10.5954,7.49786,0.0688566
-14.0693,17.6607,0.112954
-3.99761,0.0721015,0.072144
11.2333,25.1167,0.0618459
-12.4818,7.39547,0.05
0.279157,26.5697,0.072029
12.0739,28.1424,0.073038
-4.46512,28.9058,0.0950504
-1.15925,13.4822,0.05
-1.7148,13.0715,0.0834352
-4.74773,4.71397,0.0871731
8.67509,27.9495,0.108734
-1.66253,27.6694,0.0866235
5.09976,2.86146,0.0913609
-8.55796,23.4264,0.106722
-12.4247,6.55275,0.0805454
2.75768,27.4909,0.0500182
-13.3427,27.5746,0.0672135
7.76259,27.1205,0.0863933
-12.3097,16.4647,0.0822811
8.47863,1.91944,0.0941919
-10.4955,7.6646,0.0833849
-2.9076,28.0472,0.05
-7.79654,28.4929,0.0885501
-7.18964,5.22702,0.0846777
1.81485,15.8898,0.0845025
-11.9409,25.9644,0.0862455
-2.20867,0.500951,0.0537017
12.7048,21.7447,0.0636489
10.248,14.388,0.0808256
-12.2644,23.0823,0.0664649
14.1287,23.6938,0.0522526
9.94376,16.4466,0.05
-14.0567,28.357,0.0635059
1.48838,12.5829,0.0564294
-2.72674,3.68683,0.0629941
-7.47878,25.6475,0.05
11.2967,0.667065,0.104903
8.92302,23.2025,0.0573388
-3.27256,8.81226,0.05
10.5877,14.7725,0.0903761
-10.0262,26.1601,0.0678304
-9.24688,4.96905,0.0837313
-9.75968,8.56418,0.05
-1.10426,24.3007,0.061345
-11.5971,22.5555,0.0914435
7.3078,10.4505,0.0666255
7.00702,5.6326,0.109158
4.66716,7.65686,0.05
-10.0701,26.8266,0.058708
-6.68823,4.9605,0.0987034
-14.6766,17.3663,0.0608474
-12.7866,25.4007,0.0872823
-2.52523,23.6291,0.0743709
10.4081,12.9597,0.094258
12.3989,9.0419,0.05
3.56498,15.5032,0.05
-1.90877,20.8409,0.05
11.0916,18.1264,0.0614902
-9.98345,12.3564,0.10305
13.2309,22.8954,0.0999204
-8.46953,20.056,0.0750479
-12.5591,28.5061,0.105279
-6.61888,10.9081,0.0741751
-4.47058,19.9732,0.0701385
13.4704,22.5713,0.05
-11.0196,27.4311,0.0822432
-3.93665,16.55,0.0771714
-3.94212,23.7532,0.065457
-3.49738,3.6202,0.0846815
-10.526,26.9837,0.134425
-8.41706,12.206,0.083305
-7.38943,25.731,0.0722843
-8.06473,8.87292,0.121465
-4.73935,5.98559,0.067084
0.303273,18.5066,0.0621857
-13.0159,29.0203,0.0945958
11.9537,0.383273,0.079092
-12.4403,6.01072,0.05
5.38184,24.0185,0.0966592
-12.5025,25.7086,0.0812722
13.5013,0.372416,0.0857519
-4.22788,9.045,0.103406
3.75265,9.50283,0.070286
4.51992,24.1129,0.0885366
-12.2875,8.3545,0.066109
2.62736,3.49515,0.0808157
-9.72465,6.37787,0.0892411
-8.15024,25.3243,0.0547767
-12.1577,8.2454,0.0585831
-10.3106,19.0113,0.0888958
-12.9263,0.0690128,0.0690312
-4.5879,24.6636,0.05
-14.0827,19.576,0.114292
-2.45311,27.2195,0.0658943
13.7015,15.2777,0.05
3.07406,22.8074,0.0823888
-13.5756,0.398712,0.0947444
-11.845,17.8955,0.129093
-7.33213,9.38462,0.0682928
4.42252,23.6981,0.0999811
7.77315,22.8761,0.0777313
4.36011,11.6823,0.114593
-4.15899,22.5036,0.0824781
-11.4514,7.31111,0.0584987
5.43152,22.3221,0.108091
-0.00654235,11.9673,0.109868
-13.6928,10.8455,0.0548215
-5.13465,20.4856,0.0508604
-6.30745,0.071863,0.0718741
-12.9474,27.2755,0.0620015
-2.64242,5.25667,0.05
14.4785,8.68937,0.05
-3.09393,13.3579,0.0658697
13.3928,10.2196,0.05
1.92719,5.3041,0.110178
4.37834,4.6123,0.068408
-6.33342,10.8945,0.05
-14.4598,28.779,0.131659
10.9637,27.2963,0.0838011
-1.37913,23.3749,0.0941064
-10.2744,0.278837,0.05
6.87324,16.4403,0.105763
0.438455,19.0911,0.05
-10.2908,18.7148,0.0804481
9.23332,13.56,0.0556203
12.8022,25.2663,0.09882
-5.37229,27.9618,0.0648337
-1.01606,18.3116,0.0921524
8.09454,0.444442,0.073176
-1.96035,6.12169,0.108132
6.93422,24.8031,0.0994005
6.4931,1.65264,0.0709761
-10.843,22.371,0.0703104
-0.994617,1.72361,0.11837
-12.1735,20.5585,0.120988
1.99352,12.4748,0.0824918
-13.7433,0.0630757,0.0631039
11.8389,14.3233,0.0808204
-10.3404,27.4909,0.056639
-11.3314,29.8524,0.05
6.79886,2.88264,0.0635729
-7.12848,2.65578,0.08305
-5.48002,14.8042,0.0987375
2.35015,0.777905,0.061904
12.5003,6.66159,0.096506
-2.53618,3.30838,0.0681328
-1.36638,14.4021,0.0803553
-7.05456,21.9148,0.0579679
-10.1121,28.7209,0.12991
-4.05707,22.8055,0.0743246
-2.23828,12.3325,0.130024
6.17606,12.284,0.09888
12.5501,19.746,0.0977008
-2.62084,3.09786,0.0521364
-9.3794,24.4755,0.0631151
6.9261,3.78072,0.056366
-8.68239,27.1306,0.0543301
-5.54761,14.5888,0.0588262
5.8959,29.5654,0.0811444
0.971414,29.6624,0.0561526
3.40934,14.6838,0.064381
-12.0044,16.8265,0.065659
-3.52358,23.884,0.05
-2.96991,27.0872,0.0591665
-10.1008,14.841,0.0614188
8.01415,1.09138,0.083915
8.27578,22.8301,0.0899538
-0.249417,24.3547,0.0852341
7.3081,28.2335,0.05
0.853173,22.1261,0.05
-12.4172,12.9998,0.0824505
-4.39979,20.8543,0.0866903
-10.698,0.0499926,0.05
11.8489,23.5487,0.0522136
-4.78589,7.72988,0.0820332
-7.25668,8.70165,0.0734982
10.1495,2.58329,0.05
9.98063,0.358685,0.0687044
-14.8054,21.2549,0.0597757
0.270432,3.2309,0.05
10.965,29.368,0.0625901
-1.7481,10.6965,0.100352
0.224606,20.7668,0.05
4.92624,29.4658,0.098493
-2.3607,18.2609,0.0698597
3.32354,10.0029,0.0808549
2.43951,28.6643,0.0622757
-1.2448,4.82759,0.102005
-12.2157,25.475,0.0730311
11.5964,6.13865,0.0926355
10.1955,21.6157,0.0756962
10.1378,19.9537,0.0935299
5.27586,29.3945,0.0586357
5.19229,8.39953,0.0912919
-7.51525,10.7697,0.0891198
-11.7348,24.044,0.058332
14.0603,11.3068,0.066874
14.4546,23.4318,0.100858
-7.68402,28.6361,0.0935635
-8.66597,6.96048,0.0716375
-13.0396,15.2634,0.05
1.75366,17.7004,0.0968684
5.7875,27.7682,0.0561259
-14.1561,29.6047,0.0784673
3.54242,8.14517,0.05
-11.7494,19.8035,0.112677
-11.1325,19.9708,0.101185
-9.37179,24.9062,0.117921
10.8139,6.40788,0.0581137
-13.9066,18.8953,0.0854596
-13.742,4.01758,0.123494
12.6592,18.5868,0.05
5.74967,1.76099,0.114541
14.2781,8.81359,0.0862643
13.7615,24.0146,0.075653
-5.62161,8.09966,0.131351
9.6624,4.86909,0.0586054
2.89358,28.911,0.11755
3.56913,16.768,0.080916
1.67423,5.69932,0.0807253
10.1789,12.0147,0.0566393
3.84157,15.6776,0.0898125
-10.7268,16.8361,0.0723129
13.7695,2.63465,0.05
6.07842,0.474042,0.05
3.45974,29.7683,0.0920537
-13.5017,28.8188,0.05
-2.70868,7.64137,0.106613
7.98315,11.4321,0.118011
-3.12717,29.832,0.05
-10.7073,1.93327,0.0586938
7.23428,28.301,0.05
9.06671,12.3001,0.05
-0.930839,2.26275,0.0756247
11.346,7.17992,0.0987282
-3.11347,21.26,0.0544712
-12.1063,17.0323,0.0880272
-10.6138,29.3205,0.05
-2.03841,1.34153,0.087651
-8.04262,16.7134,0.0845545
-14.9255,29.9256,0.0744705
5.84701,29.7249,0.0856116
11.01,19.6388,0.0670193
5.4594,19.9302,0.110619
-14.4935,9.98089,0.05
2.79544,7.33909,0.0984979
5.74192,14.5658,0.05
-1.54485,24.7583,0.0510749
-6.96831,4.90447,0.0818365
-2.83367,21.3129,0.05
3.87553,6.60864,0.0953577
-3.58302,14.7398,0.0961171
-7.07525,24.5046,0.079495
1.64725,6.68562,0.066739
4.94203,0.679074,0.121368
-5.80427,9.48683,0.115602
10.9391,0.756271,0.05
-7.64497,23.1607,0.0769482
8.67077,29.8072,0.0649364
-5.85746,9.16184,0.109561
8.25049,13.3995,0.0628034
13.1521,16.4301,0.0722609
-5.1971,22.6435,0.05
9.70587,2.88551,0.0847018
12.8518,8.01465,0.122371
9.61533,10.4411,0.0764277
7.1022,14.4508,0.0905616
-13.6751,13.4556,0.05
-10.2455,16.0428,0.05
-4.46815,4.31141,0.0542831
-8.10673,12.9025,0.0834979
-9.19744,10.0098,0.104398
5.41629,13.4083,0.0902926
-5.61638,18.0361,0.121934
5.18704,25.4902,0.105316
1.3437,5.53379,0.101666
6.55655,14.6402,0.0747119
6.26509,18.638,0.0955055
4.72369,19.1429,0.111516
-3.02384,15.1475,0.053536
2.85723,18.2492,0.0558509
14.9067,19.9674,0.0822759
-8.45395,28.7699,0.0871704
8.25402,11.3521,0.05
-9.41438,22.3183,0.0645164
-6.87596,7.04021,0.0766198
-4.62376,14.8014,0.05
-9.02565,25.7361,0.0841446
-2.21519,0.289319,0.0861017
-14.93,24.8385,0.0700194
9.2729,23.5322,0.0534364
-5.98514,29.098,0.0755429
-13.5414,27.8758,0.0905302
-14.0739,15.327,0.0776951
-2.31105,13.0827,0.05
-2.2272,7.51133,0.05
-11.5799,10.8781,0.0858687
-5.70924,25.5395,0.0698024
3.58481,28.3078,0.05
6.91922,14.0088,0.05
-2.89954,2.84645,0.0992167
9.59735,13.9224,0.121024
-13.3419,21.7117,0.05
-0.717077,24.9564,0.13515
12.6306,11.0645,0.0798604
1.17985,14.0682,0.0765512
12.8629,27.9198,0.0862738
2.93498,17.1947,0.05
12.1285,11.1101,0.104653
3.76116,29.1902,0.0525288
4.50618,23.1502,0.05
-13.0584,22.5506,0.0732239
-14.7247,2.8035,0.132377
8.79752,29.5073,0.05
9.97347,27.583,0.114435
3.4576,15.1265,0.0817941
-7.77687,3.41472,0.0910172
0.321601,19.6376,0.0840201
-11.4884,23.4373,0.0726702
-0.257045,20.5805,0.110553
-8.79321,20.3552,0.123898
10.8601,1.99758,0.0945767
5.21208,11.8332,0.0549938
10.5858,16.747,0.05
-3.71891,12.115,0.059032
-13.6718,25.5967,0.115344
-3.25902,16.0376,0.05
-9.52854,29.4552,0.100459
-5.19127,17.4421,0.106542
-12.7664,4.75298,0.103521
-6.22146,24.6543,0.120642
-12.8881,18.5643,0.0738092
12.1606,25.2618,0.0910566
-13.6017,2.7553,0.05
-8.54074,11.7079,0.0673296
12.9147,20.7117,0.078107
-4.61475,13.0721,0.0656374
7.47139,15.5461,0.05
13.0026,9.5742,0.0583234
10.21,27.7134,0.0665044
-4.5453,8.98741,0.0914069
-9.21155,6.57764,0.05
4.04481,8.97242,0.105681
13.049,13.1088,0.0773549
9.99371,19.347,0.078835
11.8772,13.9367,0.100039
7.90112,26.4804,0.05
-13.6442,6.76222,0.0699777
-2.12385,20.8729,0.0697271
-14.435,15.5287,0.0507626
-4.75457,24.0974,0.137823
3.61293,3.54494,0.0881156
12.9464,15.5662,0.05
3.37107,28.0142,0.061259
-5.45795,14.0425,0.076302
-5.0836,20.3427,0.100926
-9.15943,2.18034,0.0500299
14.1073,29.5234,0.0603133
12.8931,19.6201,0.099118
12.9381,27.7801,0.0638821
0.378755,4.22925,0.0923212
-4.05919,16.3975,0.106053
-6.99198,27.4762,0.101084
3.33164,17.5225,0.0613525
-10.3001,4.04151,0.1112
14.4573,11.6343,0.0860783
14.0293,10.7711,0.0584678
-4.28968,0.721161,0.0744832
-13.0398,27.6037,0.0709868
12.9248,21.4101,0.0638412
-2.27129,2.91541,0.0839899
-6.1225,19.3912,0.0838634
-14.351,7.96593,0.05
-5.79495,0.422699,0.05
6.82333,4.9157,0.0685804
8.27398,11.0879,0.0993165
-2.11281,8.80632,0.0623283
-0.0253633,1.02616,0.0524435
-11.2907,17.652,0.0809795
-2.92032,7.48851,0.05
7.78974,4.55395,0.05
-0.693349,23.6901,0.0698754
14.102,12.7425,0.094011
-5.58576,28.1343,0.0581867
-3.68628,4.76028,0.0607781
6.54963,10.1904,0.0672414
5.50766,25.224,0.0604887
-5.78325,13.0652,0.0802812
14.6781,0.227554,0.093961
0.931649,27.7846,0.0715602
4.59482,10.6524,0.137832
10.4406,15.972,0.05
11.3464,13.2955,0.080535
5.86174,22.4821,0.0724847
-6.53972,8.40393,0.0997706
-10.0192,13.6722,0.05
-7.39053,14.3237,0.134402
4.71961,20.5073,0.05
-7.57846,25.6556,0.05
3.44926,9.96655,0.05
-5.14215,25.8648,0.05
8.73168,18.6315,0.0619763
-12.5648,11.9127,0.0775623
-6.75472,19.6293,0.0772814
-10.489,1.47598,0.0988313
-4.16062,19.3416,0.0832405
9.32863,13.7656,0.0655803
-13.9415,1.50243,0.0652177
-10.1796,27.3478,0.05
1.67258,0.261023,0.109007
-10.7618,24.3504,0.0898393
-12.9615,2.8024,0.0546794
-0.334582,21.31,0.115936
9.7629,3.16278,0.0722398
8.7593,13.6322,0.0901986
7.0464,11.8383,0.0580629
10.9407,15.294,0.0749898
14.1358,11.969,0.0755355
1.58876,15.4208,0.0585272
-4.98737,1.05193,0.0641823
1.16422,3.07829,0.0912562
-1.77355,22.2961,0.092929
-13.5281,17.5937,0.140409
8.00275,24.6966,0.0651493
10.7684,8.8266,0.05
10.6912,4.47277,0.126134
14.7415,22.3937,0.0955967
12.8739,27.2675,0.106525
-4.51012,12.2833,0.0570078
12.6286,8.96265,0.05
8.916,1.34168,0.0828537
2.33173,21.6491,0.0932112
-11.368,16.3984,0.0919428
-3.44802,15.8969,0.0823372
-14.3065,21.4033,0.0837378
4.97903,11.6774,0.0617863
-2.32676,1.45001,0.0954724
-3.77822,17.1551,0.05
-0.648977,14.2379,0.0969025
12.9729,16.913,0.057932
10.5024,6.09948,0.0583978
14.6185,9.06062,0.0800849
5.05908,26.9037,0.0716417
-10.3575,22.828,0.144559
7.65662,27.4362,0.0631113
-5.0275,15.7201,0.0876439
-12.4172,17.4519,0.106999
-4.96542,1.91534,0.0556524
-5.35084,3.33346,0.0854443
-2.06273,10.0451,0.05
-5.16433,19.9615,0.114172
-8.09351,12.1458,0.101625
-0.478494,20.0027,0.0814304
6.03139,21.7444,0.0662534
5.86202,14.9861,0.05
14.0202,12.3456,0.131374
-1.1633,4.36105,0.0761593
-6.74671,4.14446,0.0808155
-3.50755,7.13289,0.0698181
-2.82432,22.6716,0.0647008
-3.9539,16.676,0.05
11.6299,6.47821,0.104121
-0.982318,0.530475,0.0837887
8.14246,28.3958,0.0939536
13.3518,12.2361,0.0665851
7.82599,21.6998,0.0843507
9.94146,5.70096,0.0810473
12.3741,6.96368,0.0644831
-8.60411,2.11331,0.0942618
6.32054,9.63824,0.10179
-11.5527,15.5418,0.0737287
4.42997,6.14799,0.0621942
-9.26231,2.11855,0.0699951
-5.31298,21.9239,0.111565
11.4539,3.8411,0.0980578
14.7411,1.73801,0.0576507
10.6035,28.3506,0.0741034
-9.05131,24.0898,0.097156
13.7482,21.7879,0.0864141
4.35335,12.2655,0.128936
-1.80615,20.7899,0.0645708
-2.83891,26.2918,0.126407
13.6074,10.0645,0.05
-2.25413,25.4858,0.0926173
2.8416,7.52192,0.090067
-13.1098,29.1798,0.0904567
3.25313,24.0236,0.0606584
-1.58121,4.04514,0.0653534
-12.7007,3.73353,0.0794304
9.81116,4.71068,0.05
-13.5818,26.2504,0.0813417
9.46092,10.8644,0.0608933
7.87772,2.70083,0.0695787
-12.8663,16.0028,0.05
-14.0073,6.41334,0.0689761
-13.2941,4.61038,0.05
7.80722,10.8974,0.0550833
-4.93552,4.31083,0.105691
9.53911,4.97072,0.101184
14.2258,27.8136,0.0929658
10.0303,8.79929,0.066745
-1.49986,23.9567,0.130833
-12.7724,22.8041,0.100748
-8.33191,17.5743,0.0883868
9.03653,8.24124,0.0553866
-12.5685,24.3996,0.05
-8.81837,19.8281,0.0581284
7.45902,21.3017,0.05
-12.198,10.8112,0.103826
9.36493,26.1933,0.0917234
12.4015,25.4403,0.05
4.54687,9.52792,0.0886383
11.0383,24.9253,0.0847268
-7.60364,5.50202,0.05
-6.99619,26.2411,0.0635401
-2.50981,14.2987,0.0771731
7.44597,9.52042,0.0816824
-5.19747,16.7107,0.085151
-5.13043,5.28642,0.0906265
-12.6234,14.8667,0.05
-5.85353,0.688048,0.0602395
-0.097538,18.6419,0.109848
-3.03002,3.67825,0.05
1.65646,17.88,0.10734
8.22865,24.1625,0.0686277
-3.53725,26.8565,0.05
-13.6104,14.1788,0.05
-4.01123,8.55579,0.0954612
-10.3738,2.48125,0.0566456
0.105533,12.1176,0.0594147
5.05881,5.96028,0.0588675
3.88455,7.80986,0.127685
1.80487,2.39981,0.0883541
3.6571,23.0715,0.0733571
-6.49334,20.8076,0.110133
4.28144,20.6818,0.0835749
12.91,12.5759,0.05
1.80854,18.2154,0.0774444
6.64054,10.2644,0.05
-4.7411,3.46354,0.0812297
10.8757,17.0807,0.102085
-7.02499,2.73935,0.05
-0.306869,27.7747,0.05
-8.96806,0.855678,0.0566095
-7.34601,16.3879,0.0823796
-1.61588,5.75606,0.05
14.4746,27.2555,0.05
10.8934,9.67449,0.0996835
-8.23258,2.1627,0.109545
0.662259,23.1587,0.0784611
3.4284,20.2391,0.0614302
-12.2099,14.6073,0.096483
8.11781,1.35544,0.0864646
-2.99143,4.94211,0.0800307
-12.9641,7.44019,0.0648493
-12.272,29.778,0.0755105
14.2678,0.682871,0.0628339
5.72777,2.32477,0.05
11.7418,19.0489,0.0869251
14.6739,4.99534,0.0887955
12.3076,7.6926,0.117472
-12.4688,26.092,0.05
-8.902,18.8054,0.0656656
-0.302574,3.91315,0.0626279
9.70671,8.95111,0.05
-9.69347,14.1088,0.0617575
-4.86488,27.1551,0.0531678
-2.07022,8.36586,0.05
-7.22361,29.6142,0.0769828
-3.79498,3.99624,0.05
-4.92235,22.9308,0.0726777
-14.4052,9.80437,0.0871816
-3.26823,9.15399,0.0661589
-8.02599,13.4621,0.0815303
-10.5133,1.84257,0.0730114
-4.60722,2.1822,0.0891332
1.18979,23.8979,0.0602475
14.0368,28.5528,0.0955687
2.83551,1.56217,0.0908458
3.50477,3.86558,0.095746
14.5036,4.09935,0.122105
5.1762,20.267,0.0739032
-12.6602,16.3682,0.0891814
1.76807,0.439035,0.0930527
3.23032,18.3448,0.104399
13.6409,14.5417,0.054954
13.6294,9.15405,0.0898601
-8.03412,19.7594,0.0698579
6.70046,10.6673,0.0851904
1.33283,18.4109,0.129028
-7.36252,2.31479,0.106117
-8.47781,6.00499,0.0889194
-11.2134,9.79934,0.112644
-7.48251,8.15805,0.06617
-3.92506,28.1187,0.0824374
3.27308,9.03798,0.108479
-6.87673,1.77872,0.0569447
-5.64488,15.3976,0.0938819
-2.22522,26.1545,0.102298
9.63306,14.871,0.0539527
-2.60109,10.2366,0.0924594
7.30216,26.4805,0.0655669
4.80216,27.8748,0.0981273
3.70835,20.0478,0.05
-14.3277,22.0467,0.085806
-3.39957,12.5388,0.0767657
-13.7682,13.2762,0.0902419
-11.8438,3.43662,0.0535701
7.36872,1.81396,0.067093
12.9258,15.958,0.0673784
12.6175,15.3474,0.101723
-2.15657,25.9868,0.05
12.5624,26.3879,0.05
-14.1045,26.4992,0.0761341
-14.6503,17.5186,0.0936847
2.75168,14.5237,0.065019
-12.667,17.5699,0.073389
-0.750592,26.1619,0.0935175
4.96662,1.15079,0.108867
0.026645,11.7992,0.0614583
2.33058,22.9157,0.0646587
13.3504,3.48254,0.0936097
-2.91224,7.74536,0.121967
5.67924,18.2462,0.05
7.38126,7.58302,0.0565135
-13.6422,22.6605,0.05
-12.743,28.5332,0.0806111
10.2997,28.6957,0.0534767
-4.67624,7.00126,0.0657151
-5.39368,6.45636,0.0751069
-12.5938,26.3311,0.0578823
-3.07125,27.1909,0.0857749
8.24131,6.69345,0.0844224
7.32307,28.122,0.0621059
-14.4912,19.7099,0.0959591
-13.1698,12.231,0.0544883
-4.79359,4.37482,0.05
0.79897,7.57356,0.0811866
-6.60522,10.3669,0.0987822
-13.4751,25.0519,0.0644981
-13.6813,13.855,0.0737475
12.1576,12.0517,0.0708922
-4.11301,5.71008,0.128209
-2.61831,24.0436,0.104316
-8.37347,25.8148,0.05
8.60893,12.7322,0.0615265
-0.425457,18.8982,0.0514662
2.10268,16.378,0.0558499
0.0999688,6.88468,0.05
-12.9362,15.3126,0.0644816
-2.85132,5.49359,0.11728
-10.7998,6.98506,0.0877876
-4.71586,16.9941,0.05
8.90353,11.5506,0.0582068
-4.64075,23.1743,0.0687287
1.92671,1.40441,0.0821566
-12.8646,29.2734,0.0873761
-12.0365,6.50899,0.0510001
-10.6497,1.09652,0.05
2.04068,14.3215,0.05
5.20199,3.60345,0.0823382
2.74351,24.5605,0.0537181
4.84631,26.338,0.057222
-3.09939,17.8993,0.0801847
9.80823,9.76925,0.0873845
2.82442,0.525909,0.0638574
8.13313,11.0384,0.05
1.30883,4.56546,0.059019
4.77411,24.9695,0.0709102
-12.9247,22.4007,0.126596
-4.81571,5.79436,0.0616527
-11.3516,28.0314,0.0546703
-14.4008,12.6562,0.0808238
10.3752,15.8748,0.0671184
-10.8238,23.8119,0.0888507
-2.57906,23.0164,0.109011
-6.98365,12.0764,0.10824
-3.98329,12.2546,0.0822168
-3.77638,4.87014,0.0813021
13.113,27.0027,0.0749628
-7.10928,23.8873,0.0930496
-5.01749,27.2193,0.0574164
1.80529,14.7774,0.064026
-1.00481,3.0658,0.05
14.0863,9.77817,0.05
-4.4123,19.8108,0.0988836
8.75751,24.4884,0.0880255
11.4309,24.2544,0.0890807
-7.11833,15.0294,0.0871054
-13.615,8.26309,0.05
8.76129,13.2642,0.0937903
-6.98091,13.7404,0.0648128
-1.71224,28.3552,0.0566193
10.8992,22.4238,0.0628152
-1.55588,15.3007,0.0670746
-13.0677,29.8,0.0933472
4.05301,28.5927,0.13821
-9.48919,25.8992,0.122568
-8.40603,28.534,0.0513916
-10.5027,21.2446,0.0671188
-10.0497,8.72196,0.0560687
-2.60016,3.74935,0.0781913
-6.05563,24.5109,0.0985681
3.21318,2.36269,0.0613009
-13.0907,23.9441,0.0887214
0.518769,2.38745,0.0585166
-14.2692,14.7346,0.055288
-13.0674,2.27854,0.05
7.16414,11.4722,0.0625001
-14.6232,0.484834,0.102811
-5.70899,13.6514,0.05
-8.59732,0.914792,0.0768314
7.89436,8.32736,0.0791658
6.69686,16.0686,0.05
-3.94175,14.8321,0.105431
7.08364,1.48929,0.0980914
13.1136,7.76735,0.0577594
-3.77239,23.5286,0.05
-11.5469,29.3762,0.05
-12.6621,3.28888,0.05
10.0879,8.55186,0.0833638
6.70374,15.0728,0.13138
-11.1173,26.8433,0.058864
3.97295,29.5619,0.0770731
-3.16586,21.5497,0.0884219
5.67894,10.7011,0.05
11.2996,7.56939,0.0780316
14.8115,28.3219,0.0843954
-2.73018,20.7508,0.0813251
14.1418,24.2367,0.0643576
6.09303,14.26,0.05
-14.7681,2.17367,0.0909661
11.1931,2.25896,0.0573631
8.60712,14.774,0.0900906
-13.733,23.5458,0.103818
-0.028489,10.6888,0.0694969
2.33954,5.8991,0.0714969
0.411151,26.2074,0.102049
-10.0464,29.5929,0.0881309
12.922,14.3051,0.0918128
-8.44241,15.9503,0.0756605
3.15519,12.0154,0.0725412
3.35644,23.8262,0.05
-2.21474,20.2346,0.0834665
-1.94884,0.929689,0.0655816
-12.3639,10.805,0.062236
-6.1264,0.262681,0.0828183
2.74658,29.3033,0.0560615
-3.86958,19.3961,0.0938224
1.86065,24.9493,0.098461
12.813,4.53095,0.0510147
11.761,29.3591,0.05
0.94352,28.3231,0.0681249
-4.05286,23.9944,0.0669621
-9.75009,11.5784,0.05
10.9945,9.0798,0.0822824
13.1186,5.39442,0.0533628
13.1691,27.6476,0.0903703
-4.9007,9.20991,0.0570998
-14.3615,22.2653,0.05
6.50396,15.1932,0.0923412
-1.74002,17.9383,0.0515036
-1.23873,15.7911,0.0864841
-12.9478,11.9497,0.0930304
14.0277,26.1424,0.0528222
0.00645067,29.1406,0.0874568
14.2907,9.82085,0.138145
-4.85892,1.20005,0.0845812
0.594668,13.8169,0.0710317
7.57629,1.80544,0.05
-13.7748,15.9271,0.0727717
-0.280038,12.9991,0.0972066
0.630665,24.2845,0.0570719
8.20796,11.8293,0.0763771
-2.52551,11.6938,0.05
10.7804,13.7724,0.0528667
-12.4541,10.6754,0.095633
-11.6836,5.62925,0.0944403
11.2291,29.966,0.05
-1.67506,13.7952,0.0866239
-1.20768,14.3041,0.106168
-9.63608,10.3725,0.102554
-10.7722,17.587,0.0624251
-13.9867,1.67421,0.0516322
-6.58997,27.2981,0.0774349
-11.4825,4.1366,0.0934601
12.9076,8.69278,0.112271
-3.2824,15.3641,0.0981082
9.82169,14.8941,0.0912012
-0.645317,11.3576,0.0849616
9.12215,22.6448,0.0667018
8.06356,18.8223,0.113075
5.83102,24.0591,0.0541069
6.70731,23.7149,0.0779962
-1.50076,7.42839,0.113583
4.0918,27.5385,0.0694767
-13.6831,28.1583,0.0880652
-4.16049,7.51145,0.0624094
2.88551,9.0382,0.0623304
9.40342,8.79967,0.0607079
-6.21529,15.8076,0.0699421
7.47872,29.2123,0.05
-9.00713,12.3572,0.096649
-8.58757,29.0113,0.0829436
-0.761393,20.2098,0.0871495
-8.21294,2.72441,0.0612683
1.96104,2.95673,0.0810457
-10.202,10.7448,0.0585583
7.05593,5.80156,0.0667449
3.28788,16.7124,0.05
6.45874,18.5841,0.105494
3.74052,16.814,0.0965177
0.114742,1.76453,0.0508193
-12.3044,3.06014,0.05784
8.91812,4.90898,0.0638992
-12.8158,27.3587,0.0936881
-14.2131,3.07009,0.0897385
-11.5009,27.513,0.101963
-6.16293,0.0499865,0.05
-1.09288,23.1486,0.0749811
10.6152,29.6121,0.0719856
-12.8509,4.29239,0.0557033
4.53875,6.12053,0.05
-7.14431,8.08219,0.0500661
-9.32599,11.5893,0.075089
14.3765,2.95392,0.0792038
11.5577,19.9984,0.103689
-7.72694,12.1145,0.0929404
7.81683,18.5272,0.0666891
-5.15413,29.7712,0.05
-1.99197,13.549,0.0752909
8.2136,8.28791,0.0710833
-14.1751,19.9806,0.0807062
6.93594,9.66938,0.0873162
13.4862,29.7851,0.0857706
-5.92211,9.33238,0.072811
-13.1395,22.9905,0.0572772
12.6257,11.9385,0.06686
0.690066,8.67056,0.0878647
-5.52499,27.7627,0.0923278
-14.9112,29.2801,0.088785
3.26513,17.8669,0.0503925
11.1028,6.46856,0.0767526
-2.91458,1.2907,0.109228
8.1747,7.8573,0.0852177
3.05071,28.0874,0.05
9.66888,4.1626,0.05
-0.321711,6.55372,0.102773
1.57121,5.21233,0.102877
14.296,4.83309,0.102759
2.78585,9.27779,0.0627542
-3.34869,8.61982,0.102015
9.59703,1.80831,0.0744663
-11.2972,23.2419,0.107568
4.50289,10.0005,0.0835986
11.6055,0.685323,0.0534996
-14.7366,7.59535,0.05
-0.165221,26.868,0.061563
8.44188,8.43291,0.05
3.37369,11.651,0.0692179
-8.457,27.1815,0.0534473
13.3421,2.68254,0.084318
-12.5371,12.8842,0.0660338
6.79676,26.4891,0.0957204
-5.2964,19.0238,0.0751219
-11.3378,10.3695,0.0641774
1.20722,14.201,0.0590426
5.91771,16.648,0.0890635
1.08337,17.7139,0.05
-0.0353594,17.4051,0.0786464
-6.53241,0.344441,0.05
8.35689,18.3997,0.05
-3.21035,14.8258,0.103026
-9.174,2.48618,0.0701122
5.20761,4.73203,0.0548545
3.63335,12.7925,0.0891234
12.2799,22.3882,0.0874017
13.9488,28.8887,0.0804499
-0.619003,16.2033,0.0597221
-14.0948,10.5739,0.0887441
-10.3297,13.6803,0.0781912
8.47445,23.8787,0.0936529
-6.13279,6.13905,0.0553156
-6.90016,4.18216,0.077208
-8.55745,29.295,0.05
11.3287,12.8319,0.108611
-13.745,19.9031,0.0647446
5.55477,16.4109,0.0879954
14.944,20.6267,0.0560138
5.54625,29.2546,0.0541339
-10.6933,12.4798,0.104593
14.6981,13.0551,0.0958339
-14.1732,12.1493,0.0907527
-14.2175,13.028,0.0690072
12.592,6.77587,0.05
-4.79464,7.45747,0.0982003
-9.19413,25.0747,0.0793467
-11.8094,12.8235,0.05
9.44783,19.8648,0.0541916
3.66897,9.28465,0.05
-6.19308,26.1439,0.0607752
-5.1331,4.36613,0.0830196
-13.469,21.2212,0.0565495
-14.0744,20.2461,0.0767511
12.7204,25.1216,0.05
5.78539,2.08156,0.05
-6.27489,2.75935,0.0931236
-9.92193,27.202,0.097444
11.5499,15.0067,0.111131
6.1959,1.40013,0.0669225
8.80624,4.35051,0.0796069
0.51346,1.73182,0.05
14.2849,17.3507,0.0628969
5.91574,27.7658,0.0721346
-6.1626,26.2557,0.0550957
-7.39405,23.0242,0.0556611
7.53897,12.4096,0.0660463
-13.9701,29.6518,0.104156
2.60001,15.8714,0.0993865
9.3926,12.8063,0.0680004
-5.66375,27.2578,0.0748825
-7.94024,20.7111,0.0634989
1.89809,6.54488,0.05
-8.43209,26.561,0.0653453
-5.65971,17.667,0.0800459
10.4434,17.8,0.0934403
-11.1481,20.3004,0.085932
-14.5621,9.86802,0.082101
-12.9634,4.13807,0.05
-2.1268,11.3866,0.0752745
0.558717,10.245,0.108123
13.9666,18.6609,0.05
9.54435,25.4104,0.0718521
-12.2284,9.44936,0.05
-12.8913,2.14163,0.0567655
-2.39512,3.23928,0.0889608
2.31863,24.4045,0.0988811
11.9527,18.9881,0.112099
-0.792668,21.4388,0.0712272
5.75344,17.5825,0.0736344
-14.013,2.86741,0.0656545
0.165906,10.2615,0.0932897
11.6753,12.4115,0.103769
5.91708,27.0404,0.079945
-9.02449,14.5802,0.0856694
-1.167,7.78998,0.0832197
-3.78612,11.4979,0.0666077
-4.6643,5.75726,0.0781623
-0.531268,16.3374,0.0517943
12.3558,21.1837,0.0934273
-8.25599,4.42587,0.0780852
0.185469,18.4533,0.0671171
-7.13566,28.8822,0.0518821
3.09854,24.2887,0.0709306
-5.7166,10.3578,0.0676102
-11.1123,6.10012,0.0822765
10.8898,13.8209,0.0667649
0.904718,24.0344,0.05
13.6293,12.9247,0.0556494
14.8982,23.4407,0.101807
1.86649,13.0755,0.101848
-2.65622,19.8325,0.104152
-9.1545,16.5835,0.0928258
2.89139,13.9636,0.0582314
-14.9489,8.24976,0.0511308
-12.6653,6.56775,0.0869043
-3.46557,0.987087,0.0931569
5.25639,24.2383,0.0959382
3.87498,12.218,0.0607927
13.8354,7.99381,0.0542011
-2.75537,8.97464,0.0574188
13.8082,5.28837,0.067668
12.9808,26.7795,0.0765246
8.46152,20.7953,0.0688971
-11.8955,19.6614,0.0829713
1.72526,4.13417,0.0773176
-9.80705,11.8374,0.0846086
9.22379,14.2709,0.121306
-11.2961,29.5698,0.0933637
-8.34484,20.0467,0.05
-6.31651,12.8605,0.0991748
-8.64138,5.11878,0.05
-2.07131,11.9103,0.05
9.2451,8.97985,0.0891509
-7.97152,24.6817,0.0839121
11.8981,9.23635,0.0992318
12.2474,2.16076,0.05
-10.3989,27.8783,0.05
-12.8043,13.383,0.0912251
-6.63921,21.8018,0.0642124
2.35741,12.1371,0.053919
-4.57891,28.1746,0.0575077
11.4775,2.92249,0.05
-11.5722,29.5806,0.0627452
-2.65142,12.6665,0.0994221
2.86866,15.115,0.0570681
1.83963,11.0968,0.05
-12.2973,0.613626,0.101105
8.60412,23.2409,0.101353
-6.87416,29.1445,0.0933596
-5.52578,6.69296,0.0697929
-14.502,22.1653,0.121171
10.9348,23.3333,0.0640633
14.0922,2.65727,0.05
4.41762,10.8531,0.126651
11.4185,19.7498,0.0712279
2.59353,28.5664,0.0808647
-6.54296,11.4965,0.0635659
1.39242,23.4493,0.0676332
7.31855,24.9097,0.0873586
-11.0227,4.63762,0.101164
-11.6171,4.51811,0.05
-8.64532,1.23282,0.0619186
9.50959,3.10874,0.070775
-13.3095,3.34128,0.0861584
-1.96357,23.8151,0.0748398
9.00612,2.42521,0.0550797
-6.88332,15.8854,0.05
0.182438,8.09192,0.0632712
-14.4802,16.1268,0.0794163
-5.44796,1.49915,0.0573997
-5.67881,26.9619,0.094272
2.8464,25.4977,0.05
-1.58671,29.7715,0.0865474
-14.0218,22.9392,0.05
-9.82688,18.998,0.0776938
-3.18988,13.2488,0.0793567
3.48764,26.0756,0.101972
5.30058,3.49118,0.0670856
-5.10233,7.74329,0.0534135
5.16781,19.8798,0.05
3.14422,29.348,0.0945486
-10.0715,23.9676,0.11572
3.48872,5.82222,0.0599865
2.35278,15.5632,0.0779316
-3.61292,7.98354,0.0800218
2.01914,10.6592,0.0987081
0.469281,0.514492,0.0862529
-8.20139,9.54232,0.0926988
0.26286,26.7158,0.0749386
11.7892,19.5059,0.0754006
0.229782,29.8215,0.0817291
-5.39039,13.9092,0.0731303
5.18643,6.75559,0.101385
6.44873,26.869,0.0660235
-12.5844,22.0438,0.062143
0.501201,27.3653,0.105044
-4.0509,2.50359,0.0545509
-10.0564,22.7925,0.13224
8.46286,4.41575,0.0707891
11.5397,15.4658,0.0559073
5.91772,5.53035,0.05
8.27965,21.5883,0.0599238
-5.66166,19.3792,0.106706
-1.29074,11.504,0.0698312
-3.40752,12.7756,0.0804562
8.83174,20.5138,0.102758
0.755473,20.7609,0.0779842
12.3467,9.19797,0.114587
-4.77254,29.3091,0.05
-11.0812,13.4026,0.0825411
-8.04055,22.7961,0.05
-0.440231,7.87877,0.0829845
-4.15283,18.1474,0.103786
4.75578,7.78659,0.107115
1.42081,6.50842,0.0843358
12.9989,0.377529,0.0604659
-2.8438,28.8921,0.0768669
10.4412,28.9651,0.101488
1.86975,10.9764,0.0741088
-10.0273,17.2091,0.0639579
-6.92004,3.06154,0.0631901
-8.98177,22.9,0.05
-13.4386,5.49952,0.05
7.07873,12.1271,0.0631076
-5.80458,24.1885,0.101375
-13.9573,14.8342,0.109425
-5.41489,10.217,0.101981
11.9375,1.43562,0.0809891
-4.95647,23.1147,0.081079
-0.486145,25.143,0.0502051
13.9208,10.7732,0.05
11.5616,14.0721,0.100495
10.9379,0.280169,0.05
-6.41843,14.0758,0.0627736
-4.65518,0.624644,0.0888661
10.242,27.8855,0.108615
-6.17661,29.3761,0.0952951
10.8935,19.6539,0.05
-4.26917,8.02269,0.0640715
-9.77508,17.9733,0.05
-13.3316,2.47545,0.0527935
-5.44168,4.95524,0.0597847
-13.667,24.9606,0.148073
-5.52392,26.5173,0.0876568
-7.79251,14.8009,0.0711865
-8.85827,23.7622,0.052374
-14.2382,26.6205,0.104319
14.0976,15.6476,0.0527906
-7.39456,15.8564,0.0934322
-12.2572,25.6336,0.05
3.54051,19.0937,0.0821724
-4.28715,1.50409,0.104593
8.21106,14.0896,0.05
-5.83087,14.1246,0.05
0.966224,26.2204,0.0729352
-0.135223,25.9259,0.100929
9.65537,12.9025,0.0704545
2.97361,3.59856,0.0586706
12.3991,13.5917,0.05
-3.08729,1.0133,0.0803022
-9.4185,14.0881,0.055004
-10.8766,11.2861,0.101106
-12.0562,22.5095,0.0947663
-8.32446,18.5073,0.0603778
-2.75105,12.2973,0.097575
-5.13409,22.5309,0.079001
-3.96358,1.68017,0.0987253
14.5336,7.92724,0.0635663
5.47588,17.9205,0.0821021
0.779352,11.7012,0.112409
-11.2808,23.871,0.0740951
13.5386,16.0322,0.0593576
-2.08825,10.898,0.106081
-8.84086,0.902049,0.0788009
9.85605,29.7236,0.0513089
-3.209,14.2648,0.111558
-4.87939,20.5913,0.0577923
-0.427188,12.6341,0.0684356
-5.54768,20.6302,0.0706275
-10.1535,3.7663,0.0576861
8.39954,12.3495,0.0736015
-12.2143,28.9191,0.05
-5.18291,29.3861,0.05
-14.2825,29.7584,0.120484
-11.8549,24.2105,0.0944473
-8.12515,24.7649,0.0906956
-2.6441,13.688,0.05
4.34933,22.3231,0.0580181
6.14406,27.5651,0.05
-4.47624,29.1696,0.05
-6.89362,4.05513,0.05
10.6249,12.4152,0.0772289
1.73206,18.4219,0.110362
-7.4636,22.1147,0.12889
-6.63519,28.9106,0.05
-6.69401,12.7774,0.112986
-3.96639,22.5244,0.0769715
-10.4306,8.30378,0.111119
-8.64997,21.3633,0.100622
-0.785987,15.2244,0.0649228
-6.65149,3.1081,0.0931146
4.18163,19.7025,0.117724
-0.156711,29.1426,0.0756975
6.10919,24.9562,0.0691382
8.16284,16.6207,0.104687
-10.6461,23.8395,0.09097
5.84817,5.78438,0.05
9.38976,20.8918,0.10438
-4.55691,24.1366,0.0636939
-13.0085,23.2528,0.116578
12.5527,17.511,0.0939237
-7.37298,25.9836,0.0748969
14.6435,10.2597,0.05
1.30898,7.66772,0.108315
11.2177,19.8617,0.0568623
-2.76504,18.0953,0.0718676
7.55622,14.9901,0.05
-5.42689,18.8841,0.0959605
-5.52575,3.70658,0.05
11.1597,10.8384,0.05
-5.48212,4.76305,0.05
13.0966,0.771221,0.0650639
-13.7968,9.29646,0.0900175
4.43196,5.5324,0.0500922
10.4313,20.1453,0.0581439
4.97277,1.92276,0.0659163
12.4613,12.9107,0.05
9.17682,20.6982,0.0645486
10.2491,20.4038,0.0623773
6.43592,9.85004,0.0775124
8.88248,12.4543,0.0936078
7.30971,5.72814,0.0920059
-0.424888,28.4304,0.0773072
11.458,6.17308,0.05
10.6174,22.6515,0.05
-14.2782,18.7766,0.05
3.42644,29.4517,0.05
2.91693,26.938,0.0699469
-9.74629,7.72218,0.0699114
9.06232,10.6005,0.05
-14.59,2.16958,0.05
12.7126,16.4115,0.05
-5.21769,7.15995,0.0740621
-11.8163,5.83614,0.0556487
-4.27952,14.9644,0.0857588
-1.31741,5.52922,0.05
-12.0053,9.67008,0.05
8.14052,0.587596,0.0771956
7.4088,27.0714,0.0710554
0.743013,20.2717,0.0813837
13.5491,4.04032,0.05
7.94096,6.48026,0.0761491
14.407,13.1956,0.0682688
5.7256,26.1077,0.0688348
-1.97587,8.83185,0.0769758
9.63609,1.30816,0.0834665
3.78103,15.5193,0.0796699
-12.4814,4.27564,0.0742548
1.06114,6.13148,0.0999152
-0.299136,15.069,0.0721466
-11.4649,25.3146,0.0965201
2.08719,24.4024,0.100254
-2.30898,21.7254,0.05
4.29095,13.3869,0.0601058
-3.98879,28.7776,0.11807
5.99219,7.71932,0.0556843
5.43376,27.4441,0.0622601
-13.772,24.1959,0.0652322
10.1835,10.4265,0.101415
11.2807,14.3256,0.05
-10.2835,17.8375,0.0853486
-12.8305,8.00156,0.0894693
-10.2692,23.9328,0.0849672
-2.68147,23.6194,0.0821712
-10.3975,8.06022,0.05
5.22441,5.04598,0.0836939
-7.03421,6.09027,0.05
6.89413,5.46479,0.093089
-12.3284,12.5449,0.0716399
-6.59386,18.7471,0.12035
-10.0667,13.5686,0.0639788
-14.458,26.0845,0.0942867
-0.0336425,4.58559,0.05
2.52148,28.2202,0.0762023
-0.509502,21.69,0.05
-10.0899,27.2202,0.071474
9.18672,29.9815,0.0900068
-11.5228,19.9671,0.072953
-4.98678,7.95489,0.0935273
-8.99196,8.98177,0.05
0.761081,17.4596,0.0968272
7.31515,11.9755,0.05
-12.5985,8.82324,0.065351
7.47613,9.70027,0.100678
0.145622,7.28171,0.104657
11.2092,3.43167,0.0670717
0.0781901,4.64644,0.0721562
-11.7117,12.1281,0.110635
-0.662167,24.2837,0.0986206
-4.29848,14.0744,0.0972015
13.382,16.1789,0.0543158
-14.3119,17.2578,0.101231
0.00432328,7.21885,0.05
8.03626,0.742653,0.109681
13.6328,10.5988,0.05
2.59655,21.4496,0.05
-9.59845,16.6405,0.089245
-11.6407,0.268657,0.0786236
2.59632,11.0104,0.114542
10.2897,18.6001,0.0942501
2.74545,1.32839,0.0587126
1.68191,28.0465,0.0575525
-12.8158,10.6956,0.125632
-9.4648,10.3465,0.05
-13.0844,19.5857,0.05
-8.59542,8.1962,0.0507509
-5.2876,10.0542,0.102178
-0.87199,1.33236,0.05
-5.97373,19.15,0.0501336
-2.38668,4.71607,0.05
5.64319,0.585548,0.0679248
-9.6948,23.4164,0.05
-5.58231,4.98195,0.0833682
-1.95799,14.6581,0.115534
-1.48899,21.291,0.0801077
-14.3592,2.64706,0.0775327
-6.89035,8.76975,0.05
-0.808402,3.34032,0.115628
5.05202,23.3342,0.05
2.11849,5.04487,0.0618216
-1.89569,4.67603,0.0701134
-13.6134,14.7779,0.0794117
-2.26336,10.3563,0.0551289
6.38539,12.6899,0.0890098
-13.5168,27.2108,0.05
9.27325,14.9956,0.05
12.1323,19.12,0.0586773
-14.95,25.0864,0.05
14.6269,28.5134,0.0670361
12.5459,12.5381,0.0531398
-2.42438,29.9371,0.097034
2.85901,24.3783,0.05
4.31375,1.38321,0.0580197
-6.70081,1.07889,0.0584054
-0.796709,17.1412,0.0967375
-11.235,6.94439,0.05
-11.9381,6.5328,0.0502017
-0.384367,1.81721,0.05
4.09166,13.0131,0.0771872
-0.0406613,22.1266,0.0872961
-1.15742,29.7645,0.05
12.4195,17.8483,0.0791652
12.8395,21.115,0.0867948
-1.95862,13.2956,0.0811446
3.09538,14.1708,0.0650113
-1.33668,9.62948,0.0926662
7.04252,7.23472,0.0680788
-12.6041,24.7288,0.083297
-7.82092,6.24673,0.0844215
0.768418,17.9333,0.05
-4.74704,21.1151,0.102291
-13.9054,10.8829,0.070156
-0.553056,7.44602,0.0854245
6.0374,0.890519,0.0994432
-8.99776,12.6133,0.101596
13.603,25.2385,0.085701
5.41132,6.15912,0.0620722
6.64554,22.3921,0.0720674
-3.07081,24.8776,0.052856
1.53787,16.4589,0.05
3.64319,4.64876,0.0915615
-10.3386,28.2028,0.0715187
-13.0852,21.437,0.0631647
10.4012,25.9573,0.0746725
-1.80918,19.0703,0.05
1.20099,2.33135,0.0979376
-6.24036,9.38758,0.0810844
-12.1476,29.0223,0.0662665
-1.01041,1.96988,0.118871
-13.7027,17.0543,0.0791846
5.04263,29.3734,0.05
4.98976,26.6905,0.0801364
11.7924,11.9388,0.0551462
-10.6064,4.62901,0.0739553
-6.09741,9.90437,0.05
1.57331,21.2391,0.0787819
11.9729,20.9224,0.0872132
2.84296,16.7391,0.0672709
12.2054,1.479,0.069676
-6.64146,13.1309,0.0664537
5.83855,24.9108,0.0607415
3.93765,14.0904,0.0759947
7.02838,16.5252,0.0711071
6.06511,16.5738,0.0759755
-14.3022,1.93792,0.122563
-13.4841,22.0271,0.0722709
9.73097,4.77849,0.0550192
6.40057,25.9522,0.0815532
8.57278,22.4271,0.05762
5.42172,2.90651,0.075985
-7.03006,27.8784,0.0730336
-14.493,1.50539,0.0906665
3.89123,29.1335,0.0893728
3.19996,25.0355,0.0637053
10.105,4.75761,0.0651372
-6.48178,0.487019,0.101349
-3.71327,17.5842,0.076279
12.1992,9.34334,0.091312
8.97188,4.75926,0.0951852
-1.78027,26.396,0.0949121
-6.87837,3.27911,0.05
-1.82873,7.67746,0.102789
2.29229,1.15234,0.0600907
13.3021,18.0287,0.10783
1.7688,13.4094,0.109424
0.351415,6.66065,0.05
0.810042,21.2094,0.054021
3.77914,17.3605,0.0912631
2.28676,9.45064,0.0630868
-8.47432,12.6549,0.0779788
6.54063,3.24827,0.107461
-13.4829,2.32162,0.0797454
-4.81182,28.9658,0.101177
5.44535,8.27131,0.0748859
-11.7465,13.6743,0.0669793
-10.5756,19.8728,0.0566044
-10.9514,5.13836,0.117089
-3.34394,19.2685,0.0516117
14.3519,12.8529,0.05
8.49504,22.3118,0.081436
4.9643,21.6327,0.083171
2.9355,24.2769,0.0770613
6.36396,23.5747,0.0698376
-13.1868,13.4437,0.0957101
0.495264,15.4128,0.12908
-3.27418,29.5748,0.109933
12.9082,4.49714,0.05
-7.52168,25.7379,0.05
13.9031,21.0378,0.0533765
10.1772,25.4736,0.113965
-6.95795,26.6108,0.0692337
5.65155,18.3434,0.0509686
-3.32794,25.7311,0.10373
-10.8328,29.9266,0.0810826
-3.63784,22.4839,0.0916406
9.32456,7.99174,0.0843925
2.97923,12.7556,0.05
10.9193,1.52358,0.0941092
2.36155,18.764,0.05
-11.9544,17.0338,0.05
-12.2236,26.9594,0.0624436
4.71141,28.8942,0.0719284
1.97216,7.098,0.05
-4.60268,4.7019,0.0583869
14.2299,21.291,0.0987004
-2.727,21.3639,0.0682467
9.30671,7.20936,0.104908
-3.69715,20.6219,0.065657
2.81607,18.3872,0.0882092
9.67369,1.71028,0.05
7.14799,0.966601,0.0880126
-9.92373,23.5429,0.05
13.6855,6.67832,0.0600876
12.9127,17.449,0.0748966
-3.70314,16.3655,0.0622705
14.8496,10.0047,0.0696321
4.18057,8.56305,0.0897133
2.90934,5.61592,0.0891239
-10.1635,2.19589,0.0518315
11.6607,14.8897,0.05
-13.2812,1.2893,0.0620127
-9.42764,16.1921,0.0859758
-10.8393,16.9588,0.094163
-1.57067,11.7565,0.12363
-12.6506,23.64,0.10117
11.866,25.2857,0.0703908
-0.26335,28.1125,0.101106
12.3804,20.7511,0.05
12.9841,20.9194,0.140802
13.7447,15.9579,0.05
-10.7751,26.2854,0.0711137
12.2605,20.2404,0.0806289
-8.72893,15.0594,0.05
-4.72628,28.5311,0.0768317
-1.76299,5.40687,0.0663167
11.5632,8.01183,0.126269
13.5241,23.5278,0.0903478
12.8296,1.23956,0.124331
5.08583,2.0747,0.103402
-5.99097,6.81947,0.0724704
9.44376,21.3821,0.100395
0.293184,0.263845,0.067159
-5.67262,6.28835,0.0812095
2.6725,4.42702,0.0723823
1.34537,10.7394,0.113758
-10.9872,24.9883,0.0779856
13.1128,20.2293,0.05
0.328636,16.5916,0.0813481
-7.87331,12.4879,0.110783
8.31734,19.3794,0.120669
-12.497,3.87063,0.074507
-3.99189,7.8375,0.11707
-5.53316,28.0032,0.0831052
-10.2499,24.7265,0.05
6.58993,7.50484,0.05
3.47349,25.0771,0.0682986
-3.55678,14.3194,0.117362
-1.47507,9.91811,0.0646994
-5.30765,4.94652,0.05
1.95207,9.95658,0.0636003
3.9113,17.8618,0.0712819
-4.58972,15.9161,0.05
7.16796,29.3743,0.119237
1.52344,4.72073,0.0720805
3.56088,2.50233,0.0720137
7.38865,27.4066,0.05
0.317681,24.1491,0.0971991
-10.3106,18.2085,0.126073
-1.58471,24.5533,0.104483
-4.47239,27.0326,0.05
11.28,28.1905,0.0994585
-14.3889,2.96816,0.0857602
-2.14386,15.2679,0.0886755
-9.33619,25.0836,0.0629962
-7.13278,10.3034,0.0528017
-5.1613,23.9071,0.0605517
10.9107,18.4373,0.0893512
-7.26169,15.1393,0.0935397
4.89806,9.81914,0.114257
12.1396,7.26936,0.0526014
-4.64538,4.33881,0.102535
8.17695,19.6657,0.05
5.12912,21.2279,0.0832212
-11.5876,9.90823,0.05
11.3993,15.6918,0.05
-3.09171,10.3445,0.080991
9.96519,16.6921,0.0555183
-10.1828,15.7244,0.0821616
10.5074,16.8433,0.0539191
14.0701,20.6374,0.0984671
0.0264848,1.28541,0.144824
-1.83088,2.87713,0.0706105
-7.32473,0.665025,0.0853142
3.48341,11.1061,0.0998867
-4.10873,20.9229,0.06531
8.99811,25.723,0.05
8.37577,4.52981,0.0727265
-5.6198,28.3753,0.104123
-11.7491,22.543,0.0564105
4.63943,18.6491,0.0647669
-4.70429,24.7554,0.0982295
-9.22388,24.717,0.122241
-1.06881,10.7274,0.0583132
-2.10079,13.2704,0.063235
8.18462,4.94752,0.100338
-4.76833,13.1893,0.05
5.99443,26.8681,0.108846
-6.14535,10.5771,0.114399
7.41039,15.4634,0.0527055
-11.6714,20.4842,0.124662
5.61593,7.53177,0.0881868
12.6834,1.00709,0.0562307
12.8755,27.4601,0.0860862
-4.81027,1.00128,0.120072
-14.2195,27.4881,0.0561229
-0.889632,7.64949,0.0750006
-8.06684,11.3267,0.0904213
11.1716,0.478673,0.0996843
-14.8041,22.2208,0.0856656
-10.2413,15.1016,0.0707592
-7.75514,3.01526,0.0865825
-5.15872,16.0279,0.0887402
3.46421,14.034,0.0943829
-1.01796,23.2487,0.05
-14.3883,25.0874,0.0977641
-3.40429,21.1865,0.0529694
10.8883,25.082,0.0599645
1.23341,2.18708,0.05
-0.361094,18.2921,0.05
-13.8742,4.37646,0.05
-12.2563,7.67202,0.0692902
9.0328,3.21542,0.105449
-13.3117,10.4639,0.093444
-1.09603,28.5934,0.0658024
-3.55928,16.9084,0.100186
-4.50279,7.005,0.107784
-6.51406,21.4945,0.118243
5.99744,19.9209,0.119393
-9.97523,25.8698,0.0947491
7.81509,15.2317,0.0959475
-12.3926,7.73468,0.0741172
-3.15643,5.0521,0.05
11.1812,10.2337,0.0575207
13.3093,23.5396,0.12478
-13.4325,4.28656,0.0608306
5.69875,5.49259,0.0761376
-6.17125,23.9099,0.0876799
2.12119,21.2605,0.05
-2.08996,20.9877,0.05
-8.15679,22.9679,0.0955443
-3.41108,2.56393,0.0863982
12.5158,21.9575,0.101363
6.38508,14.9469,0.0753933
-7.08738,17.8613,0.0802052
-10.1359,25.8611,0.0661219
6.40686,2.09181,0.05
-4.10796,16.2357,0.062899
-2.15606,22.8645,0.05
14.4119,2.19125,0.0928601
-5.24692,22.281,0.0680668
-6.37352,2.41407,0.103106
9.47951,21.2137,0.0717443
-4.63711,28.7378,0.0660955
7.63149,17.3894,0.0625673
-12.8465,12.6895,0.0543881
14.8992,14.8861,0.100812
4.97922,15.4447,0.0988155
-3.59783,2.52565,0.101774
11.1223,9.04564,0.05
14.7493,10.6404,0.101948
5.59508,9.00901,0.05
-1.87109,17.7538,0.05
-6.72635,5.22239,0.0882589
2.68543,11.6131,0.05
-7.68888,1.74957,0.103252
-14.5863,1.66156,0.0912802
1.89728,25.1243,0.0802766
10.1334,16.4147,0.0814371
1.10932,11.7287,0.0722837
-4.78527,2.21826,0.0925368
0.487062,17.6241,0.0740153
4.22775,0.554728,0.05
-9.2522,7.58495,0.119268
-10.4478,17.3441,0.0545829
-1.87699,23.6474,0.0802299
1.82043,28.0708,0.0830766
13.1791,25.1483,0.112998
-1.23791,21.432,0.0605928
-8.72064,27.5112,0.127287
4.99742,12.3193,0.05
-2.19348,17.1895,0.0619503
10.4259,18.6955,0.05
-13.858,19.9231,0.05
12.4626,11.9288,0.0965614
-14.9229,6.23739,0.0770781
-9.15472,16.4193,0.0713232
-10.5355,2.68711,0.0623616
-5.60272,7.18993,0.104657
12.9352,22.6609,0.05
-1.08164,23.6494,0.0806227
1.91799,24.0052,0.0861444
9.14423,16.7373,0.0735488
-14.3671,5.40788,0.0635379
11.8608,14.0883,0.0524667
-12.0977,8.5451,0.0556408
8.68703,2.9738,0.05
9.65401,13.6165,0.0758211
5.49454,19.1853,0.0519678
6.69659,20.4556,0.0580087
-3.73284,27.7984,0.071659
10.7662,21.6698,0.113555
-1.08447,1.53093,0.08568
0.845632,28.4463,0.0855899
6.59615,5.52376,0.0569208
-11.6759,20.8834,0.124311
4.21732,29.0918,0.0739723
-0.621858,17.7152,0.0664588
9.72707,27.2283,0.120137
-5.29549,15.8723,0.05
-9.04307,13.0343,0.0906262
7.69354,16.3594,0.0726427
4.29579,21.7379,0.100891
2.35063,26.6587,0.0967154
-12.6117,10.7778,0.0623244
-7.79841,17.0934,0.064682
13.9979,6.86933,0.0928423
13.909,11.9297,0.0677832
5.9435,8.3795,0.0520539
4.5835,25.7333,0.0864105
4.58328,14.3487,0.0867414
11.1139,19.826,0.05
-2.438,1.00743,0.072968
-12.3415,26.5224,0.0800845
-9.5729,15.1588,0.0825162
3.43216,29.3208,0.0809922
-13.0966,6.19883,0.116861
3.68155,23.6781,0.0839615
2.9313,16.6041,0.0796802
2.83208,29.5529,0.0732658
-14.1941,11.8316,0.085801
13.9561,10.6034,0.123328
1.65556,14.44,0.0773112
-13.6476,13.2047,0.05
12.6993,1.40956,0.0899231
10.3368,27.6368,0.0695254
12.0464,13.662,0.0761481
-14.5688,24.3781,0.119573
-8.65964,21.8425,0.05
9.5923,24.5501,0.0729778
-12.4417,10.9785,0.127951
10.6854,23.3516,0.0631672
-7.42899,8.78877,0.05
-2.12276,7.81241,0.100578
3.99652,13.2302,0.091495
-7.91821,29.395,0.05
-5.89229,5.59014,0.0506317
-6.43176,19.4398,0.0711467
0.893965,18.7538,0.0774142
-4.98672,19.8827,0.0771981
3.18044,7.39881,0.155195
8.28983,17.7122,0.0512257
7.89947,19.2198,0.05
-13.7239,17.828,0.0980021
-11.4674,6.6775,0.0976207
-3.13729,3.89051,0.05
-5.75784,13.3576,0.0723159
-13.8145,27.2751,0.0761559
11.2908,22.4349,0.0893532
3.14947,27.8325,0.0714565
-13.3909,26.5486,0.0735146
4.83124,22.8932,0.0943212
14.6117,9.2701,0.0846775
-12.7157,9.84276,0.0998129
-6.21007,12.2353,0.0593639
-14.2092,16.2471,0.0663435
-10.0261,10.9788,0.05
-12.9206,29.842,0.0596217
-5.07839,24.1805,0.0615675
8.07059,1.97836,0.111881
12.6263,27.4473,0.05
-2.77837,15.6917,0.0829592
0.350901,27.6943,0.083764
-5.90499,26.0221,0.0833805
5.1637,7.49876,0.10227
-11.8134,16.1751,0.106217
5.66901,22.1712,0.0649699
12.1346,24.222,0.120274
-8.39954,16.7544,0.05
13.1406,2.12553,0.05
-9.33065,13.5728,0.0611805
-6.67161,26.1794,0.120006
-1.9046,0.773783,0.0965213
2.98099,2.78421,0.0895248
7.37098,3.81989,0.0617366
-2.89826,12.012,0.072604
12.7774,24.9459,0.101016
14.9447,9.33403,0.0552558
13.598,23.3372,0.114093
9.39164,22.2741,0.0606407
5.095,29.8717,0.0723211
10.7717,24.7517,0.101736
-4.7544,11.4741,0.0827556
11.0671,21.9319,0.05
-14.5929,23.6645,0.0640314
-11.1844,1.30262,0.0721608
-11.5133,9.37147,0.05
-7.58594,24.4115,0.0838353
12.7886,20.9762,0.0611034
3.63066,10.9368,0.124525
-5.72951,2.76791,0.102561
-14.1836,6.7143,0.0727193
-6.12852,4.04376,0.0713723
-14.0923,1.20689,0.105969
9.96008,28.9197,0.0567603
-8.90566,24.5102,0.0522305
-11.0535,19.8174,0.0532135
9.71627,5.2144,0.05
-3.12281,11.0389,0.0559613
11.9045,22.3045,0.0818016
-5.16099,18.2441,0.05
-8.98235,7.32612,0.0837711
5.91093,1.32882,0.05
8.94108,0.0580909,0.0580931
2.0709,8.88291,0.05
13.9207,16.1045,0.0565651
-3.28368,7.85572,0.05
-5.09355,11.1141,0.0806971
-10.1972,3.62378,0.0643892
14.2743,23.9963,0.0598826
-6.77782,15.8638,0.0576651
-10.7717,28.11,0.0766894
9.99451,20.328,0.05
-14.3018,14.5628,0.0762778
9.00778,3.63481,0.101716
-8.06951,25.2514,0.0539324
-13.4254,23.3281,0.0908059
4.2819,9.12649,0.05
9.3493,8.1912,0.107563
12.8704,22.516,0.0611872
7.96412,27.7014,0.0867953
8.87449,26.1548,0.074669
-13.1045,28.2311,0.0607247
-7.47125,27.0722,0.0788136
1.01474,7.21476,0.05
9.49623,12.4516,0.0667503
1.0187,24.5931,0.0913455
-3.83857,15.198,0.080327
6.4041,6.86473,0.113103
-12.5756,14.6871,0.05
-11.8795,15.2336,0.0998372
8.39465,15.3188,0.11393
-14.95,16.42,0.05
-9.73493,26.4629,0.05
13.0936,19.4187,0.0897624
-13.428,5.25795,0.0782149
8.13275,22.9133,0.0754781
8.48114,20.9658,0.102647
9.71998,24.6053,0.0661117
0.908149,25.1669,0.1275
-10.3117,14.5495,0.0645164
-14.4362,23.4842,0.134455
7.63978,10.7,0.107463
9.41879,28.3412,0.0829879
0.147126,26.6687,0.05
5.39021,25.6521,0.0936975
-10.7096,4.48104,0.106434
-2.07572,6.82844,0.05
3.82688,22.5951,0.131332
4.82776,4.03691,0.0529258
6.38783,3.63428,0.076681
-2.71208,4.93393,0.0707158
14.8453,19.1037,0.054708
-0.101053,5.25166,0.0921142
14.1509,26.3053,0.0991108
-1.33033,11.1961,0.0825997
-4.24024,24.3307,0.0983851
4.99614,1.49584,0.0973496
-4.85472,29.4119,0.0701296
-1.59843,26.3067,0.107704
-5.83242,17.5566,0.0631646
13.3065,5.43206,0.05
2.01902,17.0929,0.05
7.13702,15.5309,0.0631076
9.24113,19.8296,0.05
-14.7168,20.7919,0.0591425
-4.79655,15.1336,0.10489
-9.14016,25.9879,0.05
2.17703,22.5896,0.0632698
-4.26977,17.0172,0.0534074
0.258047,18.3262,0.0728222
3.78833,20.324,0.0927232
-14.7103,27.4571,0.05
12.2604,12.8538,0.05
9.27062,12.789,0.05519
-1.03093,24.0982,0.0540898
0.00247645,16.5068,0.0713625
1.58793,9.61466,0.05
-3.64121,23.1784,0.0861409
0.941903,18.4357,0.100264
2.46181,17.2992,0.0843986
-11.8482,6.59872,0.0613275
1.36244,8.36214,0.0777878
-1.21805,12.3382,0.136949
2.51334,21.577,0.102175
-8.49076,17.6583,0.0910656
-14.2695,3.56487,0.118875
6.8435,19.598,0.08975
-13.4428,20.5853,0.0859674
4.06215,4.10974,0.0763554
4.42589,26.4924,0.0622986
7.0669,17.7335,0.107125
-11.2477,28.0441,0.05
6.01947,10.828,0.0548729
-1.81839,17.8388,0.05
-5.27619,24.9757,0.05
-11.3235,9.98617,0.104208
-12.9975,26.1605,0.0516414
4.30855,28.8069,0.0607091
-7.92917,0.212348,0.0629653
6.89004,4.6225,0.106742
4.76363,6.13741,0.0784972
-4.90327,7.35668,0.05
7.0107,22.7702,0.0723006
-11.5024,9.27207,0.05
4.03355,11.2427,0.111023
-0.937775,23.6278,0.0648584
14.9319,25.1301,0.0680944
12.3089,1.76267,0.0730247
-12.6446,0.251729,0.108685
5.25605,17.8685,0.0948043
-4.5472,19.8807,0.05
0.666556,19.8725,0.10521
-8.55239,9.35009,0.149674
-11.8756,22.4678,0.0906477
0.903464,8.32831,0.0757584
-11.4191,17.505,0.0811051
5.26864,27.6892,0.0614391
-4.80176,3.6373,0.102842
1.17753,0.715903,0.05
-5.54868,6.34596,0.0554736
-8.41639,24.6525,0.101714
-9.06838,14.136,0.0894995
-14.7717,29.6618,0.0689998
-6.50392,28.2487,0.0638342
-8.20966,1.54174,0.0871925
11.6801,9.20394,0.121134
1.56476,24.9252,0.0671598
14.4172,5.66478,0.05
-14.18,13.832,0.0748014
11.1022,7.13349,0.0518264
8.58067,3.86053,0.0815946
10.2831,20.0967,0.097744
-2.03992,16.8927,0.0815016
-6.65714,3.72667,0.12469
-1.63018,21.7205,0.0698159
-10.6682,7.65761,0.0894793
-5.92729,15.0705,0.113419
-0.0921129,3.18338,0.0887361
-3.35302,10.4426,0.05
3.09327,17.526,0.0510321
14.5439,5.10251,0.0796928
0.927649,16.1429,0.114664
12.3483,12.0942,0.0677233
13.5672,27.0737,0.087299
9.17843,5.44163,0.0662831
-1.10283,0.879486,0.054003
-8.75924,14.0008,0.089934
2.05744,20.2787,0.05
-2.20409,15.5453,0.0645223
-0.454126,6.79029,0.05
7.68485,22.1303,0.0791609
12.3147,25.9307,0.0543363
7.98244,27.522,0.0933281
-7.58767,3.00221,0.0813935
-7.42651,16.6429,0.05
11.9713,21.0785,0.0688881
-10.1784,28.3439,0.107343
-6.19275,21.3807,0.0927813
-7.29198,22.9968,0.05
-0.536808,0.438946,0.106579
9.81673,16.4322,0.077837
-2.86411,22.2906,0.120465
-1.80293,24.841,0.05
3.16097,10.8517,0.0842764
11.6459,3.50083,0.05
-9.20019,18.148,0.104917
10.2446,24.1121,0.0973558
1.87807,15.1325,0.05
-9.59803,24.1215,0.0644205
10.3088,13.7279,0.114075
-4.53974,5.7874,0.05
8.96838,22.847,0.0878035
3.06968,27.7046,0.0791939
-13.1507,17.188,0.0605388
-13.5998,22.3521,0.115478
5.90167,12.7553,0.07419
0.634542,20.3835,0.0743458
7.27996,28.5092,0.0799277
-13.2135,27.3699,0.0751788
12.4091,13.712,0.0707129
3.37112,7.2641,0.0782798
-12.0365,24.4896,0.052658
9.45061,14.7724,0.0861506
14.4335,9.15489,0.127533
-6.77372,10.9592,0.0888677
14.4919,20.9119,0.0871986
12.7357,29.6982,0.074062
1.10585,18.1074,0.100122
-12.238,5.26071,0.0619441
4.00063,18.6913,0.126442
-8.57997,12.4881,0.0687457
-7.69252,26.4876,0.101805
13.7193,13.2235,0.05
10.9393,12.1356,0.0546802
8.83021,10.8509,0.0914286
1.99047,7.1963,0.05
12.6433,25.0396,0.0625029
13.5213,9.63732,0.0752999
-13.3601,12.4612,0.0841268
7.73069,19.6559,0.121435
12.5687,16.4576,0.101081
-7.79752,27.5957,0.05
-11.232,11.1171,0.0606016
10.3027,6.32522,0.05
-0.383522,3.38222,0.100426
-11.1846,4.09713,0.0651684
0.266575,11.4588,0.0507575
6.0458,17.0168,0.0773078
4.41172,6.94524,0.0671647
-11.3134,25.2932,0.05
-0.344598,13.8014,0.0802314
2.03596,21.3517,0.074817
-13.5156,19.6177,0.0802709
-0.557496,3.76864,0.0641586
-4.43597,15.3266,0.05
9.49407,23.3769,0.0659116
-2.53535,27.8496,0.05
-3.65567,11.4774,0.0539376
-4.36802,2.73679,0.05
-0.610396,7.06207,0.0820462
-11.3551,14.7423,0.05
4.77662,20.1864,0.0542335
9.40192,29.0107,0.0764344
8.18596,0.341189,0.0647393
11.8987,2.86919,0.0831085
-5.42652,0.440897,0.0826422
7.34643,2.59211,0.0815717
-5.28865,20.8157,0.102218
-7.98138,14.4683,0.0847683
-6.87258,15.472,0.05
-5.54466,16.3057,0.0977403
12.4702,12.6138,0.0538699
8.19723,9.01432,0.11101
-5.53828,18.4669,0.0922582
-7.93801,23.1072,0.0746977
-14.6474,7.55026,0.05
-5.4598,27.6362,0.05
7.04749,10.1919,0.103606
-10.9774,0.272646,0.0585187
9.68421,14.9937,0.0786205
7.54281,14.5065,0.0684747
5.95449,14.369,0.0597865
0.348373,16.4611,0.0506393
-9.16299,17.5327,0.0533043
-7.83156,6.53815,0.0720456
-13.7739,9.75624,0.08352
-5.9992,29.3237,0.0896871
-2.20272,22.7354,0.0873072
-8.38367,26.3126,0.080859
5.24137,28.2101,0.0940567
10.791,26.8373,0.125865
8.90638,29.7321,0.0697902
-3.56511,6.21233,0.0748931
10.0302,13.1172,0.0593914
-11.1955,7.83022,0.0683755
-9.13327,3.3311,0.0871877
0.281043,10.4071,0.0872153
5.52357,27.2945,0.112222
-1.99903,25.2975,0.05
12.1579,5.09252,0.128501
12.2783,17.8198,0.0649065
3.90045,10.3801,0.105874
-6.74567,28.6593,0.0730413
-2.15406,19.7489,0.0736706
-12.3752,25.3948,0.105475
-9.71123,11.4485,0.0856182
-6.53699,14.5004,0.05
8.21023,29.4885,0.05
-1.57122,17.6516,0.0630451
-6.83031,19.172,0.05
-4.43608,27.5409,0.05
-12.0964,23.2193,0.103165
6.3617,14.0532,0.0771206
-11.5457,18.0139,0.0740589
0.762271,5.15615,0.0628429
7.3372,28.9056,0.0564949
-0.433511,8.0116,0.05
12.6819,9.34417,0.0977927
5.47634,4.00736,0.05
1.74803,5.58501,0.0553361
-7.3157,13.9415,0.0772303
-10.4988,11.6248,0.096777
6.12195,8.10246,0.0929088
11.9498,29.9214,0.05
-11.251,17.0873,0.100543
-0.116838,25.0439,0.115678
-5.01493,3.16046,0.05
13.8663,19.2014,0.053417
-3.58266,15.357,0.100395
-6.39605,7.58182,0.0685726
-5.66797,24.1088,0.0567969
-11.3313,29.1305,0.0951938
-12.6892,21.5382,0.117863
-3.70446,9.43536,0.112037
7.26567,18.0346,0.113172
-14.2488,15.2292,0.0800933
5.91514,25.8738,0.0632199
2.85398,19.268,0.05
-12.3972,19.1346,0.0966187
7.81789,26.6934,0.093047
-13.8247,3.72448,0.0509918
-6.55455,11.9517,0.05055
-0.506126,24.1875,0.069817
13.6938,10.1149,0.05
11.5089,15.7286,0.0548887
7.3877,2.14444,0.0905762
3.12946,1.08728,0.05
9.81306,0.455197,0.0617019
-9.94731,10.7184,0.0883719
-5.79721,29.7493,0.13209
-0.690577,13.4748,0.112922
-7.0072,14.8357,0.076762
-9.17485,3.49421,0.0811424
-7.68589,27.3023,0.0601047
-14.528,13.3794,0.104174
14.7139,13.9042,0.107648
12.8578,14.6144,0.102074
13.4359,29.1748,0.094553
-1.28726,8.71428,0.05
9.81258,19.2194,0.0501523
3.02944,24.4174,0.0751927
-3.35916,1.13525,0.0658873
6.97722,28.4631,0.0622343
-8.34307,18.8339,0.0655841
-8.6447,10.603,0.05
-0.490367,4.37405,0.05
-6.01961,22.4943,0.107707
-10.3421,16.6813,0.100275
6.16917,17.121,0.0841668
11.6478,26.3034,0.0942731
0.308718,29.3078,0.0508551
2.57212,15.1007,0.0924301
1.77348,3.05439,0.0937751
13.246,15.0906,0.10171
5.25482,6.10112,0.104834
5.59747,16.6468,0.0969605
-13.8962,2.00709,0.0724556
12.7309,11.5995,0.05
6.44143,21.3344,0.05
0.480619,28.8925,0.116688
-2.53928,20.2176,0.0697401
-12.0829,5.50632,0.109673
8.29197,16.5016,0.0710175
-7.82907,29.5163,0.0725294
-11.025,21.3443,0.0813477
1.40795,24.9528,0.0920701
12.8894,29.7911,0.0599425
-10.6119,2.21148,0.10497
14.7608,26.0658,0.113851
-0.514392,21.3161,0.0639681
12.3383,29.8466,0.05
-7.35166,11.6941,0.0781287
5.27014,20.4003,0.0711915
7.50315,25.5945,0.097336
5.52664,12.392,0.0682344
-14.5874,23.8777,0.05
-5.50496,26.6536,0.05
9.1608,23.5271,0.0587776
8.56445,12.2251,0.05
4.47857,12.6382,0.0858281
-10.8908,20.0151,0.0634494
3.06029,15.4157,0.0876025
-4.25611,24.0922,0.077408
11.84,11.6151,0.0889898
7.10616,11.023,0.060772
-11.5184,25.6876,0.0614981
-0.585134,29.8601,0.05
4.53014,12.2932,0.05
-7.70694,10.4315,0.050971
-7.66302,1.90302,0.0523647
9.1047,27.8465,0.05
-8.97055,28.4237,0.0552704
13.0582,23.8382,0.112232
-9.16218,12.2216,0.05
0.503066,10.5835,0.0631905
11.0627,5.11033,0.0941326
8.53281,25.7514,0.102381
9.59799,21.5873,0.05
2.96672,20.3374,0.051575
-5.51708,5.81085,0.052123
-9.4291,0.0844568,0.0844711
-10.882,11.0927,0.092419
-3.90155,1.49148,0.0999368
-4.4045,7.728,0.0820625
-0.198221,3.82487,0.0740592
10.0164,6.53371,0.0828617
4.97415,27.875,0.05
0.429707,21.2721,0.05
4.9044,18.4999,0.110435
-1.27227,20.7381,0.102775
-10.0688,3.68198,0.0618388
-6.70915,9.68971,0.0885575
5.32328,19.1533,0.091922
-13.7834,9.61913,0.05
-10.869,9.29362,0.113859
-8.01607,9.6817,0.0525002
1.90587,8.04184,0.054756
-6.43507,13.4291,0.158697
10.0123,4.13151,0.103536
-13.384,27.25,0.0884751
-9.77326,4.25154,0.0618496
-14.0593,24.6482,0.0702508
9.81873,13.2942,0.0836794
-4.42563,13.3968,0.117162
3.0301,22.3492,0.0906217
11.3535,25.0426,0.07934
4.03185,16.1933,0.0523948
7.22136,19.0981,0.086877
4.4842,22.626,0.0757474
2.59077,25.9428,0.0785897
-6.84743,9.07678,0.0838561
8.49653,1.24648,0.111788
10.3404,28.0107,0.0506447
5.45056,20.4347,0.112465
10.9689,11.8572,0.108852
13.88,4.91647,0.0669104
6.43339,6.63385,0.119632
8.78963,5.20804,0.106585
13.0411,27.2736,0.0607662
7.81734,1.82234,0.0884325
-11.8093,0.276303,0.0663901
5.11664,4.33046,0.0802959
7.59976,3.54966,0.062864
-0.0415452,25.4349,0.05
8.91362,4.43434,0.0566251
-8.14621,21.5709,0.0632652
9.67921,12.188,0.0589013
10.3323,18.7732,0.0717036
-2.26862,11.3323,0.0661597
9.33177,11.7175,0.0973843
1.76423,8.60685,0.074588
0.54277,22.89,0.0794343
-9.60056,9.16707,0.103245
-1.58902,7.808,0.05
-14.1845,15.9131,0.103884
-13.7403,4.48641,0.0794754
13.3486,29.6188,0.130025
-3.95286,0.620793,0.086734
-13.1501,26.3773,0.0697673
13.5592,15.6344,0.0504997
0.0630945,18.5523,0.074084
12.9516,4.1248,0.0646958
10.0848,7.5796,0.105083
-0.842342,14.3287,0.05
11.9089,20.1709,0.0596336
12.9592,8.2027,0.0810912
7.07815,21.0071,0.061244
-12.5475,4.60257,0.0623354
1.60359,11.1595,0.05
-7.28459,1.85229,0.0829688
1.29903,15.8402,0.0634289
13.671,8.49287,0.0819865
14.5911,5.63662,0.126173
13.6716,1.25919,0.104516
-11.4686,2.76913,0.0731677
3.07354,20.1252,0.0884124
0.0109871,11.3269,0.0857859
11.0975,2.0178,0.0563657
7.20801,0.830945,0.0603541
0.314117,13.4052,0.0948532
0.584476,23.3049,0.0871347
-14.5138,4.07739,0.0576127
1.47282,17.1128,0.131314
3.37437,28.6936,0.0733041
-11.3869,13.6442,0.0787629
2.66086,11.3145,0.05
-11.9246,19.3716,0.05
-0.411322,25.7985,0.10147
8.12374,28.2105,0.0859772
-1.03573,17.6161,0.0777846
7.99401,1.25011,0.0761058
-3.00555,7.08805,0.118425
10.1427,17.2874,0.0673599
13.2257,14.6036,0.0691296
-7.29849,24.7066,0.05
1.17414,11.8563,0.0707805
14.7483,21.4962,0.0822309
11.3232,29.385,0.0831455
7.77974,19.2411,0.069122
-4.4736,15.8564,0.0805521
-10.7217,13.4778,0.0796358
1.46953,4.83759,0.056625
1.86907,5.49897,0.0931737
12.4423,11.0136,0.05
-1.71146,29.4984,0.05
11.4272,9.21064,0.0779552
-10.9632,4.25323,0.112832
-13.4986,0.526058,0.054089
-12.5852,23.1743,0.0792107
7.96584,17.9714,0.095212
11.5407,17.3342,0.11827
-8.86183,11.585,0.0787732
-0.389068,22.3349,0.0764308
-6.37315,21.6255,0.0712295
9.59221,25.1483,0.102318
-0.432716,3.68186,0.0878505
-6.1141,28.7917,0.0594281
-13.2285,23.96,0.05
3.25062,25.6454,0.0538761
10.2364,8.11893,0.0610954
5.41476,1.1907,0.0705535
-8.43741,8.94403,0.0507075
11.7827,20.1494,0.0654256
-11.5812,11.1958,0.05
1.32808,14.5333,0.0701628
11.6042,4.6369,0.0664784
-13.2185,21.6401,0.092617
-8.93442,18.9592,0.0914285
6.74898,1.46268,0.0674212
-5.20352,3.22352,0.0845295
-7.72449,9.06904,0.073322
10.5141,13.5963,0.0996309
-2.59329,27.052,0.0608879
-9.3558,18.0503,0.0788227
-2.37076,6.73267,0.0738202
14.5945,24.7179,0.0770882
-5.27621,20.0817,0.05
6.39292,18.7557,0.0782697
-6.1782,19.0706,0.0694524
-5.77641,4.0054,0.0682658
-12.4596,16.1248,0.05
-9.19402,19.5122,0.0890428
-2.53207,19.4165,0.0525061
-1.66028,10.5073,0.108214
10.9681,10.9349,0.115586
-8.03313,23.2815,0.05
10.8867,20.7798,0.097925
-9.26877,4.38392,0.05
14.076,24.6063,0.05
13.8987,17.1132,0.0846173
14.0284,2.76867,0.0783505
9.04748,27.4892,0.0687194
14.5909,13.6494,0.140251
14.2041,6.19223,0.0775364
-9.07608,9.85825,0.0897877
-6.82802,13.4768,0.0903999
5.73926,9.37397,0.0555945
-8.28828,26.1746,0.0676607
1.02409,24.7737,0.0892865
-12.3761,12.6642,0.0568181
-7.2434,9.51804,0.0860596
8.70665,15.6567,0.120565
-6.78325,11.3386,0.101825
5.22028,25.695,0.0815635
-0.188703,17.3381,0.05
11.9726,26.7856,0.0865596
12.0971,14.1785,0.0810045
11.0087,26.8247,0.0922165
14.309,26.3855,0.078107
8.08551,22.6374,0.11102
13.6472,12.4964,0.0665973
-3.1202,16.0239,0.0894844
14.7181,16.2419,0.114671
-5.95121,11.7425,0.0804841
12.1109,11.8787,0.108261
12.4207,12.7919,0.0754879
13.8504,0.483644,0.112086
11.05,15.0344,0.0807956
-6.92764,6.35363,0.0570312
9.28899,27.9192,0.0855372
12.0523,9.48672,0.05
-10.9176,12.513,0.0519632
-0.922104,10.8994,0.05
-5.39304,7.84374,0.10001
-13.7152,1.91059,0.0902912
-8.67424,18.8331,0.0861951
-9.768,2.32226,0.062849
13.5069,5.42212,0.05
6.02386,25.0932,0.0922473
-9.95568,19.3579,0.0714497
12.2909,16.6746,0.109331
3.12708,10.1368,0.0629324
-9.58121,12.3486,0.05
-10.3902,12.213,0.067043
-4.67707,20.747,0.05
0.855402,25.6429,0.103991
12.4242,15.7933,0.0533769
-3.87395,16.8013,0.0688055
6.28957,29.3901,0.0745787
-1.36194,16.0856,0.0622774
7.86496,5.93274,0.05
-14.5434,7.45076,0.0939593
-10.8638,0.464346,0.0608491
7.74137,15.8635,0.090736
4.02341,5.28932,0.0510175
8.04036,19.207,0.0914674
2.9541,11.5121,0.05
-12.7027,24.8272,0.0559661
9.14042,1.37299,0.05
8.69197,1.18208,0.0939949
4.63606,24.2653,0.0907378
9.22841,28.4682,0.0756632
-7.49844,8.86073,0.05
-12.3775,28.265,0.091649
-10.2606,6.70205,0.0772947
-12.4279,5.39412,0.142496
-13.9001,1.81821,0.116456
-13.8691,1.06706,0.0507587
13.0008,7.00159,0.0803283
3.843,4.30662,0.0740427
3.75899,8.23801,0.0783226
-1.87338,1.02565,0.0564947
1.67374,4.93888,0.0651902
-7.85881,7.89599,0.0722056
-4.74248,1.26749,0.05
5.64323,16.0814,0.0555496
3.59019,14.5443,0.115947
11.3697,14.905,0.0957585
-7.4525,16.0305,0.0900785
-3.04085,22.3702,0.0733957
-11.6571,24.8598,0.05
-10.9502,1.9052,0.0676485
-8.30858,15.5861,0.0553737
-10.4171,17.9888,0.11654
14.4,27.8136,0.0812225
9.29821,25.9145,0.05
9.66763,18.3005,0.0551695
-7.36267,8.17583,0.0549852
5.6312,12.165,0.0804189
-7.62189,10.9846,0.0600157
6.27487,4.86054,0.05
13.27,20.4729,0.060038
-9.09595,0.886835,0.0750443
1.68499,24.2257,0.0773781
-7.37498,25.5863,0.0674098
9.52033,9.31072,0.0773202
-5.78736,2.48799,0.0926844
7.09849,16.6302,0.0550839
-10.9067,22.2606,0.0571761
-7.1849,16.3726,0.0537513
3.71152,22.185,0.115023
0.532724,22.4547,0.0775724
14.63,6.49344,0.0764508
7.20494,5.5686,0.0988599
-10.9607,6.34464,0.05
2.45114,19.7457,0.0824212
-9.15184,5.63444,0.109768
-2.74664,29.2895,0.0848038
-2.70215,24.3757,0.0678264
-1.43042,23.5673,0.105004
-9.09157,7.85168,0.0886069
10.3984,26.9383,0.144359
-4.31869,9.61938,0.081842
-0.725242,17.9965,0.1175
-2.55728,22.3504,0.05
5.71471,19.2518,0.0990481
11.8052,27.0045,0.05
3.93129,22.4402,0.0554311
-9.03494,25.9282,0.0709719
-13.976,29.244,0.0921527
12.061,24.4041,0.076086
6.40175,4.90951,0.086007
-2.6244,6.21186,0.0950055
8.26764,21.8414,0.0712517
12.5197,28.2374,0.135912
-7.43908,7.00418,0.0955683
-8.26834,8.83449,0.0857464
-6.0894,25.522,0.104278
-2.09895,23.8511,0.05
12.9686,9.77621,0.05
8.42917,6.68878,0.103502
7.41155,12.935,0.0894197
-0.189957,25.4931,0.109393
5.79281,29.4105,0.104914
2.00173,5.58106,0.05
-9.91825,10.8925,0.0881614
10.1848,14.0368,0.0725867
12.6856,6.35836,0.100779
1.02587,12.3829,0.0607365
4.9287,8.21885,0.0785837
-5.17767,15.7693,0.0703807
6.07649,28.419,0.0863248
4.10804,21.8193,0.103739
-10.0103,23.6952,0.0794739
6.49275,4.2121,0.0891981
10.7166,6.50423,0.0788006
-8.63202,8.5643,0.0732906
-12.0856,27.7567,0.106029
-6.64681,5.81226,0.0839425
-6.97389,26.363,0.0603296
-8.4798,7.67236,0.0750499
-4.92338,19.5116,0.078915
12.6958,25.3919,0.0656017
1.82962,16.5273,0.0744577
1.71325,1.69118,0.0893646
3.88435,24.8948,0.05
7.54761,19.486,0.116208
-6.98961,12.8002,0.0619857
-1.01898,5.20408,0.0568084
1.1412,3.43984,0.107192
-9.99719,6.16476,0.0850639
11.1976,6.19153,0.0960491
-3.64546,27.2887,0.0771783
7.55952,15.7515,0.0570045
-1.5646,23.3065,0.102583
-5.19724,4.9955,0.0629303
-10.5741,13.3923,0.0576464
-1.68827,13.6589,0.0502327
7.97329,21.2361,0.05
12.2707,21.0165,0.09379
12.1106,19.2573,0.0800139
1.81784,23.744,0.0943584
-9.68413,2.83962,0.102617
-5.35075,7.62282,0.05
-4.18884,0.529756,0.0821195
-1.74454,14.1641,0.0717446
-12.2964,8.72967,0.05
-10.1675,25.564,0.0867669
-2.46389,25.3326,0.0539613
9.09674,22.9664,0.077321
2.70962,0.842542,0.05
2.63058,15.3856,0.0764247
5.50201,16.8555,0.099263
-5.06334,17.698,0.05
-1.04008,4.88226,0.102099
-11.3659,15.8994,0.0973574
1.04726,11.9554,0.0902302
14.8843,9.07677,0.115674
13.8298,13.2339,0.0609787
-2.11607,19.5904,0.0633765
-6.3436,24.3742,0.0643041
2.73555,11.4067,0.0686241
0.019107,14.9117,0.117293
7.36911,18.9935,0.0663053
0.127959,14.0673,0.0730131
10.8157,2.83152,0.109276
-5.0956,8.13481,0.05
7.33703,22.2933,0.0934041
-7.40701,8.94939,0.0763746
-12.5629,13.7764,0.111477
0.348347,12.9544,0.05
0.854948,14.5486,0.068543
14.95,0.155486,0.05
14.1298,10.4783,0.076688
-1.25739,1.54018,0.0608694
-7.37384,22.579,0.0701661
11.1319,16.1679,0.0822415
-14.6913,8.81991,0.0928751
-4.74031,25.5061,0.0679048
1.59467,26.9798,0.0597401
12.4133,29.1044,0.0940547
9.10505,28.4442,0.05
-1.18222,13.589,0.0592563
3.51351,20.1563,0.057298
-5.94297,0.239522,0.102095
-8.11482,16.5161,0.125603
-10.2857,5.7294,0.0798259
9.86499,27.0278,0.0862181
-3.13,25.6522,0.109359
-2.78941,25.2108,0.05
1.37856,21.7001,0.103636
14.3171,5.01649,0.0818571
-12.944,1.06264,0.0580108
9.39941,3.58504,0.05
-6.00041,10.3602,0.0558243
-12.1621,28.1369,0.0940076
-5.47025,20.432,0.103807
-6.78003,20.5219,0.0517631
-6.10996,5.1166,0.057737
-1.72139,14.3079,0.0739162
-4.48712,23.0489,0.0692013
6.36776,17.4293,0.0874258
-10.0651,8.84231,0.0652593
5.77811,24.7429,0.0576206
9.94623,15.4247,0.0956874
-12.1316,14.0135,0.05
-12.6509,20.8271,0.0525186
-0.823146,18.9705,0.109533
-10.0472,16.654,0.0541568
-12.5946,21.886,0.0960477
2.17891,19.8394,0.0925807
10.4245,22.0444,0.05
14.0367,5.36084,0.0682427
0.628315,8.47598,0.116278
6.16763,21.1257,0.071139
5.17994,9.15656,0.0600561
13.8253,28.9367,0.05
-8.85281,21.8988,0.0674888
13.7178,3.79459,0.0616708
6.20073,20.6945,0.0974894
4.38173,9.13238,0.05
1.8291,2.25502,0.0584731
13.5515,8.04667,0.0797784
-7.15412,23.2209,0.0881728
7.95867,18.962,0.0616212
-2.2795,24.369,0.117457
5.48466,1.43813,0.0579645
6.66175,22.0253,0.0849945
-9.47022,5.60488,0.0755799
11.8534,6.51559,0.10417
7.31575,16.9486,0.104903
-5.63786,17.3491,0.0992703
10.1183,29.8878,0.0614834
2.55106,27.8017,0.12897
-9.92524,11.2162,0.0770597
-5.16362,13.6904,0.103105
9.40378,6.40544,0.10773
-12.0234,24.327,0.110397
7.99826,17.6603,0.05
4.99357,13.2766,0.0790943
11.0972,3.3742,0.0588103
4.27246,10.2999,0.0862434
-4.22903,23.0216,0.05
-11.6455,20.6569,0.05
-3.87184,17.0685,0.0775414
3.89845,20.4591,0.0757876
-12.6728,1.92475,0.0678574
-9.67273,27.2758,0.0501658
-10.5747,3.56939,0.0641846
-4.4274,22.7381,0.05
9.60477,5.36972,0.0523921
-1.0667,21.9765,0.0818614
7.6231,18.4898,0.0541123
10.2439,6.4796,0.115221
-7.68862,20.7311,0.0718287
7.1581,19.6772,0.0661017
-10.9858,23.2262,0.0533631
-12.0784,14.2755,0.0722823
-1.43377,4.06457,0.0833652
-3.25527,2.24777,0.0557924
-6.82032,9.23737,0.0790084
-0.746481,26.858,0.087435
-8.71184,9.5241,0.0863379
7.84285,23.771,0.0955412
-1.74686,24.966,0.0870073
-3.94918,11.8337,0.116799
-2.21441,17.7353,0.0692937
12.4473,13.8489,0.0714303
11.7261,24.3158,0.082416
4.15976,5.82753,0.0870939
-4.098,25.1501,0.0603468
14.3247,5.89033,0.0600922
-8.02969,24.5261,0.0701964
-14.9111,0.230027,0.088902
-12.5093,10.4153,0.05
5.3154,3.74544,0.0993914
11.3366,2.76988,0.0567957
2.66732,9.48664,0.05
-11.2942,19.4459,0.067601
-4.03647,21.8502,0.0547755
-7.24107,26.0227,0.0626755
12.7634,2.95659,0.0932265
10.2052,19.7348,0.0888459
9.5879,15.5803,0.0679325
-13.4257,10.6342,0.0639198
6.41833,6.16496,0.0722578
10.9928,29.5971,0.0818221
-12.6691,26.6223,0.0705583
14.95,12.1493,0.05
6.15027,29.7603,0.0786775
14.4493,4.73777,0.0777628
7.91485,5.47832,0.05551
-14.098,8.26331,0.0728443
-6.18211,9.16605,0.057317
-11.2931,25.0922,0.0590564
12.072,15.7972,0.0607525
7.11643,19.3618,0.0673377
-11.5948,13.7007,0.0870469
5.09312,15.5705,0.0708657
13.619,20.1979,0.0711944
14.6158,10.7358,0.0586444
-9.25575,27.8493,0.126267
14.5319,5.94795,0.05
8.94092,21.1744,0.05
-0.275513,23.1229,0.109307
13.5342,11.9402,0.0745369
13.5364,29.3549,0.0790755
-14.3518,14.027,0.05
-9.90934,18.3473,0.05
0.870062,19.8917,0.0991997
-7.85014,18.408,0.0973755
7.04702,16.3546,0.0808252
0.304975,21.3218,0.0758235
-2.51035,29.4105,0.0567251
-0.901311,21.7329,0.0585516
-10.7075,22.9364,0.107195
-7.9072,17.338,0.0879719
-5.54704,12.2105,0.092291
7.35981,17.5454,0.0587788
13.662,4.02911,0.0560313
-7.26041,18.9439,0.05
-1.77213,6.02303,0.0997746
-0.306898,18.73,0.102961
-4.58103,15.1582,0.0918147
-5.6498,18.3785,0.05
-12.7914,4.39887,0.0662735
-2.1377,0.177464,0.05
-9.5862,8.92575,0.0506275
-11.3962,9.76752,0.0729132
-7.34058,1.11411,0.110655
3.77677,18.7926,0.0627076
3.38832,20.5022,0.109572
4.93638,2.8756,0.0726595
1.0651,14.6166,0.05
4.3879,24.6808,0.0648086
-2.50131,13.2752,0.0644448
-3.68137,13.8954,0.0717342
-5.81556,3.34883,0.05
-3.59488,25.8867,0.0863267
8.55545,27.0478,0.0547781
-5.06876,6.68987,0.0999563
4.15369,18.2426,0.0877409
1.29521,11.624,0.115434
-11.7762,16.743,0.115599
0.481934,5.52951,0.0653047
-12.1952,4.19604,0.0786226
-12.8324,19.7927,0.0864029
-14.7281,24.9882,0.0936515
-10.6932,2.709,0.0968163
-6.60527,29.9812,0.05
-9.33036,16.8661,0.0893461
-3.54537,5.51617,0.113212
-14.4595,17.4225,0.119926
-9.47146,1.577,0.05
2.96546,3.23412,0.05
6.36282,18.4257,0.0796627
4.91443,17.0746,0.05
9.89976,21.636,0.05
3.00634,17.4404,0.0709509
-2.25792,11.215,0.05
2.79513,25.6408,0.101975
-11.1068,28.211,0.116942
5.27351,18.8245,0.0844511
7.34411,23.6987,0.091025
9.49811,29.557,0.0512358
13.996,1.76612,0.0825493
3.164,21.8157,0.0756029
-9.51325,3.73386,0.082103
13.4865,8.4677,0.0971217
13.5069,3.53878,0.0726839
-4.26612,21.7023,0.05
12.1964,7.16021,0.070392
-12.6696,19.7388,0.05
9.05182,6.79627,0.0567775
12.2513,21.7782,0.0824218
-13.4181,26.2548,0.0823629
-14.015,17.953,0.0899972
-10.7796,22.7732,0.0711966
-6.09491,4.4551,0.0986621
5.41697,18.5505,0.05
14.929,25.2692,0.0709791
10.5942,24.3425,0.05
-10.1813,20.5461,0.110165
-9.39047,21.1108,0.062768
0.520925,12.8179,0.0702219
12.4542,16.2568,0.130081
9.57653,18.4459,0.0770412
-9.9904,1.53732,0.0831171
0.797629,21.7358,0.0719148
14.2498,25.3922,0.0560404
-12.1163,4.0196,0.0909249
8.82288,19.3718,0.0796014
8.88321,3.51085,0.0740295
-10.1395,26.3776,0.0669866
4.2476,28.6838,0.0766392
10.1809,5.92882,0.103024
12.2443,1.96616,0.05
10.9143,27.4642,0.0911483
1.03976,28.6184,0.05
-2.06987,10.707,0.085754
-9.6949,20.7525,0.0927891
-13.6137,4.51342,0.05
-5.70676,16.4065,0.0931981
13.1531,20.4173,0.05
-6.03978,4.16587,0.0669381
13.0757,25.8532,0.101392
-9.71511,28.224,0.0821406
-12.022,1.29175,0.05
13.8762,6.41474,0.0715374
-3.76736,15.6282,0.0672962
4.22968,4.54322,0.0774865
-2.89076,11.0937,0.0576642
-13.7675,26.6399,0.05
-9.89961,3.42573,0.104229
-2.71235,16.7713,0.0707437
2.51458,7.69778,0.05
-3.68393,28.696,0.0776346
-12.7072,24.4741,0.05
7.95113,24.5937,0.05
-7.36958,14.5434,0.0863579
2.19594,14.8563,0.0695744
12.1826,1.10602,0.0954835
0.795752,20.6164,0.072022
-5.67058,13.7816,0.0847714
4.93448,14.9476,0.0919521
8.7301,14.6083,0.116256
-9.17203,22.5911,0.124803
-12.3399,16.1438,0.0711932
-12.2095,0.460367,0.0755691
-1.62496,23.1663,0.05
3.82071,28.2449,0.05
1.84636,20.4477,0.0713318
13.2633,11.329,0.05
-1.05638,3.40273,0.0606671
-1.39934,23.7654,0.0852976
-6.70308,29.9603,0.05
-7.59512,0.897238,0.0548337
14.8123,29.2092,0.0878541
1.22364,0.80527,0.05
13.113,28.246,0.105912
13.6009,25.9148,0.0924634
6.34455,7.3999,0.0748509
-3.26677,8.975,0.112842
-2.78,2.56963,0.0663583
-9.61067,3.21902,0.0745028
9.51527,6.27846,0.0612452
9.79517,15.4898,0.068787
2.13194,20.791,0.05
-2.94057,23.0196,0.0650583
9.25653,8.80479,0.0862786
-14.7698,1.71548,0.0866392
8.49498,26.2219,0.106881
-0.457314,5.96657,0.0594588
2.42649,24.8336,0.0696256
-8.67655,7.52857,0.0690596
0.221924,28.6875,0.0714313
11.1596,5.94295,0.0625637
-12.9969,14.5818,0.0839659
-6.05317,6.03275,0.0774926
-1.60677,12.1135,0.0566175
-8.15496,6.2311,0.0792824
11.7973,4.91336,0.106232
-13.3245,4.31162,0.05
-6.23596,12.3579,0.0659143
4.97318,1.30952,0.05
3.34343,24.3856,0.0604091
-6.5,2.0653,0.118493
-11.0119,29.4356,0.0642972
0.212379,20.9571,0.140628
-0.536146,20.768,0.128691
-4.03971,8.05802,0.108578
-0.866092,13.1293,0.0631242
8.22026,21.0664,0.0842726
14.1494,28.8146,0.133418
5.35375,8.35702,0.0505589
-8.35998,15.0004,0.0676775
-5.87226,2.71411,0.05
-13.3186,0.506702,0.0842582
-5.76412,7.17789,0.0561106
2.53134,8.58435,0.150082
3.2798,0.939707,0.05
9.51222,10.9775,0.0632795
2.74425,5.63704,0.0773138
7.93259,19.9717,0.0510336
-14.4233,24.2782,0.0514459
13.6638,10.4872,0.0657544
-14.0289,29.8261,0.0699766
-11.6642,27.4486,0.0711901
12.9316,9.26109,0.098999
3.0479,14.3711,0.05
4.78312,27.5385,0.124348
7.62139,14.9098,0.053407
1.64119,28.3611,0.108863
2.85339,19.6912,0.0514975
2.78167,16.8738,0.0794838
14.2447,25.5244,0.0762349
-3.11531,14.6342,0.110855
-7.10782,26.6412,0.0836509
14.9061,16.1515,0.0939244
1.47594,27.5525,0.0588432
8.30618,2.07705,0.0947427
-10.5807,22.4944,0.0528126
-6.35547,16.4117,0.05
5.595,28.8928,0.114323
-9.74436,15.3359,0.0544424
-6.02308,21.3957,0.0746888
7.31848,26.9907,0.05
-1.18925,10.4963,0.0890689
-9.26813,3.22675,0.0833318
2.77645,23.9706,0.0751678
-14.2756,13.5193,0.0914949
14.9225,16.664,0.0775189
-6.4612,26.4042,0.0568639
3.30318,25.332,0.0890253
-14.2912,25.7842,0.082945
11.5475,18.5819,0.0749372
-2.57878,28.2157,0.0681204
-1.01522,21.3984,0.05
10.961,24.7456,0.087669
11.4195,17.1626,0.0918714
-0.680854,4.77706,0.05
-12.1799,21.8525,0.0637268
-11.2162,26.2883,0.0701436
1.01531,16.7627,0.0949792
-2.35324,17.9782,0.0684072
9.02124,13.748,0.0535471
-4.64771,8.3728,0.0723826
9.15245,7.96044,0.0575262
-1.01178,4.10076,0.0981287
8.74982,26.1541,0.05
-6.11361,24.1012,0.0703901
13.6014,2.51128,0.0690761
2.53146,29.497,0.0828579
8.32005,19.5793,0.0792672
10.5003,22.7187,0.0849642
-12.6213,15.7479,0.05
11.5253,9.34415,0.0877166
6.12474,22.2468,0.0710432
-14.3082,24.2386,0.0702475
9.93596,0.484233,0.0646304
-7.08109,3.09777,0.0634284
-13.0595,7.24563,0.0541679
-3.26675,0.352122,0.111249
-11.58,0.928217,0.087925
3.09371,4.02689,0.104182
-14.258,5.30915,0.0836052
-11.7466,12.6993,0.0505454
9.38648,12.9294,0.0551633
2.32926,7.9435,0.0502411
-12.0736,15.9824,0.05
9.50035,28.2327,0.0527877
7.3772,13.9223,0.0514326
4.47391,5.10408,0.0958936
7.24726,7.00511,0.109635
10.2248,21.7662,0.0775697
-11.5479,2.62012,0.0956338
-2.24107,5.68117,0.05
-6.15362,24.3269,0.109846
-8.41524,19.1826,0.0839074
12.164,10.5703,0.0997648
-6.76268,24.2211,0.0912387
12.4407,17.0764,0.107586
-11.5513,25.8422,0.0965838
7.61774,6.65282,0.0662234
14.5005,21.9108,0.0713462
-9.57504,16.3311,0.116579
9.01976,5.72291,0.0821041
8.61057,15.3126,0.077714
8.56889,1.09287,0.058023
8.66167,14.2661,0.10299
-6.89913,19.3454,0.102491
5.08975,25.0832,0.05
14.0434,16.516,0.0680799
14.5913,25.1971,0.0765708
5.72973,11.4204,0.0860411
9.04985,19.3283,0.0543873
1.18901,10.7881,0.05
-1.01126,15.9461,0.103744
-14.2441,11.4338,0.0785824
-7.15951,7.93152,0.101344
-14.6349,10.0375,0.102392
3.00715,1.5676,0.0809369
-12.8903,24.6378,0.0646948
13.7824,15.3365,0.05
-7.39442,27.9549,0.0675076
5.57922,21.6144,0.0714886
13.8869,19.3357,0.0813753
-6.13428,18.674,0.0794057
5.93898,21.9671,0.0560388
-4.35223,3.0124,0.0803969
-13.1475,8.40493,0.0624302
1.46751,26.3202,0.0641593
-2.55918,18.7095,0.0591735
6.10705,26.2455,0.0723806
-8.04119,13.3096,0.0670693
6.8996,5.88621,0.111034
7.21518,2.601,0.05
1.20125,5.83335,0.0987327
4.74429,24.4675,0.0816841
6.22069,15.6071,0.05
-12.5707,15.5585,0.0573943
-3.15756,26.0963,0.116707
0.00282268,26.5832,0.05
-4.94198,13.4348,0.0701714
-11.0933,28.5678,0.05
1.88753,5.72557,0.134187
3.55813,26.3399,0.0987885
5.93562,8.85478,0.0702907
5.11609,16.8277,0.0755311
4.70053,27.7668,0.05
5.10502,1.34704,0.0870758
10.8184,0.175346,0.0838792
-5.71742,18.539,0.100857
-9.7418,19.9188,0.05
-6.51248,11.8499,0.0596091
1.83978,12.3762,0.10012
0.790747,13.3814,0.0906309
13.1246,12.9721,0.0784753
13.7518,19.778,0.0733051
14.061,21.8952,0.0931494
-5.33113,1.2869,0.0587234
1.03398,16.9645,0.078589
-9.29713,24.1832,0.05
0.640979,9.70818,0.0629544
-13.6236,11.2739,0.0979829
4.79657,16.5036,0.0854097
-10.3243,23.0513,0.0811842
-10.7881,18.9004,0.0612055
1.72876,15.3563,0.076492
12.1169,27.6717,0.05
-7.78397,0.965864,0.143577
2.26195,10.2663,0.0582696
4.64939,22.492,0.122068
-11.5445,16.509,0.115828
0.0740843,21.7716,0.0969577
-7.60043,18.0639,0.0506857
-4.19763,11.111,0.132803
-3.13443,2.5628,0.0731699
2.44479,2.87311,0.118151
-8.8198,22.2815,0.05
13.0863,20.0128,0.0885748
-0.544965,6.3816,0.05
6.92289,14.6666,0.05
3.8051,16.6646,0.0654332
4.92726,19.1259,0.0927605
6.71373,3.38891,0.115586
2.71037,5.06622,0.05
6.70474,28.0425,0.0675589
1.09899,19.1843,0.0798105
-8.88467,8.45862,0.05
-8.30747,27.6449,0.0706005
1.10474,8.07817,0.068356
-8.98918,6.89422,0.0541605
-7.17606,10.1446,0.111795
12.0729,6.95557,0.05
-7.08744,2.02462,0.05
-10.8187,15.5661,0.071855
13.758,3.93141,0.0809591
-10.2591,1.73031,0.0871628
-12.8023,2.39343,0.0750543
-8.57224,25.5312,0.0760446
-6.51008,7.61431,0.05
10.2683,24.661,0.113979
14.7187,25.5827,0.0970862
-6.45988,4.10135,0.0967696
-9.13245,6.11875,0.0931863
-9.49199,7.53476,0.0770233
-9.59838,4.03655,0.0924912
7.79011,27.5284,0.0991095
9.03675,12.5181,0.073336
0.336303,17.9611,0.0961182
-14.2719,17.4166,0.0626009
-5.98784,6.43832,0.0625365
11.8843,12.1732,0.0779762
-0.279252,25.6901,0.0694004
-11.6484,29.1323,0.09748
-10.8492,24.1519,0.05
-13.4883,29.9726,0.0769744
14.3652,16.0791,0.0793491
12.8294,4.80832,0.0916473
-9.57324,21.2078,0.0576843
-0.29512,2.53161,0.10394
-13.8339,7.74011,0.0612743
-2.67175,5.14685,0.0563067
-13.7693,12.8804,0.066035
11.5966,23.7517,0.07934
-5.66048,29.272,0.0673514
14.2687,14.5893,0.0715982
10.7685,15.6878,0.115964
9.93387,20.8061,0.0741835
-13.6622,17.1785,0.05
4.68893,28.012,0.0695751
14.9161,8.71567,0.0838617
6.44061,25.5458,0.0780079
8.40435,16.2003,0.060701
3.87653,9.8208,0.112621
4.1657,26.5869,0.0805937
2.89092,10.459,0.069852
-13.8298,0.81236,0.0565829
-10.547,2.86908,0.119983
3.57749,24.7653,0.061718
-8.65144,23.078,0.0706812
-3.83963,4.26354,0.0694795
12.0428,7.53956,0.0991706
-8.78887,8.55234,0.0840173
8.98601,19.6877,0.0556929
11.5908,5.61997,0.05
-10.3862,4.93161,0.06659
5.2199,13.4249,0.106795
1.26733,8.47739,0.0716356
5.81284,11.9079,0.0579655
-3.36649,21.5175,0.109986
9.86407,7.11537,0.0657136
7.91759,25.912,0.0571349
0.297847,28.4436,0.064095
-4.66351,22.1714,0.106033
-7.91814,15.9443,0.054717
-14.9011,15.0207,0.05
11.3406,21.3351,0.100225
-2.80721,18.286,0.0819155
10.3644,8.01946,0.100981
-9.06077,2.19674,0.05
1.29794,9.28103,0.0752947
3.63777,1.43966,0.101478
12.4397,19.0327,0.0519869
14.4771,9.34892,0.0713295
2.18567,26.7461,0.05
-1.95124,15.5906,0.0831236
-8.755,14.7407,0.0565616
3.98687,25.9545,0.0985965
7.74098,19.8638,0.0866645
-8.90934,6.63677,0.05
6.28318,15.8766,0.111234
-6.04086,28.1754,0.0741374
-11.8803,25.0552,0.0776647
-7.85944,24.4057,0.0554787
4.29973,29.9938,0.0617287
-13.4688,14.9157,0.120297
12.6922,16.2558,0.107065
-3.72763,14.8917,0.113567
-2.07922,23.7394,0.0633359
1.62984,10.0633,0.0720265
-7.65997,0.763717,0.0936024
8.3374,5.47724,0.0896467
12.1837,10.1027,0.0857212
1.44536,5.42124,0.05
-4.85025,26.2472,0.0572808
11.3933,22.2856,0.0596467
-1.12313,12.941,0.0896783
-11.7005,5.87538,0.0666679
-10.0864,13.816,0.05
12.2608,8.24888,0.05
6.04343,3.66292,0.0644595
-6.70774,8.18323,0.0587477
-3.37833,22.1071,0.0938715
10.5605,17.7172,0.05
-10.6418,3.88749,0.0513835
7.76084,28.9939,0.0682355
-0.774419,10.7508,0.0632343
-6.64811,8.92753,0.0897349
-0.313679,10.7159,0.102324
4.54745,17.199,0.0841973
-2.06755,29.9192,0.0926733
-1.46756,1.97007,0.0693641
3.75561,22.9242,0.0834427
9.62204,11.8913,0.0783225
-1.19667,28.9559,0.0935536
-6.47893,23.0229,0.0917017
6.12112,5.34812,0.0649951
10.6294,0.907064,0.0648516
6.4906,17.2598,0.0785777
-7.94636,23.2317,0.05
-8.01322,4.10001,0.092306
-6.37746,9.86047,0.0798071
4.4875,19.2393,0.143552
4.25496,20.532,0.0684692
11.5483,28.3458,0.0547978
-8.45421,2.63678,0.0818233
-5.80908,26.1905,0.0630964
11.9157,28.9025,0.065369
5.36498,18.9747,0.091453
8.61026,0.764081,0.0700024
3.84736,15.2804,0.0848254
9.12522,19.7437,0.0942406
-7.60531,10.8758,0.05
-6.01828,11.2917,0.0859579
13.9372,1.31936,0.054976
-11.7784,16.5549,0.0694149
14.0382,26.6358,0.0530869
2.49881,28.3595,0.0649113
10.6204,18.684,0.0503825
-1.6371,20.2341,0.0602077
-2.51673,22.2369,0.0705718
13.8107,22.0763,0.0715186
5.77061,1.50131,0.107335
0.24673,27.1329,0.0924657
-11.8704,26.3124,0.0679482
-13.7085,2.17931,0.05
5.61139,24.9874,0.05
-1.57744,13.1829,0.0934318
-12.5655,26.0178,0.0718353
-7.36482,28.5698,0.0554439
7.65956,26.6487,0.0714697
7.52293,12.2564,0.0880187
-0.0780763,24.5826,0.0501532
-14.0737,8.81472,0.0830001
7.05605,9.49581,0.123753
1.46643,1.88975,0.116945
14.3721,24.3766,0.0908036
-8.93758,23.0053,0.0583776
8.39121,12.07,0.0641033
-7.62145,13.0206,0.066224
-14.4493,22.3735,0.0893643
-14.1607,18.102,0.05
4.1194,6.04867,0.137702
5.83574,1.23917,0.0670522
-7.49936,28.6284,0.0912435
-0.554415,29.7334,0.0803404
-12.0022,27.2237,0.103695
-14.6508,6.60197,0.0793379
11.6756,2.02732,0.0858893
0.649713,13.9523,0.0689784
-6.03004,4.81852,0.121866
-7.0177,6.55035,0.0882653
8.64529,3.60649,0.0875029
0.871822,13.6329,0.0504534
0.732154,25.9856,0.109105
10.8684,5.74974,0.0703291
-0.753241,15.6264,0.0791035
5.17503,4.61462,0.0669896
2.60652,2.6283,0.0881098
-12.4388,11.4391,0.0851077
-11.9508,18.6991,0.05
-8.5434,28.5585,0.0881522
5.02024,16.0038,0.1212
6.56442,28.6494,0.05
3.57779,21.5305,0.0518522
-3.64085,12.6393,0.0832002
-7.01989,1.8083,0.0892613
14.5204,1.39185,0.05
-3.83027,13.7789,0.0759492
8.34081,27.9694,0.0860573
10.6105,18.7988,0.0647925
11.0811,13.5248,0.10782
11.37,26.1394,0.0954007
11.1764,28.5394,0.0890905
-14.1587,21.0271,0.065287
-10.3691,14.2763,0.0687543
-9.30594,16.1315,0.05
7.51512,0.0760343,0.076057
7.67321,25.9581,0.0805246
-12.4565,22.6487,0.0509834
7.77879,17.3083,0.10557
-0.706383,10.2795,0.0849549
4.28439,6.17348,0.0691786
5.6884,18.7883,0.0973716
-10.608,19.6909,0.0762125
-2.91224,23.1406,0.0591731
6.68457,12.8695,0.0642011
0.532101,0.178691,0.0772374
5.20685,6.4053,0.106538
2.28239,4.79755,0.0645969
10.6268,12.7057,0.05
8.81377,0.702718,0.142584
-12.0665,12.1692,0.0569089
-3.74091,21.5436,0.105846
-14.8131,20.6597,0.0508363
10.7651,15.3324,0.065206
1.76367,9.34041,0.0683136
-2.35223,25.6632,0.0910165
-4.70638,23.0481,0.05
2.3599,15.2496,0.0977884
8.56562,2.86998,0.109762
-2.09369,2.48116,0.108208
-7.89065,18.1941,0.120335
-12.4067,25.81,0.0582736
4.60433,28.1704,0.0576998
9.13984,8.27217,0.0524593
3.37434,15.8473,0.0570844
7.18756,28.1757,0.0836536
-3.28972,22.7627,0.0740999
4.76038,2.07709,0.05
-13.1953,25.1606,0.092247
1.90769,8.95017,0.126516
-7.97612,0.989034,0.05
3.85894,23.6629,0.0940762
-3.45946,10.2367,0.0529916
1.335,16.5047,0.0551221
10.1184,6.07762,0.0583531
-14.4975,18.8628,0.05
-0.0311923,23.8807,0.0964099
-0.207928,17.6505,0.0605528
-13.8878,11.0143,0.0624104
0.0101037,12.5803,0.0828386
4.20113,12.8781,0.0966819
-6.11119,14.2585,0.076274
7.31368,27.1818,0.0746392
5.8035,9.26596,0.0700767
-11.5529,9.18144,0.0537141
-11.8436,0.861954,0.05
0.680437,19.4809,0.119679
9.00702,7.57373,0.0725143
12.2314,5.69681,0.0658207
1.98382,29.8926,0.106969
-3.47083,10.8509,0.0653882
-3.02883,26.6025,0.10089
-5.81605,16.2321,0.11266
11.3261,5.13171,0.05
-4.51753,20.7543,0.0677554
12.1544,24.6307,0.0736571
13.4088,28.0866,0.0718251
-11.3806,6.38136,0.05
4.85116,28.3838,0.05
1.91063,2.57792,0.059829
-10.6092,22.7536,0.100361
6.12801,28.7171,0.0783128
10.5981,27.4724,0.0600171
4.52695,18.2796,0.0931154
9.34118,4.8102,0.0657
-13.7112,18.9364,0.104591
-0.671899,16.3422,0.0889083
2.53853,20.9162,0.0835994
5.65038,9.98662,0.0809559
12.0099,10.1535,0.05
-2.69643,25.695,0.05
-2.11859,28.1821,0.0724988
11.0655,15.3015,0.05
10.8743,11.6368,0.0871949
5.29555,12.6344,0.0942847
10.2369,10.605,0.0849145
3.54926,7.78835,0.0682577
-12.8171,9.42652,0.127749
14.9149,3.13477,0.0850743
10.5064,29.9664,0.0863788
6.64969,25.049,0.05
14.8541,27.3948,0.062326
12.7032,27.3309,0.0733736
8.6407,3.2838,0.0585639
-14.2227,21.2683,0.0751236
-2.89205,27.9209,0.0772804
14.0535,16.0748,0.0795113
1.0429,11.2282,0.10096
-6.83418,23.0352,0.0672085
0.068544,16.9825,0.0860451
1.59121,29.4652,0.104634
13.0077,19.0488,0.0960625
7.00365,29.3338,0.05
7.11912,22.4425,0.0701443
-12.4729,22.5207,0.0780703
-12.816,9.95421,0.05
6.46472,22.4006,0.108951
0.893595,29.3356,0.105775
-12.0967,12.86,0.104819
11.5542,27.3822,0.081071
6.52362,24.5456,0.0883051
0.169117,20.6329,0.0949248
-4.53685,10.9241,0.0840826
1.39622,13.3276,0.0982075
4.93292,6.89912,0.0723303
-14.2536,23.8629,0.057189
-0.466228,24.052,0.0713623
2.02937,1.0873,0.05
14.3104,10.6884,0.109369
-14.484,18.2187,0.0719936
7.1902,5.00542,0.0704736
10.2285,21.2527,0.0968185
-12.289,3.46911,0.0533887
-5.67752,21.4527,0.0760205
11.9931,10.6264,0.0800545
-13.556,21.1278,0.0629029
-11.5692,20.1296,0.0716914
-9.83196,27.8409,0.0748918
3.73825,6.45727,0.108991
10.475,11.2659,0.0713036
4.55051,25.5792,0.0711276
7.04461,13.7976,0.0556425
-13.7168,14.7001,0.05
2.25136,11.9667,0.146812
9.39651,23.7929,0.103385
9.70697,12.0444,0.0873536
-11.3275,5.28913,0.0897765
-1.58149,14.9274,0.0619586
6.90703,17.6167,0.0811921
10.5457,17.0011,0.106853
1.09346,9.58292,0.111107
8.94294,22.6982,0.05
7.55825,4.02133,0.107195
-0.380577,4.68136,0.0870247
0.426927,11.9078,0.124167
12.7865,20.2116,0.137929
-12.3446,24.031,0.0614674
-0.438182,22.1981,0.0689956
14.95,9.2289,0.05
3.19432,24.1742,0.0783794
-7.27545,10.6993,0.0642519
-3.1407,20.6374,0.0708753
-5.9323,0.98769,0.0856773
-6.38198,20.3136,0.0858806
9.10714,18.1233,0.0907056
12.0148,20.3777,0.0834164
0.742431,4.78473,0.0784863
11.8602,26.9057,0.0630757
-9.40241,5.83201,0.0717933
-11.877,15.5417,0.0923379
-0.579241,29.1115,0.05
-9.4515,27.73,0.0745984
1.28107,9.95565,0.0877693
-10.4201,26.1267,0.0808623
13.0572,10.0859,0.0826305
-2.14983,29.7393,0.100825
-2.85406,9.25151,0.0587342
-10.1598,13.6941,0.0922713
5.48661,19.4179,0.0518691
9.62256,11.0031,0.05
11.4965,21.2436,0.0805036
4.32389,18.2943,0.0901371
5.47026,16.1092,0.102587
-11.0413,29.0339,0.0724554
1.00052,8.70039,0.105313
10.0832,10.5745,0.0717535
11.6849,11.8838,0.0655712
-1.07334,11.4485,0.100639
-11.3709,9.26897,0.0815066
0.713265,25.5836,0.05
9.35463,19.438,0.0674008
5.70174,20.1604,0.081535
-1.60115,0.472737,0.0548692
9.77222,18.3115,0.05
-0.349756,22.8376,0.074291
4.51439,15.6357,0.0785047
-11.4561,1.16039,0.119
8.38136,0.69498,0.05
7.37598,16.7866,0.0679482
-6.59384,19.4103,0.0936039
-7.21943,9.75758,0.0859677
0.760165,21.3335,0.0797837
-0.359409,21.139,0.0568307
-12.1497,1.31392,0.0795895
4.77807,13.6735,0.106694
-4.13529,6.20609,0.0939648
-10.6068,9.01666,0.0586476
9.05888,14.2115,0.0539413
-1.32657,12.4904,0.05
-1.51799,12.6909,0.0813608
7.79005,0.892482,0.0668542
9.13082,6.32419,0.063265
-11.6874,20.1585,0.05
-1.24953,22.7763,0.0703259
3.11358,20.9441,0.0705873
-10.2191,10.5753,0.0545674
1.04472,10.1587,0.0957091
-4.07778,9.1654,0.05
13.3906,21.7182,0.0731768
9.66451,28.0042,0.0986463
-5.3636,27.4274,0.0969998
13.0223,11.6568,0.0749854
-4.75478,18.319,0.0637899
7.22164,18.9061,0.105099
11.9264,5.20241,0.127817
14.8909,6.20452,0.109102
-4.02356,19.7613,0.0650027
-2.67781,1.61836,0.0789198
8.64729,12.6216,0.05
14.6827,20.2693,0.115049
-12.0317,2.57496,0.0519341
10.2761,9.60698,0.0970316
-2.00892,11.0324,0.05
-5.46839,28.8913,0.136441
9.68011,11.5992,0.0844207
9.23065,1.15836,0.0738629
14.7155,20.0855,0.0716529
-10.1666,9.6766,0.107491
-5.95879,9.54637,0.05
-2.83675,4.36852,0.0881457
7.01478,21.5834,0.0692544
-8.33607,29.6761,0.0947141
5.88574,17.0995,0.101292
9.71347,18.0704,0.0870815
-14.8528,28.7265,0.0510976
13.6602,23.6103,0.0687915
14.4267,24.8101,0.112561
-5.55066,28.2367,0.05
1.45775,0.0512081,0.0512082
11.8175,9.56845,0.05
12.6456,12.4286,0.0949626
13.9825,6.31093,0.0770698
8.51824,13.4511,0.0650521
13.8098,12.663,0.05
0.309603,16.9633,0.05
-14.4521,28.5497,0.097734
-10.7057,9.34547,0.057533
6.7127,28.9257,0.0662009
-9.11104,5.07075,0.0859671
6.52208,1.20576,0.070108
6.60767,12.423,0.082918
10.9182,5.20629,0.05
-7.17882,27.6608,0.103897
-13.0404,22.1966,0.106691
-9.38835,20.4024,0.0830482
4.84398,3.71551,0.0676369
-1.51698,14.6346,0.0663819
-6.22079,28.6522,0.0628944
-7.48464,24.2835,0.079464
-0.162459,24.2497,0.05
12.7135,16.517,0.0554394
0.681655,11.0112,0.10134
-6.53866,1.39396,0.0616284
-13.6551,19.1857,0.0751213
-7.98285,1.67436,0.0759239
-4.22926,25.0068,0.124526
10.4951,13.3444,0.05
14.8539,18.4448,0.0563111
1.30288,20.0201,0.065764
13.8751,5.99409,0.05
-9.40382,26.1035,0.0957869
-4.19868,21.337,0.0523709
-2.9591,25.7836,0.05
7.96772,11.9052,0.0706177
-1.89247,10.9783,0.0783876
-8.34544,19.8276,0.0807451
2.2897,2.74575,0.0717086
13.4424,2.80422,0.0733823
-6.92331,18.2908,0.05
-14.6842,12.9506,0.116173
0.912553,21.2583,0.0595553
11.4912,23.4497,0.0718158
-5.54445,12.4065,0.0843301
-8.06993,9.18518,0.0895884
-10.7177,15.897,0.0899712
11.2986,11.3079,0.0620272
-13.8391,18.2643,0.0734918
2.24577,29.7432,0.0513835
-11.9364,29.6648,0.136405
0.173862,19.3662,0.05
7.45337,11.2056,0.108014
8.75039,29.3379,0.125793
10.3211,7.13417,0.0749113
8.37216,19.7809,0.0798886
-7.12446,9.10064,0.0732886
-10.2175,12.4861,0.0735958
-9.49131,8.82629,0.0776492
-9.80999,8.70847,0.102803
-14.0476,18.55,0.070709
1.31318,14.6526,0.05
6.32506,14.7859,0.05
-11.1305,2.64132,0.0839102
2.84727,0.315325,0.104067
1.70511,24.4773,0.0641717
6.55765,17.6414,0.06569
-14.2078,15.3646,0.0613599
6.83988,24.0066,0.0684365
-1.50634,9.56203,0.089014
9.46825,13.2307,0.0810166
-1.8251,8.99789,0.061588
-5.89802,25.2848,0.0945884
-2.69662,17.5533,0.05
-7.46161,21.2908,0.104212
12.714,19.7011,0.0721708
-4.7947,19.0588,0.0636929
-9.16717,0.0766055,0.0766104
-13.0099,0.26344,0.0604632
-1.8936,4.11978,0.11088
-7.48812,5.26059,0.0778225
-2.94766,21.635,0.0852813
-10.3324,26.7287,0.0990678
14.3463,0.406332,0.0863054
-6.22946,9.03424,0.0827312
14.2536,26.565,0.109671
0.82841,24.5572,0.05
-10.9823,21.1623,0.05
2.43684,6.02719,0.0885291
-8.50448,11.1839,0.062162
-6.44009,17.6951,0.101655
13.7491,11.4133,0.0607391
8.54117,21.3644,0.0890449
-1.35628,29.1056,0.108381
-1.04666,9.08241,0.0820799
10.0476,14.3751,0.106014
-4.31653,8.14492,0.0670035
10.5325,20.2073,0.0589653
13.9018,27.6822,0.0753518
-8.87786,22.9097,0.0543519
-12.4209,0.416402,0.05
-3.26943,0.992078,0.103081
-4.74891,6.27736,0.05
7.91447,14.889,0.0873549
7.52097,0.839913,0.0518353
11.1637,1.88305,0.0928753
14.7766,20.4441,0.0832939
-14.2869,8.92066,0.05
10.5471,29.4906,0.0672185
6.77789,29.0468,0.0712678
5.56975,10.9611,0.0975323
7.0612,26.7042,0.0704117
-14.2016,28.1285,0.05
14.7797,19.3755,0.05
9.33448,2.4677,0.058404
10.1167,20.1252,0.0710549
11.5292,16.6465,0.079873
-4.24373,12.0856,0.0909983
5.18768,26.963,0.0692492
11.1147,20.5085,0.104511
-11.4239,22.5835,0.0840387
5.34878,20.2503,0.0981488
3.52539,21.4256,0.065441
4.31429,15.3375,0.0780985
-3.11711,23.4501,0.10315
-8.36506,14.6905,0.0769109
-14.0487,3.75325,0.0812759
8.13006,21.5483,0.0949174
11.3609,12.6489,0.0772355
5.96204,29.0328,0.0948777
5.1005,25.3515,0.0572705
-12.4992,21.6877,0.123955
-2.28773,13.9102,0.0582098
6.49664,16.1307,0.0776796
-9.32758,19.1034,0.0802598
12.8118,10.796,0.09487
10.1666,9.91822,0.100558
1.45917,12.1295,0.0788805
-14.8911,25.5345,0.108898
10.0385,16.8521,0.0649124
3.70128,16.43,0.0956459
5.63292,15.2942,0.05
-6.49078,25.9105,0.0598671
0.76992,17.8191,0.0634771
10.7167,18.2844,0.05
7.69658,6.25828,0.0986359
-3.28197,20.3283,0.0586558
-3.64813,25.5608,0.114183
2.82047,27.2478,0.0967471
-1.23433,3.31483,0.108028
-13.2181,11.8616,0.0980123
-8.63179,5.53503,0.106122
-9.46414,2.94528,0.05
14.8596,23.1553,0.05
-5.78776,19.4992,0.0518151
9.81322,8.48085,0.0907164
-9.81068,0.255488,0.05
-0.369461,15.385,0.100247
0.0444311,29.6089,0.074931
4.07244,5.3804,0.0524187
-2.31552,7.22636,0.05
9.61204,23.5874,0.0949131
-12.2676,23.2168,0.0680339
4.1326,15.3225,0.104214
-8.36884,13.2282,0.0539691
-13.5747,17.1106,0.0606522
4.76306,24.6224,0.074386
-10.4908,18.587,0.056823
10.4958,2.51337,0.05
-9.50523,0.871652,0.05
12.2651,26.5092,0.137392
-12.0002,2.07323,0.082
-0.521237,26.2982,0.05
8.30576,6.36723,0.0533076
-10.6169,22.5961,0.0550695
-6.02123,16.8095,0.09431
11.9437,13.4343,0.0630868
5.57127,18.1063,0.126721
-8.73694,22.2255,0.05
7.07914,19.592,0.05
-12.0978,5.18896,0.0955923
-13.6938,24.3079,0.0713646
7.94599,10.8788,0.0849159
-11.862,1.47327,0.111967
10.5581,13.4366,0.0616901
10.6613,23.5358,0.110453
-10.4529,21.7697,0.0763453
8.64685,21.1867,0.117734
-1.83863,1.2956,0.117375
4.006,8.09737,0.140363
-6.22036,13.5057,0.0692922
-8.37955,20.7876,0.105762
3.95191,16.9504,0.125958
-11.2555,11.2783,0.102317
10.1159,1.57329,0.0725634
10.0613,24.2764,0.148724
6.12201,0.358649,0.0733587
2.64512,17.5263,0.131286
-9.94487,3.60675,0.0823633
10.0473,12.0231,0.0752323
11.9426,14.5408,0.0639036
-0.643164,9.42806,0.060774
-5.35353,1.70605,0.05
3.85776,15.4148,0.05
-10.7769,14.2982,0.0701827
0.020893,3.45342,0.0662891
13.1877,20.1351,0.0702833
-11.4146,14.9642,0.0532117
-13.8749,26.2041,0.05
5.742,20.0003,0.0835695
5.37873,27.711,0.0507408
13.2911,19.6074,0.124677
14.5285,0.750339,0.0880695
7.90177,28.0432,0.0791431
-9.09287,26.241,0.0806691
-14.9111,1.31863,0.0888744
2.9668,27.8557,0.103612
14.7443,15.4862,0.0644372
-5.18307,6.78693,0.05
5.45976,6.01214,0.0926826
14.7236,5.39256,0.0872241
13.7358,4.88463,0.0808258
-4.6761,15.4428,0.0832858
1.51584,7.48588,0.0968239
8.3937,7.62016,0.05
-1.11713,28.4416,0.0874398
-3.47002,22.8143,0.0953682
-3.71564,6.26209,0.0632865
-3.41073,13.8307,0.0767481
0.497231,0.677297,0.078962
-9.2651,29.0143,0.0921417
-2.58415,27.5272,0.0721871
4.79619,15.0632,0.0882889
-12.7378,11.4987,0.0944744
2.26326,2.8783,0.0634642
5.13575,0.759723,0.0885225
-8.46176,11.599,0.0511461
7.73694,2.57123,0.121805
12.5263,8.89964,0.0701862
10.3571,9.27456,0.106178
5.5458,5.68625,0.0513121
13.2803,27.7523,0.0622913
-7.31499,13.4765,0.05
11.1418,1.69627,0.0890493
-11.4767,9.62985,0.0865315
-6.66565,27.4578,0.0852683
7.7367,24.748,0.095386
10.7532,9.94283,0.0709271
-4.70161,22.5173,0.0757292
-7.26865,14.1745,0.0582401
9.1801,22.8061,0.103365
-12.5572,15.2396,0.113526
5.24953,22.7075,0.0526533
9.79059,10.6099,0.05
6.3687,24.3506,0.070208
9.08285,13.1684,0.0574715
10.0582,24.5491,0.123966
11.7422,20.2628,0.0549625
5.2566,1.42093,0.081575
5.44469,11.283,0.05
4.847,15.5316,0.0594037
7.51954,13.0544,0.0715263
7.35915,27.3045,0.0562085
-8.32434,28.688,0.0661556
-8.20154,0.77997,0.05
13.6409,3.58795,0.0700319
-13.9166,16.7273,0.0915399
0.315203,7.85887,0.072593
-6.12987,28.3177,0.0916204
2.59784,10.6122,0.05
-5.76283,11.0605,0.0722732
-6.6496,19.5426,0.05
-5.91445,13.6414,0.0603409
6.6846,4.61629,0.05
12.9025,3.54937,0.0739448
2.01151,22.9218,0.05
-11.2094,16.5453,0.0659179
-12.2244,1.78353,0.0679212
8.74861,29.6552,0.105759
11.2944,3.17192,0.05
13.9322,9.50578,0.05
3.78254,5.90429,0.0732978
-8.28833,23.1435,0.088618
-14.6472,1.15485,0.106161
12.9088,26.285,0.101563
2.0047,5.89484,0.0716877
-6.41212,27.8103,0.0930216
-13.8548,11.6842,0.0865587
-3.07136,22.2465,0.0540007
-14.5027,25.8953,0.0836627
-14.3675,15.8762,0.0828323
-3.09892,19.2782,0.0778163
0.17176,2.74995,0.0600235
3.61564,3.0905,0.125995
14.4649,28.5167,0.0950196
9.818,8.94648,0.0613845
4.26812,1.79681,0.117158
1.13105,4.95682,0.0690656
6.35508,15.3383,0.115538
-11.9396,25.1938,0.0731361
-13.7018,16.0335,0.0562365
-4.4304,11.2439,0.0803792
11.154,17.6446,0.05
13.272,1.87621,0.05
-6.27507,9.77651,0.0526156
8.41516,17.1527,0.0714735
-0.524386,6.91737,0.0862798
-10.7711,23.9404,0.05
11.2313,19.2856,0.10408
-9.00063,21.2032,0.0799021
-2.48983,5.36342,0.0766934
-5.26033,27.2718,0.0897396
-4.72458,26.601,0.0814764
-14.1849,28.4459,0.08986
-8.61774,17.0192,0.0624222
13.2436,29.2713,0.111829
0.952513,1.46423,0.10012
-2.34841,1.77303,0.077426
3.76541,5.57922,0.0655757
-10.6741,11.3154,0.103413
-6.67225,8.55574,0.0766281
7.90842,27.2976,0.142957
9.06795,19.5772,0.0817816
4.78053,6.74041,0.109837
-9.89231,4.70338,0.08233
3.86562,26.885,0.0564887
-13.2806,13.6102,0.0954185
-1.77071,8.82578,0.11891
-7.07251,27.2867,0.104309
-7.01876,17.9775,0.0547307
11.5243,14.4806,0.105364
-12.5491,7.69336,0.0877318
-14.5416,23.2536,0.119102
-12.2689,15.5868,0.0991596
14.7163,22.7312,0.05
8.58326,6.66721,0.0520832
-0.300577,9.01852,0.0907583
-4.32136,18.0532,0.0892476
-7.70268,15.9086,0.0617168
4.41895,1.44752,0.0630191
13.9916,7.27111,0.0645471
-10.3442,11.6636,0.0597057
4.49928,28.4896,0.102058
-3.90859,29.5339,0.0525214
-13.3701,11.142,0.0927807
-8.18277,1.10278,0.05
-8.85375,9.64286,0.0949986
-12.9299,7.59349,0.0888567
-3.37697,14.0298,0.0733768
-11.307,16.0408,0.05
-5.22246,10.5574,0.0826359
-12.7808,18.9735,0.0986645
2.98057,21.1534,0.0813984
6.37815,19.5706,0.074444
11.9871,15.3195,0.05
-13.2693,3.6906,0.0717095
-10.8952,9.12372,0.0580539
6.54822,15.3652,0.0794575
6.36424,0.494691,0.05
12.486,2.96863,0.0850909
9.29757,27.3048,0.0622309
-12.0081,20.0721,0.0747355
11.0434,11.6682,0.0820255
3.04116,14.7508,0.0928739
-14.3325,12.8051,0.0617607
-8.90216,15.9186,0.0759724
-5.48072,24.4357,0.0901084
-6.56871,14.0762,0.0875036
0.546905,26.606,0.0746457
10.7698,19.9179,0.0756801
10.8837,10.7377,0.0988566
4.30574,14.4059,0.0701078
-11.5569,0.171126,0.05
-4.84386,18.9057,0.0971194
5.77438,23.094,0.0714129
2.42787,17.4727,0.0924687
14.4095,4.54658,0.0883044
8.0924,9.71107,0.0973455
4.6148,26.7018,0.0952221
-8.3839,18.6199,0.0639344
13.9997,24.2105,0.0637947
7.44439,0.565212,0.05
2.47278,23.8875,0.0824613
-13.1047,17.2885,0.05
-10.8357,10.9335,0.0529605
7.25103,4.60945,0.0887233
2.82849,19.3906,0.07522
-3.20967,28.1732,0.0953907
14.5831,18.5224,0.05
-1.70012,17.621,0.0693983
12.9727,16.7667,0.0883714
11.8164,21.284,0.0583391
11.4019,18.3275,0.056347
-1.65947,28.5045,0.0726416
9.77336,20.7238,0.105456
-9.26018,28.6971,0.106311
-10.5233,10.6054,0.121033
6.27805,21.8154,0.0760582
5.04269,12.8099,0.0909774
-14.5856,26.4517,0.093724
-6.2086,2.38975,0.0636
-12.0717,8.42349,0.0687175
-13.3552,3.20479,0.0577754
-9.93288,17.8491,0.0558648
-12.5476,6.45005,0.0795723
10.6218,16.8517,0.0607654
-12.8587,12.4955,0.05
-7.01728,7.00449,0.0691519
3.88931,13.1378,0.05
-4.39891,14.8844,0.0579375
1.04616,23.8705,0.0859653
-9.40162,27.5558,0.106571
-8.17468,24.9611,0.110489
0.205319,17.0252,0.05
-6.37474,28.2536,0.065439
-12.2993,21.4816,0.0552018
-8.13897,24.1045,0.05
11.2987,5.99787,0.0869538
11.1141,15.5941,0.05
3.59272,19.9342,0.0783837
-0.625233,20.9538,0.0521424
-3.79677,8.40871,0.05
12.4645,12.0754,0.05
3.49716,17.5247,0.104173
-10.9557,20.3515,0.113135
-13.0896,24.9891,0.0916209
1.25081,3.94079,0.107336
11.2764,16.4654,0.0771763
2.27471,8.79981,0.110133
5.10621,4.75873,0.05
9.26116,21.5957,0.0720471
-10.2278,0.603559,0.0510844
-0.495006,0.231699,0.104883
11.4934,13.3459,0.0690782
4.87952,7.93216,0.0839429
-13.497,4.73188,0.123324
-9.96216,1.66741,0.05
2.11485,14.2015,0.0910101
0.927608,29.5358,0.066357
-4.50805,4.41017,0.0522366
-6.08643,9.06378,0.0633235
12.6561,0.0823896,0.0742344
-6.9526,10.3536,0.0879423
12.8665,24.3193,0.12635
-11.9146,20.5243,0.121828
11.3681,12.3708,0.05
-1.81605,17.6649,0.0545625
-4.9782,8.39357,0.0609606
-0.276017,19.9519,0.113812
7.7383,17.9134,0.139092
-2.00245,28.5895,0.0810787
-1.64528,28.223,0.0743621
6.70816,8.74662,0.108951
5.0084,23.2374,0.056181
1.37816,9.65763,0.0605302
9.24745,28.3004,0.0931443
4.48123,14.9507,0.05
7.88279,24.7101,0.0555599
14.1777,2.70902,0.05
4.64571,21.9263,0.0921429
-5.1309,9.51853,0.105379
13.5414,26.5427,0.0506059
14.6598,5.81052,0.0607904
-13.3135,15.2367,0.102035
-12.5631,14.7866,0.0502868
-11.0802,12.9338,0.0934442
-11.7215,8.12602,0.0961217
1.24657,8.63841,0.0907182
8.00129,23.5038,0.0850806
-4.73521,18.7855,0.0535301
-9.90595,5.43437,0.0773575
9.98435,15.0181,0.05
1.33939,0.846593,0.0729239
10.0613,4.57794,0.0998772
-12.2215,26.6393,0.0874027
3.66292,20.6445,0.0919987
5.58822,21.4725,0.0707443
-8.09433,2.30228,0.0869209
0.477,8.30945,0.05
-2.13987,21.5553,0.0867986
-10.6153,27.5271,0.0867524
-13.0932,22.8402,0.0856351
-11.9946,29.2589,0.0689592
0.806868,1.66027,0.05
-6.58998,22.5207,0.0630468
5.419,3.05156,0.0690994
11.2963,4.3602,0.0994792
-7.20085,3.4228,0.0691607
-13.7182,8.79596,0.0594051
-2.48826,26.8829,0.05
14.1917,5.56572,0.0749834
-6.31747,28.4786,0.0690517
11.3337,15.5892,0.0717317
-6.09769,25.6957,0.069614
0.932228,9.12522,0.120742
13.4898,28.2834,0.0929614
-2.27738,13.3723,0.0815771
9.24991,21.426,0.0979909
-2.8811,27.4601,0.0738805
10.5993,12.8019,0.05
9.65475,9.94521,0.0762449
7.72185,10.8361,0.05
9.21819,19.4262,0.0695578
-7.08873,17.4025,0.0556783
-10.8467,23.0259,0.0583092
-14.6815,11.6786,0.0781872
2.17162,1.90416,0.108014
-1.84319,25.0798,0.0620344
-1.74685,3.92092,0.05
-4.60647,13.3033,0.0845964
6.76706,25.4027,0.110845
-14.2422,2.9114,0.0716002
12.8365,25.1037,0.0674302
-13.7518,22.9958,0.133827
-1.86697,3.83765,0.0769013
-1.98618,29.7807,0.0679731
-12.182,20.0561,0.0999516
-12.5187,18.9694,0.101983
-1.42523,5.89077,0.0815438
-0.212195,7.80172,0.10054
1.95133,7.75936,0.0507593
12.6071,21.6185,0.095965
-13.3953,7.19623,0.0757656
-8.99491,23.3184,0.05
-6.21862,23.3404,0.0715136
-13.6918,10.7173,0.0733099
-9.83544,18.1968,0.117734
4.91924,18.073,0.120683
-8.24836,18.2286,0.05
-12.8557,12.3648,0.0807452
9.34197,23.0851,0.0828026
-12.0817,21.2612,0.10042
7.8581,8.8971,0.121507
8.63709,7.99506,0.103561
-4.83386,26.3592,0.0559129
14.7319,7.75696,0.0743522
3.84646,26.1323,0.106367
13.3967,11.0239,0.0690658
-4.3173,22.3939,0.0650753
12.6974,4.47531,0.0734634
9.16575,0.582333,0.05
-12.4771,24.3382,0.05
12.4651,5.51212,0.108728
10.0485,27.1448,0.0603189
12.1863,13.9918,0.0809662
-4.70691,27.4177,0.0683789
-11.8378,28.4797,0.05
-1.69114,6.63266,0.086054
-6.28715,12.5185,0.0819513
-7.67164,15.7508,0.09907
-3.61765,27.9253,0.0924927
11.7811,29.8141,0.05
-5.54043,26.8785,0.0672882
-1.3124,7.90236,0.0511753
2.6701,8.14012,0.05
13.1497,18.1944,0.117316
4.53094,27.2492,0.0534401
1.27956,16.6179,0.0709103
5.78011,28.9861,0.0929692
8.41805,12.7474,0.0814842
-9.8798,6.65617,0.05
5.26083,23.8829,0.0850967
0.649667,14.896,0.05
-0.424314,18.3697,0.05
1.60601,25.055,0.0657635
-9.27442,1.52512,0.153763
8.44642,22.8915,0.091394
-5.97175,18.306,0.0926707
-14.9276,0.390437,0.072374
11.5581,15.1808,0.0631562
-5.64271,1.15213,0.0571189
-4.57295,25.3371,0.112341
-6.9856,17.0168,0.068191
-7.15454,14.5748,0.082649
-14.4388,2.47575,0.111386
-12.941,11.7326,0.0856102
-0.906706,27.3104,0.084956
2.12155,15.9345,0.05
13.3614,14.22,0.05
2.51291,4.9066,0.0711638
10.658,10.6332,0.0975226
-11.3134,8.53,0.110963
8.13009,2.28323,0.05
14.4871,6.97662,0.05
13.8438,10.931,0.0977376
-3.78282,15.0574,0.0610399
-11.886,9.75326,0.0953716
-11.0325,27.5942,0.0792148
-2.46046,20.7786,0.0806127
3.45304,25.3849,0.0698895
3.04458,26.9202,0.0589271
11.6921,17.8858,0.05
6.72293,23.4293,0.05
-13.2331,27.2327,0.0633459
8.24588,22.394,0.0669678
7.43319,17.8023,0.0674621
-11.3829,10.1365,0.0573719
-9.54254,21.4936,0.0674763
-13.4786,9.37096,0.121977
4.79881,19.4536,0.0679562
-6.75013,2.72,0.0926818
-3.09077,25.1769,0.05
13.1745,24.393,0.0640127
8.969,1.51018,0.0937978
0.182667,9.68141,0.105114
6.54369,8.7003,0.0619118
13.9283,7.16447,0.05
1.08955,3.24658,0.0928667
9.82348,23.1049,0.05
-1.71773,2.96675,0.0737547
-3.3573,4.87361,0.0971669
1.41646,9.23298,0.0525362
14.6041,12.1274,0.08015
-5.92861,16.0593,0.0572511
-11.915,20.166,0.0575086
11.1418,29.638,0.072624
-8.66949,6.51874,0.0937285
12.9678,15.2126,0.0556757
-8.2042,7.22029,0.05
14.0417,27.1618,0.05
3.71669,6.23581,0.113524
14.95,18.3993,0.05
11.8485,1.92955,0.112768
-5.88215,11.599,0.0787954
-3.29982,6.89919,0.090092
1.65949,26.6609,0.0952806
-4.67232,6.52728,0.05
-14.9463,10.4095,0.0537074
0.250251,7.11775,0.0898455
-14.6892,20.6626,0.0731137
6.92428,29.2611,0.0575742
10.7112,24.1138,0.0717285
-3.85241,16.6827,0.0517097
-8.89955,28.7572,0.128534
6.18158,7.12472,0.0692041
-3.32186,1.26535,0.0694583
-3.02676,13.0235,0.0652347
14.2033,14.8995,0.0709912
-2.18683,25.8435,0.0964396
14.95,18.1815,0.05
-14.8371,5.63449,0.0829002
14.6308,29.98,0.0755209
-5.52213,28.6821,0.0625813
1.25274,1.15988,0.0504141
-7.96553,9.31579,0.0776156
1.83158,24.1599,0.0833004
12.5112,9.66618,0.109407
10.1387,19.2991,0.0739163
8.88683,27.1823,0.102287
-5.94614,5.18467,0.0618093
5.06934,23.0969,0.0921982
2.47708,22.7747,0.05
-4.5553,20.297,0.0985958
-11.7005,25.8578,0.0535291
8.10425,6.09655,0.0779704
-10.5179,15.857,0.113835
4.56483,13.5521,0.05
3.03265,23.784,0.110289
-6.53077,11.6302,0.0706455
-0.309246,12.0673,0.05
-3.34102,14.3776,0.0620439
-9.58168,13.857,0.05
7.02616,18.6235,0.0509864
-4.60554,13.5081,0.094355
-5.33958,20.3509,0.05
-10.0755,15.3897,0.0621359
-2.50787,14.7322,0.071301
1.51287,24.2746,0.101536
9.70426,25.4478,0.0923754
10.7595,22.4356,0.077292
0.456076,25.4551,0.057796
14.111,3.12622,0.0868803
4.42817,1.30312,0.0816801
-7.3064,7.67114,0.0783852
8.86565,27.5417,0.120513
9.6792,17.8016,0.0620198
9.93587,13.9386,0.05
-2.87819,29.319,0.05
1.48356,0.635888,0.0619233
3.77585,4.15602,0.090863
-9.76703,2.71147,0.05
8.41664,16.8478,0.05
-14.5478,18.3841,0.105253
14.2764,19.2145,0.052757
-0.514837,11.2554,0.0807814
7.60988,26.5226,0.053052
-12.3656,19.3191,0.090527
9.11351,29.2347,0.05
12.3926,12.5283,0.0616093
-11.9349,12.0603,0.0729059
-6.15301,3.69132,0.102914
12.1906,12.7261,0.05
11.8888,27.642,0.05
6.53616,3.96827,0.0656894
2.43161,8.0119,0.0720028
13.5854,5.74858,0.0599451
5.78341,26.9761,0.068312
-9.88902,22.0951,0.0539276
-0.305191,23.8288,0.0535009
-13.1338,0.730222,0.05
-11.772,27.5863,0.103649
13.48,9.46509,0.0718334
-9.21219,15.9439,0.102659
4.77973,20.396,0.05
-14.5732,2.38639,0.05
-14.0512,10.979,0.104485
-0.871954,19.4068,0.05
10.7883,12.4722,0.05
12.226,20.7885,0.108843
9.99207,17.2588,0.0797838
-11.7303,28.9067,0.0761053
-11.0603,11.9504,0.0837001
-2.31312,13.6921,0.0663785
-0.821032,15.0884,0.0754818
9.35828,29.6419,0.0594587
-1.16499,1.3019,0.0661566
-14.9243,11.3288,0.0757353
13.3294,7.81498,0.0723487
12.7326,27.4577,0.0568064
-12.0275,15.2099,0.05
8.44997,2.06073,0.05
-14.6107,16.9306,0.0567427
-13.1166,5.86688,0.05
10.1814,29.3751,0.113979
-5.90158,29.2074,0.0621455
-3.32903,20.4994,0.118785
-9.69568,25.4912,0.0988042
-1.46423,11.2176,0.05
-2.7255,17.0568,0.05
13.2276,20.0089,0.0527427
-13.8202,6.96462,0.0937911
2.96562,8.45816,0.0632563
-8.94563,26.7306,0.05
-10.1561,21.3533,0.0675986
11.3677,5.667,0.0755188
0.806598,13.8128,0.140941
-5.51411,12.034,0.0873039
-11.0376,21.5754,0.05
-13.8897,12.5833,0.05
6.84631,1.95323,0.05
14.0105,9.97488,0.0532429
12.1085,21.7693,0.05
10.0886,3.05257,0.145459
0.859811,18.1289,0.0981112
1.0931,6.67981,0.090166
9.93589,2.90447,0.0672608
8.26003,6.13861,0.0821831
4.91566,23.3472,0.0869765
-13.7603,7.14789,0.0989922
-0.965799,11.8271,0.0947046
11.1125,28.6792,0.0646497
-13.9262,25.4642,0.0779675
0.739285,8.8377,0.0678399
6.35756,9.05236,0.05
-10.3865,3.11283,0.0832068
-8.5462,27.0547,0.101547
14.4094,25.5441,0.0696162
4.0561,10.0311,0.0958106
-1.14307,22.2307,0.0575497
14.2606,12.5035,0.05
-7.03662,3.36619,0.104568
-2.86929,21.1971,0.05
-14.2993,15.0844,0.0732408
-9.82795,24.3672,0.0771605
-2.43778,2.12433,0.0867483
-1.36669,11.0352,0.05
-12.4215,12.8665,0.0509481
12.8595,7.14037,0.0813305
-10.8289,12.3865,0.0600905
3.28276,26.7815,0.0506069
11.4615,10.3133,0.0832013
14.5154,8.15886,0.0878842
-9.56119,4.98666,0.0912623
8.91246,20.682,0.0683278
-5.13079,2.20332,0.0755969
13.7339,0.359831,0.0580032
-6.41531,18.0582,0.0665363
10.9133,19.4141,0.0528268
10.4054,15.6101,0.0788846
1.08516,23.6891,0.0996272
5.66292,17.035,0.123984
12.6718,25.5305,0.0750008
6.50511,0.769466,0.05
-10.1289,20.7871,0.0930285
14.3057,12.3931,0.0692982
-10.1824,22.2551,0.106452
-0.45733,6.66663,0.0737057
2.18489,7.68415,0.0713062
-5.17524,10.3966,0.06588
7.82868,10.7666,0.0774689
0.920004,23.2537,0.0909862
-6.68224,15.9341,0.0609182
4.01064,22.2324,0.0612788
-13.8826,7.31309,0.106524
4.19059,15.7074,0.0965034
10.3952,29.1268,0.06653
13.2757,0.190234,0.0604648
11.3882,7.95535,0.0575903
5.58335,20.0552,0.0627281
-0.764426,26.7083,0.0633627
-11.4645,29.1918,0.0514465
-0.725765,10.6278,0.0684908
8.78404,2.94953,0.05
-4.09856,21.6889,0.118093
-10.9606,1.17333,0.0620773
-10.2406,2.04912,0.113954
-9.27165,14.7216,0.0636154
-10.7456,12.0929,0.119371
-12.0106,23.3525,0.0551802
13.8974,7.45011,0.132154
-3.7321,3.41476,0.120717
9.47288,27.9758,0.05
-4.79858,23.2861,0.083114
6.01063,0.729254,0.0640441
-4.894,23.409,0.0720425
2.92334,11.0957,0.0613394
-2.97794,22.7584,0.0855806
5.44078,4.2979,0.0991031
4.39522,21.0692,0.128244
6.77625,22.2697,0.106994
12.3109,28.9631,0.0804579
-5.93973,6.32799,0.0578262
-2.92687,5.85986,0.0716731
-6.31694,18.4377,0.0831146
2.86085,13.5178,0.0655554
-1.40758,11.3623,0.100686
-4.96405,11.0924,0.05
2.16275,13.3794,0.0703424
9.69848,0.568092,0.0991825
-8.59329,11.5653,0.0846342
-5.34347,15.73,0.100015
10.305,26.741,0.0739859
-0.66229,5.47402,0.0816024
-14.2167,16.9392,0.1103
-2.34818,17.8205,0.0892885
-1.73712,3.81673,0.0546511
-10.6807,9.1881,0.101783
-8.04314,20.6422,0.0603239
-7.85504,12.0185,0.0671621
-13.4201,0.594451,0.05
-3.38662,1.71787,0.127052
-4.59627,13.6521,0.05
6.37165,26.1802,0.0510135
-11.3458,24.0151,0.0840412
1.69192,28.7088,0.132343
5.94032,25.2866,0.118402
12.0787,1.93946,0.117769
-9.60632,16.4966,0.0518778
-12.6199,23.3269,0.0773341
-8.2326,21.4505,0.0792269
9.07201,9.25806,0.05
8.35602,7.41794,0.0712546
-6.24795,22.6686,0.0685362
-1.72255,4.04455,0.0759999
-7.55887,29.5301,0.05
2.03926,7.66309,0.0758406
-1.39198,11.6324,0.0936456
9.78946,9.57151,0.0915088
14.9428,7.03716,0.0572014
14.9274,17.1002,0.0725933
-8.20487,17.9234,0.0976585
-13.9122,12.8391,0.0826612
14.4874,7.41991,0.0863569
-9.8258,8.24958,0.0957004
1.64999,15.8788,0.0807235
-11.5782,1.70247,0.09413
5.55485,9.10393,0.0530827
-2.43513,10.6226,0.0770658
6.30592,27.4389,0.0802718
1.16724,28.7071,0.105237
-11.7118,16.3622,0.106698
8.23752,15.4032,0.05
-7.99605,7.25308,0.0931894
-6.10671,25.9743,0.0761019
14.183,23.6071,0.05
-0.72341,11.516,0.0755772
8.68345,4.18559,0.05
-12.0525,25.0499,0.0946363
8.97924,29.3127,0.104433
-0.600158,28.8147,0.0923441
-6.29131,8.36791,0.05
-6.21957,27.058,0.05
9.8294,12.6523,0.0542885
-1.11617,21.1937,0.090513
2.84776,22.6124,0.0525408
4.58541,20.5312,0.0710555
8.6337,15.8452,0.081576
2.14517,18.4285,0.0860468
9.62706,21.2293,0.0766154
0.492231,25.3192,0.0827288
9.59385,21.8292,0.060297
-4.54567,17.1278,0.05
-1.09644,11.9314,0.0725021
-6.82627,28.3956,0.05
-12.4871,6.2557,0.05
-3.48867,12.8832,0.05
-3.50335,22.0323,0.05
-1.29488,17.9373,0.0821437
-7.45793,29.2262,0.114969
13.2015,4.10765,0.0554517
-0.105988,21.7563,0.05
-5.38465,7.09826,0.103935
-13.3225,5.57613,0.077983
-1.39984,13.181,0.078745
1.39148,0.976989,0.0609879
5.55884,21.7342,0.05
2.02018,0.0925469,0.08998
-5.23547,15.4427,0.0711674
5.39821,18.1421,0.05
-13.1557,27.5239,0.0697209
8.3176,7.68503,0.05
-11.1617,5.68871,0.0680456
4.01513,8.44238,0.100934
-7.8018,20.8141,0.0685014
4.01661,28.9742,0.0725937
13.3744,8.66753,0.132011
4.54458,1.40158,0.070789
-1.78417,15.805,0.0960534
13.719,13.0041,0.0641193
-8.64298,21.5447,0.0808558
0.0653189,22.6041,0.0782615
0.348404,23.2733,0.132047
-9.62716,27.0194,0.0859418
-2.06142,12.6826,0.0689934
0.545543,10.6992,0.0600287
5.66696,10.4097,0.0979851
4.39957,16.9476,0.076674
8.47634,25.893,0.05
-2.61111,7.96419,0.0774028
-14.0815,5.65062,0.0757541
-3.63756,0.336425,0.071681
7.98679,2.98963,0.05
3.8406,29.6896,0.106787
-3.58726,12.909,0.0519028
6.12464,10.2235,0.0628505
11.3318,1.13676,0.0869753
7.13029,22.6899,0.0582692
-7.19657,10.5443,0.109621
4.71264,26.1877,0.0657821
-9.2467,29.7647,0.0615828
12.049,17.6296,0.05
-5.83646,23.8529,0.05
13.1182,15.549,0.098934
-12.1804,14.7508,0.05
-10.0178,2.11036,0.117145
-7.00958,20.4631,0.05
-6.79165,21.8108,0.0884806
-8.20814,20.0904,0.0935242
3.93408,22.7413,0.05
3.76582,13.1028,0.0783363
8.51218,27.9246,0.0560527
5.12836,16.1503,0.0608338
9.55142,8.75548,0.0937442
-0.314806,20.2777,0.05
-0.506269,5.53275,0.0851138
5.09959,15.6994,0.0582148
5.88616,15.1117,0.0778941
2.43156,25.8854,0.0906675
0.58723,2.04289,0.0685527
-9.41769,15.5763,0.0738641
14.8428,11.1145,0.0864757
7.90464,20.684,0.0692275
9.18162,6.43467,0.0583309
6.61967,4.36907,0.112672
-7.84557,6.39798,0.0688232
10.3503,25.0566,0.062934
-7.10741,9.52238,0.05
6.84817,17.8928,0.05
0.913687,4.10619,0.120344
-10.2167,3.47604,0.0846247
8.86915,4.64193,0.0607727
14.7254,7.55604,0.126668
-1.34195,3.74479,0.088719
7.61379,12.8119,0.147341
-1.18639,2.41584,0.05
5.47288,24.2169,0.121609
14.8445,0.0499708,0.05
2.87884,14.4135,0.103262
14.1092,23.2231,0.058777
2.29537,5.09645,0.0615593
7.38722,4.20187,0.111342
5.13184,27.7612,0.0931524
-1.67222,18.7599,0.0639795
-11.58,25.4531,0.0613194
-4.26429,19.6694,0.05
-0.090633,5.68446,0.0760233
8.38629,26.3408,0.05
12.5185,23.9654,0.0504173
-11.981,25.5435,0.0669871
-9.65019,20.5338,0.0520602
13.3177,6.52089,0.0678278
-3.42507,26.929,0.0755242
13.4386,22.9655,0.107981
10.9397,9.45066,0.128883
-3.94476,21.9766,0.101403
0.489363,15.1731,0.11069
-8.94477,18.6887,0.0501642
13.1172,6.8606,0.0865497
-13.4265,20.7207,0.0504146
-3.92456,15.3652,0.0801373
-14.6923,19.9023,0.05
-6.73575,0.0499998,0.05
-10.0124,13.3421,0.05
-0.209026,21.5101,0.0966266
3.07325,5.9388,0.0798092
-1.73914,8.61183,0.0869129
-7.94052,27.0353,0.05
6.47777,23.917,0.051658
-7.72625,24.1985,0.0766435
10.3285,2.37402,0.0781637
4.91833,20.4293,0.0925377
-5.60584,21.9834,0.0504658
10.255,24.4521,0.0953572
-8.53332,22.8047,0.0742228
12.9266,10.451,0.082786
-1.64495,27.0184,0.05
13.8548,24.2643,0.0541399
-9.70911,3.03107,0.0904637
2.93566,5.94965,0.05
10.7195,21.478,0.05
2.39857,20.0548,0.104291
10.5015,21.9398,0.0762622
13.8389,10.3499,0.0773664
-1.86041,24.1682,0.118475
0.792692,16.0281,0.05
9.94995,18.8986,0.0981821
-6.69553,21.6354,0.111495
12.6714,13.1811,0.05
7.5391,0.533146,0.05
8.93463,0.341699,0.0824874
-6.81973,1.39385,0.0725195
2.28641,5.45538,0.100554
-9.44299,12.7623,0.0999728
-9.41865,22.638,0.0722612
10.6998,7.53956,0.0865174
7.12467,19.2253,0.0693861
-1.45801,19.7309,0.0821022
6.42111,2.20223,0.0613558
-3.24893,22.6418,0.05
-10.2767,27.8986,0.0738543
10.2289,22.213,0.0926883
4.2686,25.3814,0.117244
-2.85098,14.5254,0.0854515
-12.9869,8.17447,0.05
-2.10262,5.94628,0.117085
-5.81493,5.10786,0.0881065
-14.9403,18.7976,0.0596547
-13.2257,26.2392,0.0654968
-7.16328,17.74,0.0629134
-1.83891,5.30008,0.0647149
3.92339,16.6397,0.0554319
2.70835,22.8369,0.098617
3.36657,2.00172,0.105719
-5.05176,23.922,0.05
-4.68783,27.2984,0.0524746
-12.6241,13.3763,0.0890754
-2.14089,22.1521,0.05
-8.23516,28.9872,0.0663945
-4.2782,21.4016,0.05
1.17691,16.9901,0.051121
9.35536,0.248817,0.0547696
-13.3443,1.02927,0.0841381
-14.7097,1.59276,0.05
6.60873,19.2682,0.055635
-7.80326,24.495,0.05
-8.84671,20.7481,0.0951191
5.0826,18.4822,0.0686337
-1.15001,23.4514,0.05
-2.38607,20.8895,0.05
-6.17892,3.84202,0.05
0.767586,13.1083,0.0538865
8.20443,15.8427,0.0902141
4.43164,2.78432,0.0673817
-8.90113,17.9032,0.122154
-11.6019,19.8722,0.05
0.443967,13.5196,0.0782048
3.76853,8.75711,0.102341
-9.41987,25.3197,0.0837599
2.11204,16.227,0.0954523
11.6662,28.8202,0.05
-2.97939,7.90367,0.05
-6.39024,18.8843,0.0766559
-5.53376,10.706,0.0665135
11.8334,17.3133,0.0801335
-10.3033,11.2035,0.0954551
-8.02363,20.4513,0.05
-1.04946,8.088,0.0567699
-0.412695,26.8696,0.0557888
-14.4294,18.7515,0.0804751
-8.24849,3.95908,0.0845208
12.3926,1.11284,0.114624
-3.26656,26.5563,0.05
9.1721,20.2447,0.0610139
13.9104,3.47352,0.05
1.48534,9.62089,0.0527765
-7.10271,22.6713,0.0732916
-9.67731,3.73912,0.0814241
7.50933,24.2179,0.0593718
-14.7644,3.57792,0.0842876
14.9089,13.6125,0.0910733
-13.1754,17.9827,0.0963291
9.36693,16.2556,0.0857038
6.18423,9.02359,0.125704
12.1722,4.3242,0.0796405
0.247803,10.1118,0.05
0.104954,2.60953,0.05
-7.54457,2.19628,0.110166
-14.1174,13.2845,0.087214
-14.2476,24.3855,0.0886352
-4.26238,20.9772,0.0976567
-0.86675,13.4008,0.0763701
4.86804,29.2631,0.11238
-11.9505,3.93891,0.0702994
-12.2171,29.5042,0.05
-4.51793,26.4004,0.102194
-8.93533,5.05633,0.0903485
-8.02279,26.2769,0.0545722
4.79379,5.38089,0.110277
-3.43309,6.55211,0.100896
3.26189,11.1594,0.0627407
-0.0883114,2.41392,0.134029
-2.09817,15.1202,0.0658586
-3.77595,5.94611,0.122279
13.3749,28.4601,0.072841
8.88232,26.9838,0.0962468
-2.22201,9.86854,0.0812327
12.7631,10.3129,0.131288
7.36623,10.0043,0.05
10.3954,10.854,0.0873342
-11.478,21.5795,0.0840847
1.50555,21.4685,0.160442
-6.53931,28.7944,0.062183
11.9104,19.5755,0.0642918
13.7848,24.803,0.0855107
11.7834,11.2587,0.05
-8.4373,16.8779,0.0790769
11.4438,4.53067,0.125951
0.856632,11.1382,0.105905
-3.19294,2.67338,0.0519449
9.71753,8.7238,0.0753675
13.2,15.9111,0.111816
7.99131,2.40707,0.0525829
-7.68636,29.5487,0.0738275
-13.2768,1.8674,0.0729826
11.9314,17.8996,0.120906
-1.04156,13.3687,0.101332
7.26938,16.488,0.05558
-8.98941,4.55213,0.0721873
10.1629,9.40967,0.130437
-12.742,22.493,0.0780402
0.198069,0.439331,0.0634522
2.19999,22.4597,0.0686284
-14.0585,2.3967,0.0940433
-14.0444,23.7883,0.0591961
-3.32961,19.0141,0.0975945
-5.89614,20.8635,0.0779499
12.1022,21.0198,0.0746454
6.8356,28.7482,0.0981012
-3.43881,5.30039,0.127449
-0.358643,6.88289,0.083012
10.9352,7.88833,0.05
8.94219,27.6942,0.05
-1.58667,16.213,0.102917
-5.09018,21.9972,0.05
-10.1711,1.23934,0.093672
-11.4635,20.576,0.0951972
14.3354,8.9708,0.081068
0.544177,21.6065,0.112059
-7.1815,1.73422,0.0721399
3.84283,4.63304,0.0894931
-12.0119,3.64125,0.0708109
1.90784,18.0798,0.0905569
3.17949,19.1854,0.0931819
9.97124,20.4485,0.0726838
6.99586,7.06938,0.0774627
-1.59606,29.4308,0.0695079
-7.08634,20.6778,0.05
12.2461,16.1701,0.0650108
-7.51131,12.2898,0.063652
-0.857751,26.4451,0.102145
-9.38389,10.8517,0.0847981
-9.39159,15.192,0.0797021
11.7858,15.4962,0.0905964
-4.48878,9.70608,0.0658972
14.1227,14.5749,0.0751074
-5.38816,16.5535,0.0727713
-13.0209,24.7066,0.0828186
7.06479,6.60718,0.0789336
-13.172,12.3502,0.0647067
-4.78373,4.27458,0.05
-3.10181,12.3728,0.0880025
9.65029,17.6934,0.05
8.62347,27.4965,0.0657172
5.16651,19.5392,0.0999425
-11.0403,26.7124,0.05
6.03193,9.11224,0.05
-11.4286,18.8693,0.0756029
-13.032,5.50748,0.0594879
8.68196,25.7201,0.05
13.834,1.27224,0.0584888
8.28254,18.114,0.103369
11.018,23.4425,0.073168
-7.60055,27.5986,0.05
-1.14283,15.0576,0.108362
10.1862,26.8483,0.0861198
4.87551,5.98326,0.111981
-8.09473,21.46,0.0589621
0.427458,2.47545,0.0639199
-9.32462,15.788,0.0895465
3.8108,11.5999,0.0606583
2.23946,10.8378,0.0798739
2.73769,8.23927,0.0699837
-4.1206,8.32644,0.0557353
12.7695,5.47916,0.0534659
-4.11919,1.18472,0.0895458
12.1388,29.3032,0.102388
-3.61991,19.6703,0.0816428
11.1176,27.6204,0.0739241
-7.71197,19.4979,0.0571144
11.4263,17.7375,0.106775
-14.0896,24.0549,0.05
13.1649,4.68446,0.0760622
11.1682,15.8477,0.0945576
-6.81283,0.997562,0.0800569
2.0544,22.7081,0.05
5.76178,16.6101,0.0714114
-3.79599,2.71105,0.0577355
-8.47844,9.7605,0.0590755
14.95,15.7366,0.05
-9.12345,5.93741,0.0529202
-8.84995,4.84708,0.13565
-5.37788,21.2086,0.110002
5.82397,15.8221,0.108594
5.03208,6.33225,0.0828928
-2.97853,24.978,0.0835038
-14.8178,18.1687,0.133933
0.854761,1.91143,0.0575595
-6.9028,18.1057,0.118109
-11.5173,1.33193,0.0631447
-1.39339,26.6747,0.0984824
1.97577,15.0445,0.0814502
3.41315,22.0241,0.0713791
-7.56542,9.74661,0.080957
1.45775,24.6917,0.0602913
-0.475883,26.2021,0.05
2.67262,5.2479,0.108052
6.59421,6.18911,0.105272
-1.89918,22.6008,0.118696
12.1678,18.8145,0.0690024
-12.3747,18.328,0.057206
13.3893,16.283,0.05
-10.7714,25.1276,0.0642302
-0.09686,22.0003,0.0509407
-7.01241,17.6905,0.0788736
2.79377,28.114,0.0780839
-4.01458,13.9428,0.069726
3.74749,12.9758,0.05
-10.4935,11.2298,0.0965418
-2.17685,10.0591,0.0649749
13.0054,28.9849,0.0506015
-11.7978,4.97135,0.10388
10.4612,29.3418,0.104593
9.85937,24.5746,0.0765544
-2.4077,28.615,0.118903
-2.14414,28.518,0.0776059
-5.22184,29.8962,0.0921413
3.30751,12.6681,0.117769
-12.6137,17.0828,0.0789274
-9.40642,14.5814,0.0719899
2.01318,25.393,0.05
-8.50359,16.9938,0.0545132
-12.7658,0.894504,0.0684834
-0.553273,6.27703,0.05
13.8858,6.98449,0.05
-10.7903,21.6708,0.091082
-11.1849,19.0415,0.0901261
14.2943,21.5143,0.133677
3.10622,10.4091,0.05
-10.9206,6.85487,0.0898153
13.6699,1.71814,0.067872
6.99856,28.6465,0.0939681
-12.4905,12.3189,0.0915978
-12.4245,23.9533,0.05
-10.2131,3.04825,0.101825
-1.16625,0.095917,0.0959426
-3.62599,7.65059,0.05
14.0843,6.10424,0.0710763
14.2097,18.5671,0.123763
12.387,6.80975,0.0899864
9.09545,9.03038,0.0687964
-13.7043,19.7958,0.05
-13.3971,23.6977,0.0583802
-10.7985,20.4925,0.0980205
0.253054,15.5604,0.05
7.1054,21.9736,0.0882174
-9.54722,29.8128,0.102782
12.2885,21.3506,0.0623242
-7.45543,18.6374,0.0970991
2.43302,27.6671,0.05
1.94841,17.4054,0.0931288
3.38754,29.5713,0.0757084
10.9802,21.9952,0.057445
4.19225,28.1113,0.0781573
2.10938,22.1892,0.105332
1.08938,27.5943,0.05
-3.23178,24.4692,0.080792
-12.5524,19.1266,0.0588287
0.592961,3.44474,0.0550804
6.45048,24.1446,0.0997681
-7.60494,15.9979,0.0637177
8.19653,23.9255,0.0705741
13.1254,0.459251,0.0901553
-11.6173,26.1886,0.05
-4.06001,3.8369,0.0692922
-4.5492,25.6439,0.0596869
-14.0558,1.57436,0.069789
-11.4163,20.7134,0.05
0.903388,24.9343,0.105211
12.2415,17.2825,0.078457
-9.55026,24.326,0.0681301
-8.67114,7.90405,0.115204
-8.85144,19.3187,0.0648939
8.94362,6.83632,0.0585993
2.91647,7.18241,0.0993773
9.69302,25.2703,0.0557811
-14.4438,25.7038,0.0665698
-6.81088,1.27167,0.05
-0.662293,29.9924,0.103177
10.6862,15.024,0.101006
-11.0263,4.8219,0.05
12.2198,24.4062,0.0827324
14.2817,29.4719,0.05
6.79179,28.1935,0.106686
12.8654,4.21198,0.057905
7.87463,4.64123,0.0717586
-7.0707,2.42132,0.0623651
-1.15046,6.36788,0.117174
-2.38557,5.02065,0.0908168
7.43719,10.7579,0.0881898
-6.47575,25.048,0.0734554
7.59472,2.73807,0.0974295
-0.373767,23.9126,0.0547867
-4.92823,5.28161,0.111628
6.41124,23.7586,0.120036
-13.745,0.43942,0.07952
-9.33204,2.73247,0.0955989
9.24425,22.9673,0.0701816
9.75004,29.2314,0.0730598
-13.5219,27.3474,0.080462
3.20902,29.2188,0.05
-6.37441,1.19896,0.10991
7.08239,19.8158,0.05
1.31701,20.3863,0.0749303
8.36791,27.8209,0.0649033
13.319,26.3331,0.0813196
6.76713,23.56,0.088045
12.9666,2.98513,0.11192
5.52471,21.3252,0.0891351
-0.578738,10.5761,0.0873654
4.23024,27.2218,0.112402
6.51426,11.4395,0.0573506
7.35384,14.82,0.0592677
14.9023,21.6829,0.097748
4.84989,20.7814,0.134114
12.2852,11.9573,0.0829405
-5.21176,2.04139,0.105458
-13.6924,27.3854,0.0628443
-13.5464,4.1532,0.114545
-1.01769,13.8564,0.0635663
-2.82052,10.4807,0.0982755
-7.45596,29.3928,0.0516459
9.13237,20.3979,0.0952399
-14.2017,25.8964,0.0604638
-3.93476,16.0696,0.0626237
-8.7362,18.0187,0.0791098
-8.62771,16.8886,0.0685242
11.7966,14.6182,0.101346
-10.8752,2.41346,0.071651
-10.75,14.4688,0.0631672
4.36338,21.5884,0.0593298
-1.70386,18.9411,0.1167
-2.36798,3.10303,0.05
-11.9426,16.0356,0.08393
5.26158,0.994802,0.0783274
7.78405,13.4262,0.05
-8.86334,2.34271,0.0639796
-2.52147,7.47598,0.141089
9.04424,23.1283,0.0844156
-14.8284,29.1007,0.05
6.21809,27.2758,0.0965101
-1.56501,0.198697,0.105128
-4.49857,3.12106,0.0827534
5.87561,11.7896,0.0672708
-13.8294,28.0791,0.0782701
11.1058,25.2891,0.05
9.0589,8.34947,0.0551372
-12.7085,22.3204,0.0977839
4.00031,15.1405,0.120799
-4.65865,1.37661,0.087627
-4.16351,24.4775,0.0672342
-4.77154,21.8135,0.110224
4.15812,1.42307,0.102669
5.53835,7.20447,0.05
-0.796642,2.39525,0.0640735
2.60087,18.6395,0.0998217
0.337679,8.73968,0.0635286
11.364,15.8712,0.0773656
0.403353,20.074,0.05
4.06307,9.70242,0.0898204
-5.64174,26.6622,0.0870523
2.8095,27.9538,0.0742289
-6.56706,4.85611,0.0612325
-12.9954,6.3391,0.0560952
3.01521,10.8307,0.05
12.9058,29.6692,0.0630608
10.1875,18.298,0.0832868
-1.56205,26.7939,0.0521256
-5.38364,8.50472,0.11205
-0.172331,19.4886,0.0780436
4.04899,12.189,0.050786
-8.46421,25.9366,0.0685781
-2.21674,7.24196,0.05
-10.0072,21.6079,0.0703213
14.3389,7.42669,0.0623109
14.3532,15.6457,0.126346
4.48687,24.6045,0.0601097
-4.36431,1.83552,0.106965
-4.09661,12.7222,0.0666776
-13.4336,14.5422,0.104072
3.44886,3.58282,0.0802802
0.187251,26.93,0.0581212
-10.1203,19.0524,0.0931888
6.09092,23.4285,0.0761642
-14.2379,28.8133,0.0929069
11.288,22.6345,0.110352
-6.46941,26.9651,0.0818237
11.5649,11.4956,0.0935535
9.7728,10.9786,0.102223
-11.6753,8.69175,0.100885
-10.2646,12.7683,0.05
4.59368,4.07314,0.0924024
-8.51495,29.5739,0.111301
11.9447,7.95628,0.0715251
10.413,28.5055,0.0692967
7.38436,6.81598,0.123957
-13.81,7.91871,0.0610778
-6.14856,12.1207,0.0544714
-10.1032,2.65143,0.0686175
-10.2931,23.7906,0.0593123
9.00162,25.462,0.0751975
5.95645,14.2157,0.0935645
-11.4919,6.39883,0.0626512
-3.33756,13.278,0.0711682
-14.741,13.7482,0.125205
-11.0335,7.95577,0.136587
-1.07721,17.447,0.05
2.83966,2.01936,0.0524616
-2.44602,11.4352,0.0801284
0.334853,2.27458,0.157271
-7.69359,17.0375,0.0541259
4.2714,16.5819,0.0571393
14.0444,21.3583,0.0986593
-2.10311,3.39735,0.0636602
-6.05174,8.28922,0.0724229
11.0538,18.3662,0.0704377
-12.4726,2.39146,0.126138
11.033,19.1293,0.0706443
-5.80668,19.9558,0.05
-6.51943,10.9825,0.05
-6.72248,9.4248,0.05
-8.25546,17.279,0.0698483
12.0809,3.20072,0.111972
13.9259,16.3186,0.05
1.80647,1.53321,0.0940757
4.95096,18.8763,0.0632527
2.96141,29.0701,0.0553683
2.58473,22.2623,0.112142
-9.69459,24.7098,0.0872261
6.88072,27.1722,0.05
-3.26383,2.91236,0.0862516
-9.93517,11.6248,0.0533387
-4.23714,15.6056,0.0983718
-14.0159,20.0345,0.0873566
9.28826,15.4045,0.0536498
7.82846,26.0297,0.0904562
4.07248,10.3097,0.065151
7.3982,23.0924,0.0624849
1.53047,19.5753,0.0758083
10.9121,29.7014,0.05
-7.46527,28.7785,0.0626866
-1.70801,7.38397,0.0983706
-1.49126,14.3648,0.05
4.92978,17.9026,0.05
7.43,22.4679,0.104403
-14.7691,10.8176,0.102906
-14.8232,11.7839,0.0982599
-4.13674,20.1249,0.076346
4.61528,3.72178,0.0556149
-10.4703,22.6187,0.0932622
8.29494,18.6744,0.05
-13.1291,3.93902,0.0608243
-5.65993,2.33025,0.110096
-9.26797,6.26437,0.105734
-5.62967,16.0547,0.0826157
-14.101,5.98546,0.05
9.91189,1.956,0.0915766
0.161977,14.7265,0.0664316
-14.4744,5.48708,0.0698416
-8.07413,27.861,0.117424
-3.65151,6.67688,0.0565624
-1.12688,0.433114,0.0905172
3.29034,27.4136,0.115654
11.2612,20.3256,0.129888
4.28253,5.32647,0.05751
0.618447,12.4744,0.0725849
-14.6981,14.1803,0.0729845
12.5685,15.5408,0.097795
12.3273,9.64759,0.0670417
12.726,4.61797,0.0720475
1.51647,26.4804,0.103327
-10.0091,7.08204,0.0901574
14.06,27.0569,0.0564706
3.25486,14.1316,0.0992224
0.452282,20.5434,0.106031
-14.885,7.52318,0.114989
-0.341164,6.05916,0.0890835
8.34018,8.03174,0.0746091
6.21009,26.3115,0.05
-9.2619,3.3903,0.054415
13.8869,1.89817,0.0887351
-12.1843,28.426,0.0682954
14.5762,14.4645,0.05
-4.0695,18.7263,0.0801103
6.23024,6.8929,0.0630271
8.2206,6.56064,0.05
-1.53739,11.2858,0.05
-0.574112,16.4549,0.0602896
0.228415,13.2032,0.124573
-0.873196,17.5043,0.119451
10.6761,29.4811,0.0621185
3.80178,29.3489,0.0903136
-3.83786,26.9819,0.100949
4.92682,17.255,0.130882
-7.55414,22.6833,0.0639386
-14.9252,22.0061,0.0748489
2.42568,18.632,0.0618638
-8.59923,26.2219,0.140983
5.96997,24.6249,0.100916
14.1357,4.93725,0.0880592
-11.0658,6.53515,0.0574856
13.5876,13.3037,0.104197
-4.66171,21.2412,0.05
-9.89915,6.2813,0.067227
12.4833,22.9351,0.0580393
2.24913,1.31504,0.108246
8.38976,21.3469,0.0633804
-2.23728,15.9582,0.0817142
8.62141,18.1425,0.0960559
-0.960866,14.2086,0.0735875
-7.07877,17.5519,0.0747453
4.94771,22.1169,0.0761929
3.08244,11.1788,0.117766
-0.040088,19.3321,0.0711128
9.13734,28.7711,0.0670254
2.50984,3.74546,0.05
-12.2899,5.99576,0.101179
7.92178,23.1397,0.0614713
12.1231,13.8322,0.0906702
11.5769,22.7928,0.102996
-8.62959,19.9624,0.0600716
4.97531,17.5586,0.05
6.89339,8.82084,0.0905976
14.537,16.1989,0.0715029
4.95345,3.22393,0.05
-4.37995,10.9043,0.0739753
10.5243,18.7132,0.05
-5.06585,24.8365,0.0859973
-14.944,22.9334,0.0559492
-11.1397,9.12211,0.0869568
-0.357086,15.7694,0.0903742
-9.14461,12.7372,0.0815594
9.34475,0.68736,0.062747
-10.1553,23.7924,0.0785179
9.99354,10.4415,0.0886597
-14.7044,17.6654,0.0627642
4.66542,24.7526,0.0883569
-11.164,21.6107,0.0812602
-1.80681,4.27851,0.070027
-6.93757,21.8705,0.0671406
13.7943,2.8477,0.0670702
2.82287,8.3858,0.09676
-10.0209,18.8323,0.061971
5.92759,13.73,0.0759463
-5.33874,19.1612,0.064722
-8.16836,1.34152,0.0914378
-4.51819,12.815,0.05
-6.67063,6.20211,0.0932405
-10.0649,12.9543,0.0531159
-9.59777,10.7973,0.0623886
6.88463,9.52419,0.05
11.7001,23.8969,0.0989341
-11.1962,6.54624,0.0733424
-13.19,15.9345,0.0739487
11.7042,0.471604,0.0506655
-11.423,19.7696,0.05
2.66602,23.4765,0.0793708
-11.877,21.8116,0.103603
-4.53046,23.9006,0.0552965
5.46555,12.2356,0.0996546
0.915363,1.76396,0.100086
-13.9821,25.7351,0.0971315
-7.73823,5.82842,0.106035
1.86539,17.2889,0.05
5.51292,14.4107,0.0573353
14.1823,10.5935,0.05
11.3549,11.9779,0.0544921
-12.5665,9.85568,0.05
-13.2957,29.2617,0.0799753
-6.75299,22.8448,0.05
11.6558,6.64061,0.0603296
-3.0989,1.68582,0.0761483
-8.60659,13.827,0.141407
10.1587,15.5595,0.0946818
-7.4485,28.3963,0.0527805
-5.18839,21.0706,0.085664
13.7552,19.9452,0.0939014
14.5425,0.938161,0.100276
12.1508,18.6612,0.085236
-14.3927,6.47921,0.0920098
-11.0057,6.43976,0.0552608
5.43302,10.8304,0.0916421
-0.666079,3.84168,0.0667184
4.35801,12.926,0.0673541
-0.607015,1.39345,0.0978766
-5.26942,14.0163,0.0592295
-6.8461,13.659,0.0926978
10.8612,26.0392,0.092303
7.81995,12.4525,0.0773037
-2.0364,12.0211,0.0632958
-11.3684,17.959,0.111587
14.5312,11.0866,0.119267
-0.619333,24.1372,0.0540308
-12.7638,5.05448,0.0856325
-14.7088,15.5647,0.104599
7.43915,28.2703,0.0861382
5.88108,0.507155,0.0766384
1.8028,21.8083,0.102569
9.76767,1.35749,0.0570818
-12.6067,27.1955,0.0814933
-8.97662,4.34976,0.098964
4.56461,13.2263,0.0933827
7.63975,27.7921,0.0631741
6.6365,12.5528,0.05
10.9998,6.17319,0.102579
-6.67235,1.51366,0.104874
3.9197,21.2612,0.0887578
-10.7326,10.5445,0.0573613
0.794763,3.20673,0.0978712
1.21617,14.9819,0.0645756
0.943451,5.97788,0.0935835
-14.262,4.45045,0.0938006
6.67349,10.3956,0.0843416
-12.5527,0.418718,0.0819694
6.82536,16.5925,0.0537876
-8.25395,20.2265,0.05
-13.3419,21.9265,0.101905
-10.2798,19.9698,0.05
-8.47764,20.4504,0.0683035
2.59267,26.3932,0.0539289
11.7095,12.2092,0.100456
1.14169,8.79909,0.0669306
10.9664,26.2994,0.0742051
6.90457,18.3455,0.109009
-9.17623,28.2769,0.0865273
-10.7294,28.4717,0.06811
-13.4025,12.6987,0.105712
-1.54163,4.35399,0.0657275
7.58693,9.80238,0.05
9.53704,2.32841,0.058985
-12.1225,25.6058,0.0875771
8.64377,28.1515,0.0957171
4.60735,6.35113,0.0951292
4.82874,28.0457,0.0742324
-2.35366,11.7282,0.125273
1.66107,7.94744,0.0852048
-2.25671,9.06382,0.0556245
0.879484,2.04027,0.0722138
-11.1362,7.58099,0.0878348
8.28385,28.3034,0.0749384
0.941703,17.7727,0.103373
8.21656,7.42501,0.068384
0.400236,26.6392,0.0675565
-4.74914,3.28157,0.0565635
10.5634,26.5138,0.124108
-8.9919,11.7736,0.0851706
-11.28,6.37038,0.0508764
-1.74868,15.2038,0.0711164
-12.5989,29.8665,0.103017
-7.54696,19.8847,0.0633057
-3.44613,18.4263,0.0679173
12.4598,13.4107,0.0558981
1.8385,16.7775,0.0846609
-6.95272,14.1252,0.116069
10.297,23.459,0.129386
-10.7789,15.1151,0.0739619
-10.9195,19.5345,0.0933196
14.7116,23.9655,0.101814
-1.57516,29.2606,0.101836
11.9369,9.80874,0.0719573
7.72674,5.87977,0.0980257
11.9617,0.683802,0.0944683
0.95336,26.6363,0.077447
5.01275,10.2991,0.0576762
12.6249,4.77163,0.111926
5.51676,3.67906,0.0592411
11.1229,7.02909,0.0546115
-9.15892,18.336,0.0827666
-8.62741,17.7441,0.0702162
8.85205,23.547,0.0747358
-14.1664,25.0511,0.126756
-5.72967,19.0734,0.0586225
5.74593,19.0992,0.0565767
8.96858,11.4401,0.0699387
-9.869,13.6866,0.100883
-11.5469,11.1019,0.05
-10.2224,13.8733,0.0975107
6.90671,29.6042,0.06345
3.31708,22.6506,0.0725972
-2.12947,23.2345,0.0950508
-8.98285,22.5199,0.069237
9.74296,5.31811,0.0570923
7.87004,1.27312,0.05
-8.90627,20.6158,0.05
-7.84777,13.914,0.0681718
-5.31041,8.00431,0.0805688
-6.2643,1.86581,0.10379
2.40954,5.13526,0.0590343
5.22216,19.2529,0.05
-14.4775,16.9114,0.0681722
9.74228,0.931531,0.0970976
-2.54247,19.1237,0.0626583
6.87511,2.36843,0.0925177
8.48456,28.0639,0.0859872
14.5801,18.193,0.0502885
-8.28791,19.945,0.05
8.25383,6.46163,0.0544362
2.64135,16.4473,0.05
-12.4091,17.2631,0.0588509
-2.69386,23.8621,0.0714157
-11.8047,7.77618,0.0921302
9.19287,23.6696,0.0872235
-9.35855,28.8625,0.0861174
3.66645,26.0715,0.0768856
-6.97705,7.14536,0.0692361
-3.27329,20.6762,0.0665682
-1.96717,6.95149,0.0990478
-4.90852,8.77747,0.05
-8.50265,18.2698,0.05
12.8505,23.2775,0.05
7.73307,27.9451,0.115998
12.7265,13.4785,0.0524304
-7.83266,12.7263,0.10182
4.2512,12.4362,0.070049
13.5024,5.92408,0.117387
-5.7678,3.7544,0.0544124
-4.41253,27.9266,0.109789
3.64101,21.2553,0.0580984
-7.64711,20.343,0.0935975
7.78784,20.0951,0.0816702
-13.0058,27.8808,0.0915832
-9.85851,7.02494,0.0708828
12.1381,4.69788,0.080298
10.2591,12.4726,0.05
7.30324,10.803,0.0531369
5.281,22.8872,0.059889
13.8048,29.949,0.0900876
8.22839,13.5408,0.0801983
-3.90892,17.9327,0.05
6.73579,25.2153,0.0791298
14.9224,6.02047,0.0776246
5.00298,3.70613,0.0916483
-0.569413,14.5711,0.0732087
1.09906,13.5119,0.0890472
-1.6276,10.9156,0.0737731
-7.64864,1.1793,0.0946588
9.83247,20.3208,0.10051
8.46541,24.0896,0.1175
-9.76601,9.17852,0.0626124
9.11547,2.73835,0.119331
-7.85955,9.01583,0.0718376
-14.6288,0.297687,0.0797109
7.64766,7.01495,0.0573635
-6.84929,10.4977,0.0730681
8.52625,6.19999,0.05
12.8122,4.42994,0.05
-7.78328,26.283,0.0752112
-6.17448,22.5284,0.0508433
13.7142,3.68299,0.05
-1.37605,15.2348,0.0699309
0.363086,15.7412,0.0593055
-7.48124,11.7236,0.05
-12.3675,17.9404,0.0761308
10.5572,19.5962,0.0902382
3.35193,0.805649,0.102237
-13.1734,21.0561,0.0611011
7.35367,29.4089,0.0696694
13.2567,9.36738,0.092869
4.48687,22.7868,0.0850907
-3.68879,16.0801,0.05
-14.1176,14.64,0.123423
8.34825,5.74492,0.0615175
6.07881,15.6391,0.0954478
11.2159,5.26046,0.119495
12.0298,11.3672,0.05
5.42582,28.1537,0.0988117
-7.76677,2.20931,0.111868
11.5743,6.29072,0.06102
-1.37794,17.0627,0.0826553
12.3317,12.3084,0.05
12.7199,17.8338,0.0949791
-1.37235,3.89824,0.0677116
-9.66688,12.252,0.0791598
5.21443,26.0448,0.0787686
-3.29852,24.593,0.0598451
-9.25293,29.1639,0.0579423
9.48227,16.494,0.070429
13.0272,6.38426,0.0660807
5.02259,21.0231,0.147596
3.10015,15.0407,0.10627
14.95,5.68832,0.05
2.80778,0.090889,0.0908953
11.1973,1.19138,0.0581975
14.9219,11.512,0.0780858
-1.75195,17.1148,0.0740019
8.42624,5.62428,0.0821447
6.66331,23.0063,0.0963263
-10.642,25.7026,0.0897321
-5.15652,24.4891,0.0992136
-6.29702,9.54852,0.088294
-3.90851,3.42781,0.0562046
-1.77918,18.2669,0.0796411
8.17132,22.2227,0.119823
3.36372,24.0518,0.0534632
13.4909,8.8608,0.0881559
-2.63907,14.0368,0.0734461
3.86608,6.36273,0.05
10.0674,1.04619,0.0645849
14.5537,27.7156,0.101127
-0.397506,13.1267,0.0762706
7.90337,20.2852,0.0884338
-8.28983,15.8265,0.116246
-5.35273,17.0089,0.125559
7.3671,15.5653,0.05
-9.27011,20.9889,0.0752915
6.74901,4.51267,0.0720121
12.0687,28.8261,0.105721
14.9128,10.2958,0.0871533
10.2169,5.78009,0.05
5.13769,3.41558,0.112499
6.45703,19.6964,0.0740003
2.48353,0.0971233,0.0971502
0.158314,18.9818,0.111616
-9.67626,8.47927,0.0581469
-0.470553,25.5531,0.0568734
-1.03128,17.2431,0.159006
-6.67316,3.92326,0.0725607
-3.65246,12.3954,0.0964877
1.60015,0.822865,0.0956072
2.22631,16.7293,0.134208
11.0348,5.99959,0.0745106
-9.5709,8.4549,0.05
-13.5372,29.7351,0.0788447
6.4277,0.635932,0.104368
5.29586,21.6169,0.111575
-10.8768,19.2235,0.0971086
-9.80207,7.83438,0.0553908
8.4023,17.4608,0.0618843
-14.2121,24.8804,0.05
1.89853,27.4587,0.0655159
13.4685,27.9508,0.0765869
1.20588,7.93861,0.103993
11.1652,18.5803,0.0709737
-2.93761,9.10219,0.112371
-6.62025,12.3356,0.0544019
3.83482,3.14292,0.0917843
11.2489,20.8046,0.0814009
9.64746,13.4696,0.0711672
14.9431,14.5366,0.0569474
-3.99504,20.7743,0.0940121
13.8173,16.3528,0.0639375
-12.6381,13.9193,0.05
11.1657,11.8106,0.0933922
-11.1193,6.82317,0.111455
-5.9184,23.6744,0.05
-11.8414,13.0034,0.0611
5.47541,24.9118,0.105543
10.4951,27.668,0.0797924
-6.9133,6.45969,0.05
4.72378,12.0773,0.057897
9.16121,9.63671,0.0966167
-12.6393,5.97798,0.05
7.08564,25.1552,0.0643174
12.5832,12.0675,0.0689292
-7.90177,4.79739,0.0641986
5.16982,13.6024,0.0691444
-0.0698978,4.31844,0.109773
-13.5046,15.1437,0.11054
0.719406,16.2383,0.114394
-5.32667,13.012,0.0768206
6.72217,2.02753,0.0947161
5.38869,15.7408,0.0765697
-0.639993,26.6619,0.0694366
13.1765,29.7764,0.103276
10.5761,9.66206,0.0758808
-0.265267,17.9435,0.0983361
-10.2416,29.9845,0.0984817
13.1821,9.89967,0.0662386
9.22544,23.824,0.070477
13.0173,1.10334,0.107618
11.0311,25.9905,0.0844244
0.453665,6.36538,0.0846281
2.37769,0.294653,0.126965
-6.98253,1.18669,0.05
12.8369,1.97861,0.105765
-2.03775,15.8108,0.0659683
5.74112,4.1085,0.0964447
-10.3099,5.91274,0.0790058
2.29275,16.4888,0.05
-6.56767,22.0976,0.094646
14.5748,22.172,0.134265
10.688,1.27301,0.0644711
4.4535,18.0652,0.0791134
-7.6008,8.55095,0.0893397
13.4532,4.86722,0.064635
-13.8178,1.32176,0.05
-13.988,20.8689,0.0814607
-2.77537,9.53259,0.101646
-6.78236,12.1209,0.097902
4.74483,26.015,0.109881
-6.13055,6.90504,0.082114
9.00952,12.3849,0.0511017
2.59236,24.5751,0.0981236
4.81174,13.1336,0.126202
12.0987,22.9977,0.0945299
5.72827,0.46164,0.0824363
14.2316,2.58215,0.080744
-6.90079,9.67008,0.104087
-13.6271,2.46044,0.0745163
7.63799,19.116,0.0994545
3.32128,21.8069,0.0819269
-1.8564,18.3832,0.0599848
3.03866,13.6412,0.0668893
-12.0755,21.4174,0.0558478
9.52808,5.27301,0.0562434
-11.5533,12.2097,0.0675113
-1.99401,24.0352,0.05
-13.4215,3.48392,0.0937663
13.5875,16.5148,0.0792984
4.96853,12.1746,0.0692917
7.13483,15.3351,0.132675
6.94309,23.3875,0.0743729
10.6479,27.851,0.0920328
13.0965,24.0486,0.101658
-1.75061,0.773106,0.057481
7.20476,16.0442,0.103676
-11.7556,14.3969,0.05
-14.7731,16.4293,0.11865
-12.015,12.679,0.083033
-14.7945,26.5276,0.0864555
1.1048,5.96934,0.0679979
-10.6002,21.617,0.106555
-11.3205,11.8905,0.0523329
-2.15699,9.30448,0.0733358
11.9783,27.3304,0.05
-11.2174,7.14027,0.0715644
-8.53134,9.60452,0.105625
-10.02,25.2123,0.117086
-12.9915,5.27119,0.0944362
-11.4979,7.18562,0.0753117
5.20199,0.20576,0.0964514
-14.7395,6.73267,0.0553733
-6.05311,23.9908,0.0554941
-13.3324,25.7064,0.136409
-2.08,0.0710549,0.0710615
9.39092,16.7966,0.05
-12.2495,10.0815,0.0554084
2.91226,0.921342,0.0972863
-5.86121,3.84592,0.076375
-4.84376,0.06128,0.0612869
-13.7704,17.3186,0.0995947
-10.6353,29.4182,0.05
-14.5902,19.9407,0.0590665
0.726024,26.3215,0.0735875
-6.23919,23.1728,0.0964797
3.05888,7.13563,0.05
-10.3102,3.57294,0.05
-13.5611,16.7071,0.0510898
-3.46629,24.8404,0.0643265
10.5074,25.0764,0.0953276
-1.67288,18.6034,0.0924642
10.7331,11.4177,0.0882842
13.2854,14.7719,0.0604302
7.07938,2.22198,0.05
14.002,2.9782,0.0969681
0.63271,17.7247,0.103041
2.30551,15.6897,0.057013
12.7064,5.34301,0.0965974
-3.64317,17.0329,0.05
-10.0507,25.4049,0.0779065
-12.6114,6.074,0.05
1.23339,25.5021,0.101759
5.70233,13.9317,0.0654649
-5.57832,29.7951,0.0915126
12.5341,3.95549,0.0607269
-6.15747,2.06577,0.0910563
9.71705,0.361156,0.0727348
5.69452,7.6517,0.0551894
7.94312,7.21878,0.0708336
-4.44619,24.024,0.0941998
-14.1015,29.9515,0.0749404
7.18638,2.96178,0.123566
-4.31566,15.7747,0.0880956
3.78914,13.7972,0.0944503
-3.11922,26.939,0.05
-6.78873,4.00228,0.0674531
6.18954,21.9734,0.105025
-7.72248,19.0667,0.110685
-10.979,27.7695,0.104079
14.3891,22.0356,0.0960129
1.56684,1.23998,0.0995558
-11.9318,10.9708,0.05
12.095,21.9788,0.0977239
8.62116,24.9591,0.0722805
-4.01461,14.1018,0.0893039
-0.409475,17.1769,0.0863195
6.34048,26.3135,0.0803772
-9.47029,19.6843,0.0875365
4.55427,28.6327,0.05123
9.31841,5.35982,0.0958508
-10.3399,8.93382,0.0725605
6.53486,3.05612,0.0847871
12.0034,13.3246,0.0618443
-11.4299,20.8553,0.0895074
-12.5047,28.2026,0.05
1.79618,12.9003,0.0869321
-9.52597,21.6403,0.0800992
3.89123,25.8361,0.0535566
8.03431,4.95021,0.05
-1.92264,7.86404,0.1061
3.73698,19.9412,0.0603823
-10.5422,28.2567,0.11271
12.622,14.8596,0.0904671
9.76464,9.12183,0.121914
6.26055,17.8514,0.128678
2.64556,25.6682,0.05
13.6084,11.7186,0.106711
4.94744,13.6584,0.0633527
-6.93317,18.6715,0.0753046
-6.98278,0.467077,0.0517526
7.60879,1.58641,0.0742694
7.1352,6.45283,0.0907115
-0.835237,26.287,0.0575231
-2.27014,9.1999,0.0807373
-8.50715,4.41129,0.0595095
0.516575,23.1661,0.0674158
12.5474,1.36422,0.0685491
-0.965316,29.3989,0.07636
-2.36832,29.1275,0.0529971
-9.5904,12.7347,0.05
-5.91273,5.91245,0.0537114
-13.172,7.03052,0.0668366
5.95293,2.83139,0.05
-14.9238,0.720028,0.0761895
-13.2457,16.9981,0.0927974
-8.29327,28.043,0.0604633
4.67842,16.3881,0.079797
2.23224,15.9719,0.0514529
-14.9032,28.979,0.0927433
4.70013,7.10433,0.0766342
-7.99465,9.04787,0.0670003
-4.56763,17.6352,0.05
-11.9784,5.6271,0.05
4.89633,13.4286,0.0637329
-6.17075,6.62673,0.0853688
-2.58323,16.7971,0.0609276
12.7269,16.8458,0.0819337
-5.82591,0.0889814,0.0886081
-14.5901,4.67555,0.0620221
1.16396,11.3299,0.0571894
6.68574,14.8441,0.0638448
-2.20046,3.77757,0.121056
0.56299,7.4193,0.0763679
6.49612,4.61037,0.101316
-1.5224,6.46929,0.05
-0.429155,24.334,0.0956837
-9.04762,11.5896,0.107069
-10.8972,26.1033,0.05
13.2464,12.8638,0.0615854
-12.8243,24.0842,0.0982858
-9.03724,21.358,0.0769705
-7.68242,23.7978,0.112324
-1.37618,22.6836,0.0866479
0.639041,0.0499833,0.05
-14.4129,14.914,0.131581
-6.69243,23.3545,0.0830125
14.7351,11.9412,0.0753965
-5.48181,27.5386,0.05
-2.86718,25.1023,0.0834068
6.61996,18.5798,0.0557867
-14.1044,19.1493,0.136547
7.65101,18.3543,0.0842947
8.7863,0.452629,0.102772
-8.03795,1.12128,0.096
-1.25174,18.7239,0.120809
5.84994,17.844,0.05
-1.94805,8.35931,0.0723433
-10.198,8.80505,0.0728267
-13.9099,27.9414,0.0812235
-3.30853,13.5285,0.0786979
-1.83048,16.1691,0.05
7.03236,13.6022,0.0998548
5.26816,18.3579,0.05
5.78126,15.6116,0.106193
13.5322,3.15247,0.093987
6.35559,20.606,0.0644386
0.256875,16.172,0.0696382
-0.266299,10.083,0.0901807
10.6961,6.90314,0.0969615
-4.90261,4.63188,0.0881262
-3.28371,7.75572,0.05
-13.4752,21.5045,0.0800649
-8.07191,0.753231,0.0824224
1.15355,23.391,0.0541514
-0.454473,9.48559,0.123558
-8.61647,29.4179,0.0748486
4.4688,15.2282,0.0543972
-3.20278,12.1846,0.10273
-11.6236,6.02615,0.102574
-14.2231,5.89547,0.05
-12.622,10.6398,0.0760589
-1.10137,8.5198,0.102147
-8.36418,1.52932,0.067847
-6.69472,9.31138,0.0667736
-5.19109,26.6562,0.119636
12.1168,19.0104,0.0519903
5.34021,27.0198,0.0935311
11.4366,23.0296,0.097178
3.03101,24.1645,0.0703929
-9.5991,10.6554,0.0795013
2.7105,19.072,0.05
-7.6139,29.3835,0.106556
11.7586,15.8824,0.0843294
9.70656,16.1696,0.0504168
7.09369,24.6732,0.0757619
-7.59573,4.49954,0.0770934
13.1052,14.4095,0.119066
-1.6672,11.1418,0.05
-8.67562,12.2381,0.0822976
-5.53379,29.2376,0.0639265
14.0504,0.847225,0.0738277
-0.899046,29.6286,0.10026
-13.2934,24.1635,0.069124
-4.90903,2.95496,0.0723595
-6.03744,11.109,0.0978081
2.10067,8.77045,0.0663371
4.1635,17.0646,0.0752004
-12.6682,2.29099,0.0937355
-14.7725,16.9387,0.105136
-4.82374,22.6326,0.0922942
14.1482,4.06285,0.0746339
6.09882,5.08227,0.05
9.12985,15.0852,0.102678
14.4218,15.9627,0.05
-2.25598,3.2328,0.0502172
-5.36898,20.6199,0.108369
-0.272542,4.90792,0.0560505
-10.028,21.8168,0.05
-0.564646,0.0703698,0.0703701
-3.90289,26.2996,0.0787081
-14.465,19.0415,0.118913
-7.77219,14.3781,0.0506401
7.63987,23.7234,0.112961
-2.29939,14.4472,0.109848
-14.3265,29.5372,0.104771
12.8909,28.8119,0.070407
-7.52455,20.479,0.0894118
5.55775,19.6804,0.0664756
-8.5285,15.3552,0.0721654
8.18255,24.896,0.0949067
7.18803,0.0608818,0.0609105
6.68451,16.5808,0.0875457
10.4257,21.4826,0.0919593
9.52898,28.9546,0.0623148
-5.49313,13.7791,0.0926983
13.9377,4.34213,0.0832948
1.86221,16.1172,0.102844
3.201,15.4142,0.0531095
-1.24132,28.3786,0.0517281
-5.05364,13.1446,0.0917934
3.15312,27.2901,0.0688748
-1.36603,14.2564,0.0591819
11.3833,19.5514,0.130239
-7.12429,17.118,0.103483
-0.856849,21.589,0.0920445
-13.3577,19.6094,0.0778635
-13.077,13.6028,0.0975884
6.31407,4.16999,0.0943887
14.7629,3.84227,0.0685472
-12.7181,7.30113,0.05
-0.190337,2.91684,0.05
-6.60135,6.03576,0.0869597
-4.97799,14.5614,0.0701872
2.96084,16.1062,0.0862524
-6.54484,3.48004,0.133702
6.13751,9.69028,0.0885006
11.9022,0.914411,0.1345
14.4887,3.42701,0.05
-0.375849,29.7346,0.0756568
-0.324515,20.9124,0.05
-4.58392,15.5886,0.0866871
14.5444,13.9202,0.0625736
10.8972,7.75768,0.0860652
-6.20616,19.5469,0.0882909
-9.75651,25.1144,0.123196
6.95868,21.3094,0.102071
8.07987,22.4246,0.101848
13.2767,19.8475,0.115852
3.97828,24.8605,0.05
2.83288,8.64956,0.0721771
-9.46786,3.9067,0.0916245
10.9555,4.74217,0.0708245
-11.7053,15.5782,0.0831997
6.32515,8.91801,0.05
-5.05175,17.5675,0.0810001
3.82485,26.45,0.052141
-2.96261,11.1739,0.05
-8.14827,7.3399,0.0820481
0.028722,6.73603,0.059144
14.9005,1.66128,0.0995167
-12.4902,8.17621,0.0996646
11.1663,5.65529,0.0866571
0.0102479,5.55525,0.0879132
14.95,19.6962,0.05
12.1336,24.5072,0.05
3.22904,20.4925,0.05
-13.584,19.9222,0.0973738
-14.3166,14.1206,0.05
-12.7599,19.355,0.0922842
12.0616,16.1899,0.105526
-1.89236,14.1452,0.0772737
-6.48466,8.68737,0.0969684
11.026,13.3309,0.0937681
-4.1713,25.7372,0.0749832
-12.327,3.33829,0.0624655
-0.0617684,9.86775,0.05
6.73557,11.4156,0.0792672
2.63656,7.36035,0.0617955
-4.89494,24.6581,0.110561
-13.9448,6.86247,0.0673884
12.3941,1.63713,0.0787205
-12.2426,9.76317,0.075618
1.2421,7.04562,0.108089
-8.40886,3.55189,0.0781085
-8.47595,22.5599,0.0621013
-3.60738,9.87916,0.10128
-3.4337,29.4522,0.0912835
-11.422,25.515,0.108305
-2.0408,20.5088,0.0878573
-8.43106,21.4103,0.123274
12.68,11.7016,0.0640663
-12.1147,22.0863,0.0736161
0.845216,21.4721,0.05
-6.09246,18.7965,0.05
12.8642,13.0126,0.05
5.64995,20.4192,0.0875286
-2.05595,21.6988,0.05
-3.23229,14.0662,0.0758033
13.1883,28.6837,0.109573
-12.2807,10.2167,0.0833069
5.88987,7.98914,0.0655207
-2.08861,17.5033,0.0828815
-11.8533,21.2519,0.0936172
12.7877,12.6273,0.05
-5.98968,15.9322,0.0835606
11.1282,1.49019,0.117473
-0.418916,16.1554,0.0738696
-0.64317,6.18935,0.0755446
11.7947,8.69392,0.074979
5.59842,25.8088,0.0891091
-11.293,17.7849,0.0518405
1.41936,11.4364,0.109427
-5.26423,18.2861,0.0614516
-6.09569,7.83219,0.0905709
14.6485,4.29189,0.11888
-0.79594,20.3598,0.0668126
-0.698945,4.1245,0.0606759
2.0157,24.7274,0.05
13.5234,13.1102,0.0731696
-7.89754,21.4641,0.0718472
-7.55695,3.14398,0.0636916
5.69012,13.1276,0.0573715
-10.074,3.41547,0.0704543
-1.68125,19.5803,0.0947789
11.461,3.3961,0.0647113
-11.0982,22.6191,0.05
-10.1075,7.64523,0.0954367
-13.6805,3.26933,0.0607876
-6.27038,28.9311,0.05
14.8462,14.1731,0.0574246
-14.9188,16.2925,0.0811848
4.71036,21.1665,0.0587697
10.3358,4.41445,0.0900107
-0.31763,18.1416,0.10664
5.60637,26.6792,0.0996133
-2.28077,17.0591,0.0949668
9.11439,1.73957,0.05832
13.3777,11.5286,0.0867682
4.94339,10.4116,0.0578289
-7.81144,3.17479,0.0658984
14.6674,17.4612,0.0972659
-11.2515,13.7754,0.109806
13.256,13.6938,0.0766
-2.28512,16.1081,0.05109
-7.43372,9.52882,0.104565
8.56375,3.05071,0.0710031
9.31092,27.4589,0.089617
11.7592,27.8962,0.12315
11.2596,21.6758,0.0578297
5.86179,8.58645,0.0577641
10.4415,17.4552,0.05
5.04045,9.53182,0.0685124
14.9413,22.9143,0.0587314
-7.34295,19.3019,0.0755565
-11.8218,28.7813,0.079125
-4.42003,1.61523,0.06866
-3.65244,7.80306,0.104746
-12.7483,16.0044,0.059882
12.8207,29.4575,0.062907
3.15136,6.10616,0.10489
-4.88541,6.05712,0.0955554
7.48728,14.6468,0.0557046
11.3583,28.8584,0.082246
4.3902,8.77317,0.0748057
-9.4662,27.0871,0.0585364
2.94726,25.1789,0.104703
-9.67245,29.2775,0.0827967
-11.7282,0.676977,0.0642893
14.8139,0.740811,0.0707161
-8.88445,16.3345,0.108339
-6.94957,15.5514,0.0606025
9.64295,29.0237,0.0705481
-2.45004,28.7821,0.05
2.45152,1.8235,0.0543105
-8.4055,12.7871,0.0703592
-9.70633,18.4301,0.060092
-12.9869,12.332,0.0544411
-9.42406,1.67086,0.0551537
-6.21343,22.0146,0.140307
-7.00417,13.9076,0.101501
14.0862,22.8635,0.0918516
9.82842,20.065,0.0703875
7.7144,17.4798,0.0600921
9.31115,23.436,0.05
3.95595,7.28229,0.077755
8.89189,24.3669,0.0931341
6.25317,23.4546,0.0881701
5.76094,26.4652,0.101815
-10.4216,24.1688,0.0901764
3.80546,11.0502,0.0701644
1.71156,16.6929,0.0678902
14.4305,15.1526,0.0906186
-14.0758,26.629,0.0567626
-0.397248,16.719,0.0691394
-11.8028,17.4106,0.0782909
-3.53687,18.2724,0.110724
-9.75574,6.02514,0.08206
6.9607,28.8779,0.0821351
12.1697,13.2958,0.106927
2.94092,13.1516,0.0644366
-6.35169,1.64877,0.0864264
-9.74937,10.8977,0.0807996
12.3593,10.0515,0.0686319
11.7461,2.19621,0.0674137
-12.3748,28.0332,0.0528983
0.55224,6.93212,0.0971901
12.2404,3.30239,0.0772115
9.11679,0.204698,0.0636121
-14.7763,9.03132,0.0837892
-5.94827,23.9235,0.0690229
8.28765,20.2587,0.0574298
11.0302,28.963,0.05
-11.2349,25.2028,0.0659021
-5.98481,20.1308,0.103586
-10.9063,16.6677,0.0578701
-0.735317,27.8805,0.0869402
-11.1093,9.99559,0.109497
-12.444,26.2276,0.0878524
-3.93541,15.8313,0.0671629
3.88546,8.59386,0.0984668
-6.38246,8.42837,0.0593701
-11.0596,4.10928,0.0604269
13.1239,16.8752,0.0977241
-8.93727,15.1731,0.05
-5.4614,2.30131,0.0905515
-13.9287,4.50714,0.0915757
-1.9695,22.9406,0.05
-1.29002,1.348,0.0671011
4.70692,4.62612,0.0780371
-12.4051,9.86532,0.111686
-12.037,1.90462,0.0905924
3.87434,3.55591,0.0947001
5.15564,29.699,0.110751
-14.1119,10.3857,0.100229
9.59955,1.05384,0.0909094
2.78944,21.2288,0.0801391
-4.70633,19.1763,0.0833571
4.61474,21.7349,0.101773
5.80245,23.959,0.05
-0.00735464,27.3935,0.0548251
12.9891,25.4881,0.05
-5.48219,17.3915,0.0620824
-6.05983,1.07508,0.0689266
8.6747,5.40642,0.122687
-8.71617,11.1953,0.05
12.1389,26.7899,0.075302
6.32299,5.79131,0.100818
9.83921,22.9543,0.101337
-10.4056,23.847,0.066547
-8.26536,12.3708,0.0726513
7.88014,23.2663,0.07177
10.4254,23.0376,0.0677355
-4.64224,18.9207,0.105061
14.8865,17.5013,0.113527
-8.28886,2.59504,0.0887271
1.99278,12.9038,0.109702
13.6719,16.0625,0.0774073
-9.9448,7.41271,0.0896313
-12.5411,13.5587,0.107295
0.68756,22.1901,0.0990566
7.56884,11.0421,0.0621618
12.5536,27.3435,0.0767805
-3.24015,3.63762,0.05
-14.0885,18.4348,0.051481
-1.65359,20.9933,0.0965853
-5.97007,20.4374,0.0882826
-11.7542,9.91978,0.117002
-0.421075,29.397,0.05
1.54239,24.5105,0.05
10.9218,18.7585,0.0703152
-11.2911,14.2104,0.0990265
9.95658,3.38461,0.0697464
-14.2333,27.6278,0.084295
2.89333,27.6159,0.10545
1.59985,26.0093,0.101152
-0.0705224,17.7114,0.0897502
-12.4454,8.36251,0.0919558
-2.79164,20.5647,0.0867391
9.65797,18.1958,0.05
-6.80513,4.3063,0.0791213
-10.3412,0.54279,0.0775443
-7.8641,10.8102,0.0882783
-3.057,26.8019,0.100484
14.345,22.2302,0.102797
3.99442,29.8173,0.05
2.87371,5.09261,0.05
-9.44288,10.6843,0.0793794
6.73395,17.8639,0.0677583
-11.3111,14.3581,0.05
-10.1698,13.1441,0.0660731
-7.21271,8.58624,0.05
6.3273,27.1602,0.0624862
-3.91142,22.7879,0.072389
-10.7627,28.2561,0.0696928
6.34561,15.1671,0.0558897
6.43143,13.7618,0.0651718
-2.48913,27.673,0.0900694
13.8039,25.6421,0.0606994
-0.852505,23.3392,0.0530863
-8.16051,14.6858,0.100964
-9.44395,12.5121,0.0564695
9.40381,3.91124,0.0621527
-9.14109,18.633,0.0845612
-1.27633,4.29947,0.0525614
1.37506,24.812,0.0525558
-5.77448,25.6487,0.0521921
3.85631,29.864,0.0683766
5.25129,22.5057,0.149145
13.6679,27.3974,0.05
12.8766,2.15388,0.0739871
-4.53732,16.392,0.132068
-9.33578,19.4464,0.0530661
-12.1895,20.3711,0.0670686
5.83831,3.33716,0.0629627
-4.78653,14.6614,0.128841
7.99391,12.7385,0.0808184
14.7743,3.2032,0.0713528
13.9312,0.746447,0.0822612
9.06657,13.0563,0.0557936
-7.30748,25.262,0.139912
13.9582,24.5888,0.0691136
1.80601,2.71425,0.0708252
7.61188,17.6253,0.0638073
-5.78758,0.306028,0.066951
-5.21066,10.984,0.0904657
14.8743,26.4413,0.125723
8.94891,10.0617,0.0998829
-1.37941,4.42907,0.113028
-8.90344,14.1607,0.0772794
11.2354,18.3509,0.111802
14.5745,13.3833,0.0792094
12.1432,11.2961,0.0819307
-8.05128,12.7094,0.11746
14.2394,23.2226,0.0714331
-12.3791,7.33047,0.0715537
6.9302,29.0385,0.081242
3.2023,5.53889,0.0534239
-13.1151,13.2311,0.12865
5.74394,7.02766,0.05
-13.8346,0.534526,0.0511364
3.95162,20.0784,0.05
-4.85803,8.57751,0.0702255
-7.21203,19.2024,0.0762937
0.501598,19.1879,0.05
13.8517,6.88597,0.0542534
5.20349,12.2754,0.0725683
-0.8931,5.1602,0.0765035
14.4443,1.97307,0.127746
12.5351,10.9764,0.05
11.9846,23.7555,0.0859658
13.3076,22.5358,0.116613
-10.4471,25.5192,0.05
-7.10888,4.95105,0.0662523
8.15589,7.04455,0.127081
9.80202,5.76483,0.0723264
-1.29606,9.49048,0.0521527
1.2458,22.8711,0.0996217
0.520351,17.9618,0.0879333
10.7242,25.9103,0.05
12.7052,28.4405,0.139155
-13.7097,7.66339,0.0847394
12.5191,18.1192,0.096943
-12.0279,4.74837,0.05
7.99996,28.6459,0.0709473
6.02486,26.1338,0.0662745
10.7193,11.5825,0.0770581
-1.64074,3.93463,0.0569669
1.19559,19.4825,0.0868401
4.11258,13.5163,0.093559
6.29597,18.2858,0.0682504
-2.82286,12.6018,0.0838388
2.32315,17.7978,0.0716232
11.3983,28.4157,0.110682
-8.45953,17.5208,0.05
-8.66513,23.824,0.150415
-4.57862,21.8289,0.0830564
11.4903,23.6152,0.0937001
3.21143,7.64231,0.0902744
-9.77535,7.44378,0.0826504
13.5216,22.4455,0.0857428
-3.00975,4.27836,0.105836
13.8696,12.7958,0.0955665
7.45521,16.3788,0.0545502
-3.54111,15.7741,0.071747
10.3469,21.6625,0.082602
9.58665,14.7779,0.05
-12.9777,28.2561,0.0685274
-12.1465,29.7826,0.05
9.89066,28.6234,0.062072
-5.48083,6.06766,0.05
9.94958,10.7541,0.057684
-4.99558,1.17139,0.055076
-13.7908,13.1057,0.0817215
-12.6162,19.4052,0.059902
-11.914,1.28886,0.05
6.78904,2.63913,0.05
6.96025,3.48853,0.122294
12.1536,8.4051,0.104445
-1.40348,9.03846,0.0699362
-0.513529,3.98616,0.0888162
1.46051,7.62188,0.05
0.897974,24.164,0.0770571
2.63732,6.73981,0.0950306
-1.61087,18.1937,0.103911
0.419816,1.84949,0.100421
8.69604,24.84,0.0684111
13.7529,24.9651,0.0792858
7.78592,21.0412,0.0533354
-7.40697,1.70599,0.107795
5.37741,13.7979,0.0740989
2.85551,12.7678,0.0743177
6.47412,19.4751,0.0609841
2.73689,15.2086,0.10455
-10.5291,12.1042,0.0974656
0.0300889,20.3584,0.0769664
-10.324,7.28159,0.113128
-2.48687,20.6242,0.05
6.47649,15.7861,0.102206
-3.652,21.8439,0.0845504
-14.8618,9.47896,0.0959267
-11.9563,2.85569,0.0716078
-12.5946,10.1362,0.0900792
-10.3191,6.19993,0.0952361
10.0518,12.9728,0.0866396
9.03417,29.4866,0.0779605
12.7286,10.9443,0.0751662
14.95,28.5829,0.05
-1.80151,19.249,0.05
-9.06135,8.61255,0.0654546
9.49283,2.22879,0.05
-8.78677,10.0793,0.0724868
14.9222,1.19808,0.077838
-2.43083,1.13016,0.05
3.42056,4.67072,0.0944541
1.68797,19.5805,0.0682601
-4.8883,9.65244,0.0609026
-4.98748,14.1533,0.103599
8.6985,1.68981,0.05
-14.1495,9.2762,0.0846619
9.44267,16.1048,0.0830689
0.397077,2.61135,0.0740093
-2.86293,0.349158,0.0637495
-9.8003,3.86049,0.0913725
7.45503,29.5566,0.109442
-12.9539,4.40056,0.0932692
-10.5105,3.04392,0.0586597
13.7735,11.6702,0.05
2.24785,16.355,0.0911394
-3.16131,20.5183,0.05
-4.11024,22.0136,0.0681684
-4.68543,11.6433,0.0739786
-0.556789,26.0554,0.0855456
8.77019,14.4149,0.0811952
-14.9097,15.7308,0.0902657
7.47315,24.9895,0.0866292
-5.0693,18.4227,0.05
-2.55749,21.4197,0.11022
-3.55475,21.9392,0.0515614
9.71728,22.604,0.111704
4.5268,8.32437,0.0872862
-10.9063,8.45877,0.115239
6.66719,21.8689,0.0713529
-9.69091,9.5359,0.104911
1.25644,9.46784,0.088412
0.310592,14.5723,0.0733573
-13.6161,21.9734,0.0649859
-5.27605,17.9624,0.0595953
-4.72832,14.8441,0.062921
3.53065,22.1168,0.0782731
-4.82276,6.8992,0.0670647
11.0431,20.2714,0.0793106
-8.75424,9.38527,0.0552182
3.52385,14.6974,0.0509244
-2.1781,16.2815,0.0554109
11.1607,14.2547,0.0893827
1.89642,27.1948,0.0504214
-3.1392,25.045,0.0905607
-6.35877,7.23408,0.0951621
-9.2223,7.00822,0.079209
1.10393,11.5744,0.0821728
5.16301,3.14154,0.0736023
-2.57919,17.0093,0.05
4.67069,18.7829,0.0726163
-3.60347,17.5218,0.05
10.9059,0.383767,0.05
-10.3714,18.8487,0.0757874
-1.46001,3.41319,0.0916359
8.97595,5.57273,0.0567865
6.83608,16.1098,0.0951945
9.20547,24.4612,0.0675442
6.84629,24.9406,0.0637664
-7.77384,11.6814,0.130632
-6.97992,16.1313,0.0693926
-4.26808,21.5574,0.0948818
8.79964,26.0101,0.0739016
13.6294,3.34034,0.05
-14.2608,19.707,0.106715
-1.75504,20.3024,0.0760619
-5.77393,15.847,0.0628077
1.95512,13.3166,0.0782997
-13.3351,5.73615,0.0825359
5.98945,9.84199,0.0600251
-2.78005,25.5426,0.12382
9.34506,6.7132,0.0778928
-9.8209,1.17996,0.116002
-6.97041,14.6881,0.0751279
13.9697,16.214,0.0633697
-9.07932,2.59193,0.05
-5.20201,7.59047,0.10222
2.12523,24.0195,0.120254
3.54362,13.4534,0.0503355
2.93227,15.0068,0.0650009
-0.257234,5.46887,0.0556587
3.2321,5.93645,0.0790596
3.64342,8.14962,0.0510941
-0.305409,24.1567,0.120516
4.0146,6.8707,0.102236
8.07649,5.63094,0.05
-8.89417,11.8993,0.0740716
7.18763,10.5137,0.0633643
12.1114,18.3303,0.134977
-0.178977,2.18497,0.112297
-5.62516,20.4287,0.0511396
5.57759,13.1726,0.0638174
-10.5613,26.196,0.0764296
-13.0981,12.7523,0.0567701
14.3446,10.2144,0.0973266
8.29172,27.5181,0.122858
-3.34725,17.6364,0.0734022
7.1149,25.3673,0.149818
-12.1121,10.5752,0.0515726
-10.568,22.3841,0.05
2.54895,28.6894,0.05
11.9663,29.1822,0.10838
10.8983,7.01356,0.0955464
-14.666,21.7989,0.0762812
-14.1464,23.4875,0.060115
-7.27274,3.59857,0.120768
4.33166,29.5848,0.0579692
-12.1874,22.2086,0.0687159
3.50027,13.849,0.0941079
-2.95742,18.7814,0.0940755
-1.23995,14.1433,0.0578201
-14.5285,8.92306,0.0858941
2.01139,11.9826,0.0936929
1.71847,4.74957,0.0920463
13.4845,26.9261,0.0818703
-14.4158,4.46662,0.0608547
6.88676,13.7519,0.108689
-12.6472,20.7004,0.074262
10.2871,10.7304,0.0501521
4.30017,25.7468,0.099101
-5.99662,24.8517,0.0551643
0.203362,11.9901,0.101269
2.29005,26.8825,0.121746
6.25193,19.2452,0.0842415
0.943696,20.5336,0.0559115
2.049,28.8703,0.127788
-12.6011,19.642,0.0685992
3.48002,0.669544,0.0846788
11.9602,17.7107,0.0702222
-3.95898,25.2526,0.112313
5.25136,14.4296,0.087234
-2.29484,28.0873,0.127619
-7.49278,21.8774,0.110138
-12.1528,29.6527,0.0800156
5.00729,25.2697,0.0667503
-5.96345,7.71081,0.0889242
9.60987,29.6907,0.0727739
14.5075,17.4206,0.0677002
-10.7219,9.92532,0.0895877
7.14344,22.8154,0.0679335
10.8416,0.307155,0.05
3.21775,9.44965,0.0742097
-9.16543,9.25585,0.0642733
9.52365,8.39869,0.0720326
-13.9143,7.56883,0.127921
13.555,23.6654,0.05
5.19776,10.0601,0.0711418
5.93707,7.84087,0.0777794
3.70224,28.1311,0.114206
2.94765,7.90981,0.0631342
2.73703,21.4154,0.0945833
-10.5637,11.7565,0.05
9.53836,27.1901,0.0723926
-1.83953,1.66287,0.0753137
-7.75731,25.8966,0.100175
-4.47092,21.619,0.117083
-8.71441,22.3624,0.082829
11.571,9.9514,0.0823053
11.7411,4.73185,0.0779216
-11.5172,10.7348,0.0705015
-3.44402,7.27579,0.05
-12.8958,23.5074,0.110286
2.64302,11.7334,0.0775021
-9.42248,14.8648,0.0540861
1.59079,5.79998,0.05
13.7632,13.6584,0.05
10.1103,15.029,0.0764301
10.1769,12.6093,0.109502
1.09062,2.13426,0.10226
8.19893,10.8926,0.109904
-1.43657,25.6136,0.0831654
0.984324,22.4886,0.0706858
6.02879,22.761,0.0567311
6.34997,1.08344,0.0610992
11.5169,2.10375,0.0902655
-13.0311,21.7042,0.0817406
-8.6318,17.5576,0.0738803
-4.54196,2.0503,0.0580495
-12.8745,2.49548,0.05
-0.719566,10.1264,0.0684178
12.3234,2.47762,0.0891474
13.7831,21.2016,0.117125
3.01908,21.4564,0.0839309
11.1585,28.1034,0.05
11.5251,24.589,0.101586
-0.730655,19.4363,0.0943423
-9.6152,3.48643,0.0657253
-5.23898,13.1471,0.0842265
-7.96445,11.4556,0.0742626
-14.6962,6.82873,0.05
10.2931,17.9283,0.104168
0.0490631,13.6906,0.0627633
5.98011,12.1937,0.116888
3.67329,29.5762,0.095314
-11.1328,27.7789,0.05
8.38736,29.7776,0.0931418
-1.67513,6.24644,0.0669128
-0.540352,28.3294,0.076089
-0.754113,21.9714,0.0535834
-7.9623,11.7427,0.05
-14.4899,28.3793,0.05
14.9361,26.9508,0.0639452
12.4552,16.8677,0.0587665
8.09994,5.95027,0.0584256
4.02425,9.8888,0.05
-4.98603,28.982,0.0737844
-14.8524,15.1861,0.05
-11.9553,27.6278,0.0772685
-0.15155,18.2464,0.0896048
14.1613,28.0712,0.05
-14.1544,26.1224,0.05
-6.80431,11.1173,0.0722299
-3.31259,10.8706,0.0940647
-1.95595,16.9992,0.0540544
8.68349,27.143,0.104805
-6.11634,27.5359,0.05
2.44457,2.37437,0.062823
4.05426,20.0182,0.0652777
6.74941,14.471,0.0822131
12.8366,6.99325,0.06755
5.44573,27.1488,0.0529346
-1.05152,14.3025,0.05
-13.8309,16.1663,0.101553
1.0457,15.6516,0.118063
1.45551,3.92823,0.05
-7.2757,19.4554,0.0920329
0.472878,9.09521,0.132343
4.93737,25.997,0.0834988
-14.9111,14.6241,0.0888501
12.9014,28.6353,0.05
2.24222,2.56197,0.11811
0.178102,4.03384,0.0775401
-11.3164,19.7642,0.0567093
4.80732,15.3988,0.0791009
-0.330135,17.7406,0.05
8.45522,10.1755,0.0526983
3.73671,4.5425,0.05
-12.0081,24.1426,0.0730512
9.48845,20.2668,0.0592977
1.5751,18.766,0.124194
-7.03194,21.6207,0.0853403
4.62313,17.0494,0.0628907
-9.1164,16.806,0.132897
-5.83377,2.93278,0.0925313
-5.27215,23.6011,0.0691997
5.73295,1.95855,0.0837456
-8.63779,15.561,0.0942634
-8.09355,6.67907,0.05
-6.54414,8.19865,0.105554
-8.23886,3.32291,0.0674226
6.14812,12.9655,0.0948303
-3.95863,7.23864,0.0771959
-14.5299,13.0527,0.0688687
-14.2667,16.0953,0.0959803
-14.4831,7.78725,0.0725227
9.20004,8.67321,0.056909
5.24258,9.69229,0.05
-5.11388,23.2704,0.0765954
10.5332,29.1716,0.0785536
-1.89378,6.43705,0.066481
9.88067,26.2772,0.05
-4.15148,16.7939,0.0668524
-11.7537,12.4377,0.0946473
13.0553,7.94921,0.0914461
13.0869,4.38009,0.105237
0.597703,22.7198,0.0994663
-9.43665,5.95883,0.0595741
-4.73431,21.4267,0.05
2.49563,5.2211,0.062539
-13.6439,15.0349,0.0662024
3.94608,29.2819,0.068783
13.9344,25.6441,0.0697932
10.3901,14.4164,0.0640805
-4.60974,16.8118,0.083161
-9.62803,23.6416,0.05
4.08133,3.80983,0.0657735
-13.0327,29.3519,0.0981371
-5.45123,19.063,0.0845724
1.43216,14.6389,0.0697538
-6.62156,22.9038,0.0940796
-2.41132,2.65575,0.0657605
-1.81228,28.392,0.05
-1.23658,17.1337,0.0735927
-13.8776,27.8009,0.05
2.22093,16.9557,0.0921679
6.87287,4.79255,0.0641677
-0.27298,25.8622,0.0508261
12.919,12.365,0.05
-14.1493,7.96967,0.126475
-10.1757,29.726,0.0974552
11.0846,24.3471,0.0907764
-2.40648,29.2391,0.0647668
-12.7035,21.7409,0.0852919
0.690276,11.2526,0.096022
12.3057,29.7521,0.05
-0.218049,20.303,0.05
1.35148,6.87691,0.0929816
7.42147,21.5507,0.0511687
11.8091,12.884,0.0847543
5.08137,12.2649,0.05
11.3601,15.1055,0.102833
11.2005,9.33176,0.0987061
-5.39966,25.1815,0.0707381
-1.81905,19.7164,0.0989091
-8.29542,26.0317,0.0642489
-3.6964,19.2512,0.05
-0.583689,3.63759,0.0694843
2.85023,15.6158,0.0721079
-2.12897,25.3517,0.090798
-7.14647,11.2334,0.104373
-10.273,26.1084,0.0674095
4.90598,17.4575,0.0726069
4.25909,9.22386,0.05
-13.2206,3.51582,0.109754
-13.4303,8.3693,0.0863606
4.00502,3.20016,0.087783
6.24196,16.7072,0.0805376
3.47324,16.9282,0.105785
-5.98997,16.9822,0.0811923
5.66925,6.05516,0.121179
9.35482,28.459,0.0510475
-0.74324,29.7767,0.095469
-4.27643,29.7519,0.0826754
14.7361,19.0734,0.0586035
-11.8144,18.2412,0.0887948
-10.1698,26.5128,0.0715618
8.63852,16.6402,0.0897277
1.24652,28.3173,0.115628
12.8161,3.16935,0.125968
-5.49121,15.7562,0.05
-9.87992,3.07387,0.0856361
13.9517,8.02936,0.0674068
-13.4014,19.9893,0.0971075
-7.36188,18.3243,0.0737238
-9.82305,21.9574,0.0606752
7.8472,23.58,0.086784
-4.81197,25.6582,0.0680495
-1.92556,27.3827,0.0794381
6.24519,0.184491,0.0727588
-14.6106,16.2212,0.0579606
3.68485,1.61469,0.079787
6.2572,24.2394,0.0872948
-9.14625,21.4883,0.0929573
2.78637,12.2848,0.101169
-12.2477,13.1384,0.0744934
-7.03166,10.2321,0.0570164
-11.1655,17.9912,0.0938862
-12.128,6.04089,0.066882
-5.75878,28.4805,0.07017
-12.3868,15.1355,0.086128
-1.15906,17.6495,0.05
-14.4633,16.5542,0.107923
14.2449,16.524,0.133588
-3.50119,1.50773,0.0526556
3.69896,9.18925,0.05
-9.24047,14.4117,0.0864646
0.697847,22.9956,0.0883583
12.0826,2.14207,0.0848912
0.564855,21.9678,0.05
-5.27071,10.8372,0.0680836
6.15758,17.4413,0.122125
-8.06476,5.28974,0.0752792
3.88008,27.4653,0.05
6.58827,2.46986,0.069303
1.02061,2.33608,0.0825439
-6.57091,29.009,0.067534
6.49935,10.3491,0.0959032
-10.8627,29.5179,0.106138
11.1122,27.8918,0.0663787
6.36159,3.02788,0.0839022
13.312,27.609,0.0556529
3.19505,0.862533,0.0646402
9.41952,7.09197,0.0578992
4.65843,16.8983,0.0923175
8.80583,5.01298,0.0891546
-9.83451,1.75425,0.10438
6.85334,28.5431,0.0843022
12.2387,22.9616,0.05
-1.45949,11.9132,0.0664765
14.2272,29.1184,0.10429
4.22632,27.8969,0.094067
14.9208,14.4023,0.0791815
-14.7435,15.1063,0.0850172
7.07188,13.9246,0.0743244
6.89228,12.4297,0.05
-11.591,7.57593,0.0626148
0.0467957,14.2004,0.0510598
11.2181,16.0223,0.0869491
3.1867,11.8555,0.0880392
-11.4786,28.3977,0.113572
10.6264,7.70722,0.0964845
-4.50857,6.80544,0.0918679
6.00328,25.5903,0.121508
12.8145,16.0748,0.0504266
-7.58645,29.6852,0.0952599
-7.55309,12.8845,0.086067
7.35346,8.62392,0.061582
0.100093,6.44289,0.101029
-10.1994,29.302,0.0683864
-3.65258,1.8244,0.0743707
6.44127,23.4201,0.103066
-11.0072,25.6043,0.116774
-4.1453,23.7061,0.119935
12.4777,22.4716,0.0645702
4.24078,22.0889,0.0640401
-7.75608,6.78342,0.0675943
2.29065,9.96728,0.0797891
2.35766,8.485,0.05
4.11495,12.4971,0.0791867
1.7118,22.2817,0.0508272
-8.10694,15.3951,0.108827
9.88429,19.8264,0.0634302
0.399133,7.02851,0.0837364
12.3316,25.5118,0.05
0.605615,6.47237,0.100763
11.7191,14.7779,0.0761745
-3.56224,17.7093,0.109982
-5.00867,6.52987,0.0709627
4.39292,17.8516,0.05
11.5766,29.7972,0.13663
6.20065,13.4961,0.0770953
2.17437,23.8144,0.0905888
6.7994,20.6351,0.0530761
-2.65911,24.2288,0.0852814
-12.8102,3.84804,0.0721699
2.26485,23.922,0.05
12.9958,11.9697,0.0732801
14.9373,23.8975,0.0627042
1.21695,12.2152,0.095319
-13.0556,12.8684,0.0629304
-11.6033,4.22645,0.0555207
-4.64075,21.3848,0.0525036
-0.789775,21.7142,0.05
9.36905,0.5572,0.0696796
-5.83489,4.79571,0.074611
-10.4864,4.5981,0.05
2.87197,14.812,0.0870454
3.36391,17.9042,0.0551849
2.46983,22.1237,0.0672558
-8.70417,5.34463,0.0975775
-6.05706,25.2594,0.05
-11.4858,15.3526,0.0521798
-2.4739,1.61422,0.125047
1.06756,6.32883,0.097551
2.26045,13.4924,0.0790183
-9.48537,18.0164,0.0551164
-3.09801,19.8408,0.0867917
10.4356,27.4942,0.103944
-6.79728,2.35821,0.05
0.997696,23.9976,0.05
-10.5034,19.3917,0.0784469
3.6201,4.47291,0.0858009
14.584,1.0972,0.0641122
12.8227,22.6394,0.0645592
13.226,11.0057,0.102567
-6.79806,5.51761,0.0740116
-10.783,12.937,0.0957077
-9.92833,8.88418,0.05
3.68608,7.70774,0.0905294
13.7966,14.3202,0.0587594
1.58216,13.7873,0.0729197
8.1075,17.2618,0.100043
8.86567,13.7935,0.102976
-3.62462,2.91206,0.05
-10.7313,8.81137,0.0741379
-13.5656,25.4105,0.0863519
7.83864,19.0774,0.104872
-12.1732,11.8985,0.070802
-2.45327,22.4263,0.0786785
8.04237,22.7927,0.05
13.4905,12.1813,0.0825753
6.0366,0.5897,0.0729915
-6.68496,22.265,0.109761
2.05747,23.2252,0.151718
2.12823,25.811,0.106156
-12.3627,1.75441,0.0589
-13.6593,6.06828,0.104448
6.58737,1.76189,0.0733306
7.96566,12.029,0.0532047
4.50608,26.2777,0.0663114
9.65344,2.2088,0.107939
3.50186,20.3765,0.0598067
4.64141,7.97581,0.11399
1.8975,29.5567,0.0805594
-14.1981,2.62981,0.0644459
7.82988,2.38703,0.0845353
-12.1336,19.8997,0.0637873
0.0323831,22.4565,0.0728887
-14.2184,6.59109,0.0553192
-2.96929,5.13918,0.0671172
1.97161,2.44669,0.0848809
5.94712,23.5417,0.0572827
-5.91404,15.787,0.0661223
1.74271,4.51809,0.05
-9.10814,24.2678,0.0897308
-1.70428,28.6367,0.0669127
9.8959,8.24695,0.05
5.93138,3.11167,0.0637107
-0.11768,11.8352,0.0627535
-0.703931,7.46183,0.0662784
13.4288,13.5029,0.0544754
-13.5547,28.0236,0.0577971
8.531,10.7974,0.0869723
5.14327,1.48777,0.05
8.16393,1.48388,0.05
2.77893,6.59322,0.0599699
-0.481595,21.9932,0.05
1.08935,24.9307,0.0807806
6.87606,3.66307,0.0714866
-14.7667,20.0764,0.078937
-7.51421,14.6778,0.111056
-9.10599,26.5121,0.123324
-3.40831,23.5704,0.0527229
3.66256,8.86655,0.05
-2.62239,1.45903,0.0897748
-8.81185,13.1832,0.0576559
-6.2541,16.3614,0.05
-9.95985,8.17578,0.0573218
-9.93197,1.96697,0.05
14.9497,4.68089,0.0503313
-8.95517,21.7709,0.0963787
-9.48888,18.1903,0.114288
12.1406,10.3994,0.0726761
-11.2185,17.2784,0.0932098
7.25903,13.341,0.0956045
-3.71455,5.46927,0.0623666
5.80403,22.9449,0.0805838
7.91251,8.15057,0.0985351
4.70435,8.3481,0.0912261
14.1689,26.1229,0.084194
-14.0398,2.69623,0.107231
7.02851,2.8522,0.0686302
10.0059,3.71608,0.0965865
4.33918,1.14389,0.05
5.26705,29.1071,0.0603118
2.41039,24.1682,0.0881611
8.97005,11.97,0.0983389
-13.8104,12.166,0.051213
10.2785,2.00098,0.05
-6.97666,2.89486,0.112871
-0.39401,6.36188,0.102239
14.6023,25.8443,0.0845493
3.85829,12.9296,0.0687305
-8.31206,3.21462,0.0631615
-4.68414,5.5615,0.0928032
-11.4756,16.0953,0.127207
-8.81792,7.78451,0.0731201
-4.98021,6.16757,0.05
5.06929,3.24816,0.0683552
-13.7111,0.863315,0.0726399
4.13889,28.9651,0.05
-1.83063,2.21487,0.0952483
-11.7481,25.5211,0.0875934
-5.93301,24.5948,0.05
-11.5278,24.6442,0.0660844
-4.76032,7.31119,0.052057
3.51516,1.35076,0.05
12.7387,13.7053,0.0864019
-7.21505,0.495694,0.11123
-2.4874,14.4525,0.078229
8.9552,23.0033,0.0689682
5.11455,11.621,0.084992
-0.37001,20.0861,0.05
-13.935,24.2031,0.0979464
8.66537,3.43021,0.0899232
-7.43338,9.89331,0.110966
9.52717,16.8078,0.0867117
13.5912,15.2068,0.0811683
4.55121,28.0505,0.0734258
12.1221,26.0537,0.0805381
9.88402,8.0865,0.110878
14.0938,7.37214,0.0791444
-11.0558,15.1406,0.100091
-5.53809,25.2076,0.0701369
-11.5283,3.79745,0.0895512
1.26346,8.23417,0.0840012
10.8484,11.1809,0.0521014
12.0735,20.5084,0.0598848
7.88996,5.07149,0.106754
-2.93191,3.71866,0.05
-6.44217,16.8996,0.0904704
13.0866,8.60434,0.0573078
-7.11772,15.3969,0.0859207
-5.8201,25.4401,0.0790808
1.50206,8.37196,0.0621733
-13.0789,18.149,0.0959864
-5.7092,26.0469,0.111853
-5.89458,20.2797,0.0705256
8.37412,24.2654,0.080551
11.2335,7.98597,0.0923883
-13.2223,21.3062,0.104302
-2.38508,29.4674,0.05
-2.63401,14.1752,0.059398
10.4786,29.6678,0.0755611
12.6857,18.8434,0.0833835
0.794562,27.6211,0.0764731
0.850292,16.6204,0.117979
-7.11269,6.85003,0.112396
-13.4942,27.5376,0.0884757
1.54207,28.1553,0.119613
8.81802,16.2473,0.0780864
10.6669,21.3635,0.05
-11.741,2.44884,0.0940799
-14.4022,14.7008,0.0818574
13.5932,18.596,0.0889567
6.17658,6.29413,0.0771273
7.2624,8.3653,0.0744157
8.18755,17.5211,0.0567013
-13.2447,2.17249,0.0602808
-10.1036,11.1952,0.102526
6.63947,1.40135,0.0581232
-14.6297,26.7146,0.05
8.5317,6.57454,0.05
-4.93188,12.4728,0.0537927
14.9238,25.8449,0.0762061
-14.9026,2.49946,0.0974003
-9.25716,21.7167,0.0857587
11.2106,5.8346,0.0571913
-8.57618,6.80526,0.107683
7.94401,27.0524,0.104785
1.25257,28.0666,0.0644324
2.91953,27.0941,0.0861177
5.3634,9.65952,0.0565307
-1.00163,13.1138,0.0732925
8.14044,1.76035,0.05
6.24473,26.1896,0.076231
-12.9716,11.5912,0.058629
6.32218,16.3427,0.0836858
-11.5244,29.8149,0.05
-1.59916,23.0086,0.109807
1.90581,11.4748,0.05
-1.93761,26.5222,0.106751
-3.25499,28.9238,0.0680627
-9.31672,27.1396,0.0815856
-3.10566,28.055,0.0620576
-7.02412,9.57771,0.05
4.32039,6.74319,0.154565
1.83447,0.974771,0.05
10.4496,24.4006,0.105887
5.21339,12.7879,0.0798368
2.60501,2.99643,0.0830883
-3.00816,24.6748,0.0770718
10.6414,20.2092,0.05
1.93178,13.5506,0.05
-7.42214,16.1894,0.0716929
1.50988,14.3312,0.0557132
-12.9605,23.8652,0.0634904
13.0236,13.9636,0.0686784
3.03907,5.45491,0.0684224
14.3084,20.7282,0.0517658
-11.6588,4.36401,0.0625349
13.4332,16.8147,0.101944
14.6536,22.6058,0.0603044
-9.60138,1.40383,0.0827706
6.0409,11.7944,0.0980861
-14.1245,11.176,0.103924
7.56508,23.5693,0.05833
-5.02398,25.9444,0.0924464
-2.31843,14.7176,0.05
10.6764,4.68189,0.083519
3.59275,18.8777,0.140038
-7.37143,20.0024,0.0819819
-10.7184,6.83633,0.0817371
-10.7944,2.17975,0.0802876
4.1439,9.13956,0.0886236
-1.87877,16.8392,0.0882875
10.6785,12.2237,0.12168
5.10027,14.495,0.0774061
-0.806868,28.3214,0.0905449
-14.3692,27.5726,0.06245
-9.21807,15.3212,0.0948635
-14.6438,17.7954,0.05
-0.529938,13.2803,0.126499
9.93436,14.1365,0.05
13.6901,6.4152,0.11451
5.79685,6.88019,0.106674
9.48957,22.8819,0.05
6.37041,23.002,0.054441
1.16402,20.0943,0.0916385
-2.14479,4.65231,0.0936792
-2.82263,18.4177,0.0506601
7.68636,12.3416,0.096299
7.46647,27.2123,0.081164
9.38375,13.914,0.0927424
-0.511038,16.6813,0.05
13.8248,9.47104,0.0628159
6.00168,22.9091,0.0777195
-9.94659,28.8028,0.05
-6.66947,11.6899,0.0803613
0.155727,10.93,0.0756984
2.40086,7.20474,0.053356
3.81399,1.50818,0.0876131
-5.90534,16.5118,0.131563
10.5643,6.19613,0.0563996
2.24996,19.9688,0.0549566
-7.21785,5.62384,0.103808
6.38446,28.4519,0.0910561
-4.68773,22.7563,0.0915171
4.75183,16.6978,0.113905
-9.06903,5.4576,0.0733257
6.97284,7.67814,0.0628404
-0.966949,23.3632,0.0638354
-10.4823,16.8887,0.05
7.70672,5.69415,0.0886713
2.16811,3.3739,0.12578
14.0859,19.1316,0.0561863
2.08772,25.4597,0.05
4.41105,9.59438,0.0525474
7.22103,1.38139,0.0766358
5.19763,0.883599,0.05
-10.896,21.3197,0.05
3.60446,15.874,0.106742
12.1735,2.39983,0.0797443
10.0973,5.7339,0.0782082
13.4448,15.1765,0.0683139
8.14977,11.4105,0.05
13.7401,6.98611,0.0956909
-6.93109,19.5528,0.106868
8.32961,4.89539,0.0537502
4.78466,11.2355,0.11454
6.01976,6.7676,0.0728034
4.72566,5.92044,0.05
0.605717,3.16617,0.0790351
1.88362,20.8113,0.0694381
-2.95351,10.4151,0.05
-4.73206,5.86833,0.05
-12.9818,18.3152,0.0964028
-8.92112,7.16332,0.0901566
7.61321,8.92658,0.05
-5.48974,20.7911,0.100378
-7.65368,6.69458,0.0679796
-8.49656,3.6795,0.0767391
3.25071,21.673,0.069382
-8.40218,15.1208,0.0598601
12.2941,0.422962,0.0617428
10.5135,2.63929,0.077172
-14.9253,15.4342,0.0746516
-7.62401,9.98767,0.101738
9.97865,29.1556,0.0741158
-6.74906,21.9752,0.0813564
3.47794,24.9011,0.106674
-0.516079,9.68194,0.082233
7.28406,4.0723,0.0542756
10.7002,13.6494,0.0939192
14.75,13.4555,0.110556
-11.0862,25.2246,0.0844733
-10.8865,1.46713,0.119714
5.99795,12.8734,0.0656773
-14.4467,17.7163,0.0559276
10.432,25.2784,0.120284
8.17931,29.0637,0.0766901
7.51585,26.6123,0.0767648
-8.0347,21.551,0.05
6.99458,9.08604,0.112723
-5.48337,19.3384,0.0761692
11.575,22.9556,0.0597756
-12.303,6.60586,0.05
13.9236,4.16372,0.0956722
11.3316,14.5293,0.0704456
7.57094,20.4398,0.109236
14.746,16.6615,0.0990172
-14.9285,9.06225,0.071491
12.4309,4.76019,0.0823737
-10.5209,17.7116,0.0580516
13.8681,19.5208,0.104739
1.03827,19.5051,0.0720934
9.72318,14.74,0.0916686
1.50948,11.0253,0.11392
-1.84455,0.316237,0.0883388
4.04817,26.1386,0.0954483
9.07913,4.16511,0.0887295
9.27799,1.47599,0.121653
-12.5712,1.4843,0.0993095
-1.4137,12.2584,0.0743608
-9.59212,17.7736,0.0963066
6.94932,3.13817,0.13343
-9.86316,9.49085,0.0731317
-3.28748,20.1181,0.061063
5.82081,12.4046,0.0913445
-11.0134,5.66117,0.0788791
7.25053,4.47073,0.05
9.78649,18.9867,0.075108
12.8157,7.51773,0.0981974
-0.212017,22.0818,0.0898203
10.4077,2.04304,0.0859152
8.77959,2.59342,0.0872846
1.52207,5.35709,0.05
-7.88414,21.3327,0.0581833
-13.557,29.5246,0.109608
1.98903,17.9326,0.0775525
12.3405,0.274076,0.0942208
3.43002,2.63236,0.11249
-8.49553,1.78378,0.0523252
12.1935,6.14015,0.0739593
12.3319,13.1697,0.0985352
6.03968,8.44878,0.05
10.9653,0.0499879,0.05
-0.507169,7.71823,0.0909547
13.1577,15.7237,0.0802063
1.99693,0.95073,0.0864898
3.75239,11.1807,0.0706784
4.90255,3.10336,0.0808856
-7.69949,29.9956,0.0753785
-3.55313,12.5183,0.061475
-12.6753,10.277,0.0722202
7.65681,9.21539,0.05
-10.6822,24.5906,0.05
14.8963,3.30905,0.0901934
-6.77124,29.6615,0.0858219
-11.6765,28.7396,0.0711269
11.7721,0.0969821,0.0970051
14.1605,0.550972,0.107169
8.56119,25.1195,0.0793345
10.5935,21.4666,0.0765533
13.7626,10.1875,0.05
-14.324,27.4696,0.05
-5.67097,5.08157,0.05
0.267188,20.1128,0.0773745
6.41317,0.258394,0.0970229
-1.47295,12.9599,0.05
-11.6739,16.6127,0.05
-5.50804,10.5427,0.098787
6.29017,6.54294,0.05
0.0461705,18.8044,0.0982683
-5.41759,22.7948,0.0712925
-7.2874,21.259,0.0728923
-0.116984,8.05008,0.0978342
-13.6024,9.4992,0.0562328
0.458341,5.89788,0.0543084
2.89345,26.4023,0.062626
2.80736,12.4498,0.0651937
2.75336,12.9615,0.0674496
5.69429,1.15191,0.0991893
14.7878,6.03766,0.0580404
-5.04053,7.64023,0.0667473
-9.64484,11.7488,0.0796371
4.71421,3.96622,0.068743
-1.4375,14.9635,0.0864809
-1.38709,29.3505,0.05
3.10124,6.61424,0.113379
-11.5895,10.6053,0.0777765
4.25224,3.79035,0.106253
4.75827,22.6398,0.0615668
-12.7369,7.14951,0.102774
-5.01564,26.3153,0.121583
-8.03675,23.9169,0.104903
-13.1106,1.93174,0.0830286
2.09932,25.6081,0.0988229
-10.76,5.24305,0.05
-2.86204,14.3859,0.0544219
-1.59963,2.02994,0.0756943
11.2811,3.8989,0.0841694
-9.66879,24.0025,0.0739915
4.51791,20.3684,0.0609685
-5.3516,18.4217,0.0998158
-6.59496,16.764,0.113795
10.6731,11.7203,0.068297
-10.6892,27.2959,0.099027
11.1176,16.7648,0.0575081
-10.6178,17.6007,0.0892191
1.20706,9.75362,0.085142
9.11836,9.94325,0.10056
10.9215,2.67314,0.0812007
12.6743,18.0842,0.0620857
9.50302,2.48158,0.0979417
0.542521,3.94075,0.0922621
10.5036,27.1245,0.0694734
-2.05548,9.50161,0.05
4.97861,11.5447,0.0708838
-1.30765,25.9893,0.065931
7.28701,12.4663,0.05
6.18956,16.3025,0.0545013
7.32763,1.16311,0.0918979
7.8546,21.2107,0.0617601
-3.58028,3.26789,0.0905192
-8.68287,26.5666,0.052844
6.94334,13.1427,0.127003
-0.287958,25.0561,0.055865
-8.83999,1.78511,0.0857352
-11.2577,18.4522,0.127658
-4.53202,14.3488,0.0710762
-4.23602,11.7748,0.05
-11.7599,0.988481,0.101765
-8.30606,0.513489,0.130478
10.8744,5.35775,0.095937
-3.92135,5.49569,0.120551
-12.8762,15.7743,0.0556046
-14.4641,19.3934,0.0551045
-9.76161,6.19976,0.0926649
-10.0546,25.7111,0.0826796
0.291073,20.4183,0.0980309
12.7404,15.0435,0.128122
3.803,14.2138,0.106656
7.68359,18.8811,0.139795
11.8107,4.45955,0.0882219
1.165,15.7969,0.0554754
1.23978,23.7715,0.0756076
9.5122,16.2316,0.0615259
5.3975,26.2073,0.0728119
-0.345235,5.00313,0.0637379
7.85066,20.5753,0.0521118
9.13186,3.79406,0.100167
7.42061,21.8174,0.0863486
6.48513,12.1742,0.107038
-2.75195,9.10534,0.0733231
-2.2337,19.497,0.0868364
-11.9361,0.819838,0.05
-13.6272,0.133474,0.072741
-0.46479,4.47678,0.0558725
9.05031,16.4615,0.0582875
2.7376,2.98508,0.05
6.34454,5.99972,0.108714
-0.379782,12.1382,0.05
0.813358,5.03923,0.0637238
-8.15321,3.17962,0.0995256
4.41982,4.36633,0.0711158
9.36633,0.413629,0.0694946
-11.019,22.73,0.0754276
4.82098,2.64845,0.0508439
5.69087,16.1797,0.05
-2.77344,1.01508,0.076192
-2.13712,9.71174,0.0970626
-5.36182,5.03057,0.05
-13.0267,28.1295,0.0672042
-14.245,9.91907,0.0693454
13.1425,22.1792,0.0959426
14.4959,12.4153,0.05
-7.61913,25.1396,0.0656808
11.9747,19.1769,0.0779282
-9.34526,15.4442,0.0767714
-9.89602,2.30984,0.0557084
-8.8062,4.55799,0.111124
-5.93351,23.7894,0.065868
-14.161,14.1562,0.10964
-12.8751,19.0925,0.0530155
11.1094,2.80465,0.0841587
7.96196,20.1131,0.0933689
4.91741,21.7574,0.05
0.687641,29.3394,0.0790457
-3.54483,15.5402,0.0866478
4.7017,12.4358,0.0548237
-9.29542,14.0626,0.05
5.03245,23.456,0.072662
-1.31562,28.0591,0.0567848
4.08378,14.1361,0.073618
-5.04839,14.4045,0.101856
-7.72526,23.2591,0.05
-3.86095,17.7129,0.0564613
9.09051,28.8784,0.05
-6.64173,7.66578,0.0913496
10.1301,7.80657,0.0893231
1.5659,16.9145,0.0877515
-11.3207,1.59587,0.114713
-13.482,1.45713,0.0924982
-13.4883,3.94272,0.103794
4.00966,8.75299,0.103396
-1.27728,28.7721,0.107052
12.7328,23.3165,0.0739624
14.9206,11.261,0.0793927
-9.14171,27.0105,0.0674644
-7.60294,26.7895,0.0579367
5.79805,3.60742,0.05
-3.76303,21.9662,0.0806251
-9.58788,12.1393,0.05
-10.6015,18.3187,0.0963849
4.64162,14.9376,0.110912
-2.46672,9.5175,0.100385
10.43,0.22368,0.0531832
-9.99687,9.75781,0.0806728
13.6756,23.9149,0.0559923
0.940046,27.1981,0.0908145
4.94642,27.2195,0.0970339
13.4843,18.2756,0.0959874
-3.36883,14.5799,0.05
-0.981464,28.6313,0.0548731
-10.4586,26.3152,0.0808642
4.04835,19.8761,0.0769732
-3.21909,10.2121,0.0708139
13.4194,15.8661,0.112181
-12.2176,20.899,0.0523465
-1.21207,7.91534,0.05
12.3655,1.90906,0.0839264
3.52028,7.18178,0.0509012
-1.54165,26.6929,0.0508542
10.2709,15.0767,0.0886546
-2.77306,27.583,0.0767862
-5.50743,29.4038,0.104428
12.1792,2.55309,0.0736328
-0.595265,12.5319,0.128251
0.546163,11.4003,0.110354
2.32337,6.95556,0.12204
-8.34551,3.37205,0.05
5.1137,29.5004,0.0921496
6.50724,26.4896,0.05
1.28104,18.115,0.0752365
-6.94267,15.3423,0.0974539
-11.9939,6.7954,0.0616951
1.09068,24.3884,0.125593
-3.8948,6.52616,0.098989
-9.48664,3.20824,0.05
2.24672,8.03592,0.0736716
11.9506,13.7775,0.0739
7.59126,5.52172,0.0790545
-2.49787,16.691,0.075225
1.04515,15.3279,0.119334
-12.2481,5.48155,0.0574342
-0.280602,0.742667,0.0947193
5.977,3.92671,0.0935781
9.52188,9.84983,0.0676802
-7.63293,4.18337,0.089996
14.222,28.598,0.0950177
-13.2202,6.7657,0.103078
-0.261313,13.1586,0.0634093
7.99747,3.76688,0.0722898
-12.4148,27.0981,0.133723
-11.8767,10.2097,0.0763271
-8.33853,15.28,0.102882
-13.0544,6.75229,0.0632917
-11.1369,25.7719,0.0951375
3.99687,7.6421,0.069937
12.9545,19.7716,0.0643284
-7.6371,24.992,0.0829904
-7.51267,22.5552,0.0707015
8.8818,28.1716,0.05
6.23107,21.6693,0.0773658
-1.23764,3.59848,0.0909835
13.4682,5.02396,0.0928334
0.862149,5.2391,0.0669991
-10.2064,23.2246,0.0781158
-13.8793,6.48519,0.0778066
-5.94452,7.02972,0.0562915
-12.8645,29.4622,0.101516
1.25047,12.5968,0.05
12.3949,8.72878,0.066926
11.7049,18.521,0.091798
-2.36543,26.0855,0.0500631
10.1492,23.1131,0.05
-12.1833,15.4212,0.0873172
-6.8401,23.9769,0.0557273
-10.2066,14.2223,0.0841097
9.25434,24.7765,0.0939886
-6.51514,14.3761,0.0761746
5.42016,13.218,0.100041
4.23236,22.9725,0.0669709
7.13303,15.0103,0.0708381
2.86399,12.1105,0.0896276
13.0197,19.5374,0.05
-12.1248,16.4483,0.103403
1.18101,28.9025,0.0738768
-11.0859,0.272891,0.05
5.52418,4.68635,0.0793171
-14.8039,11.4632,0.0759911
3.77178,16.9618,0.0545373
-9.02612,25.1451,0.102837
9.15403,13.6777,0.086178
-11.2745,10.5159,0.0953148
-0.091691,26.6615,0.0726578
10.5979,10.46,0.05
-4.60916,0.980263,0.0821976
-5.0551,28.5502,0.0936699
-7.21092,11.0787,0.0632252
-10.404,13.3502,0.117453
3.44862,14.3634,0.0589092
-0.484392,6.15979,0.0859628
13.5958,28.1453,0.0810437
-14.7188,0.870304,0.13524
-1.73859,23.1241,0.0712278
2.41756,10.361,0.123851
1.54545,22.3222,0.0738893
5.31263,27.8259,0.0817496
9.51423,20.6762,0.0552659
9.48743,11.5162,0.117238
-11.1427,4.22453,0.0689469
7.15861,29.6201,0.05
-1.00016,10.5702,0.113254
11.7148,9.62224,0.0659558
-4.68517,21.5815,0.05
-14.9026,24.0259,0.09743
-8.45579,17.2628,0.0731817
3.6839,5.42953,0.104866
-5.64591,27.652,0.0716129
-14.7,18.9754,0.125247
1.88422,14.665,0.0733422
1.52136,18.0451,0.1044
-7.69763,11.4764,0.0805849
8.60885,7.11631,0.0871341
3.21527,29.5238,0.0834791
-4.59541,7.68808,0.11298
-1.32889,27.739,0.106236
3.32296,24.6781,0.064627
-8.93285,18.3657,0.0724912
-0.0757662,20.1452,0.0522901
12.0255,9.91893,0.0693858
-5.00187,18.9639,0.07127
11.6795,19.4026,0.075338
-11.1003,11.5867,0.0876321
6.11317,1.03443,0.0631963
-4.95383,26.1144,0.0631173
-5.8535,22.0459,0.0842494
9.3798,15.3003,0.0850532
9.51696,15.9603,0.0793702
11.3058,9.03731,0.1337
14.4886,27.1224,0.0837141
-6.31314,9.23296,0.0898094
-3.439,14.4595,0.0656583
2.91487,17.9272,0.0752592
14.3999,14.0797,0.05
-1.42721,0.702137,0.11175
-9.13617,14.2824,0.0717858
-11.3509,2.02818,0.0867655
10.3188,21.9285,0.106772
-10.6055,16.0582,0.105667
9.52757,2.91686,0.0963385
3.42215,14.2179,0.0889903
-6.34595,22.2398,0.0732203
-5.13122,19.2944,0.0902699
-10.1581,1.58361,0.0909135
-6.61852,11.3541,0.0636283
-5.03359,26.9519,0.0597915
-3.44569,19.2509,0.0516473
-10.8536,25.9289,0.12976
14.9446,14.0402,0.0553844
5.83712,20.8813,0.101703
-7.631,12.7154,0.10013
-8.39337,14.1286,0.0561374
12.9709,22.8493,0.05
7.85547,18.736,0.05
-14.8298,28.6165,0.0611996
-9.1914,10.5778,0.0700572
-10.7598,10.8639,0.05
-1.3215,3.12979,0.0958023
-9.78858,13.8443,0.0760754
-7.35361,21.0392,0.0811985
-13.7609,1.55036,0.0588431
0.624884,25.4543,0.106569
3.98932,21.0348,0.0589032
-11.8949,13.5814,0.0698308
-10.1149,12.8052,0.10415
5.37785,6.69335,0.0999036
-5.89682,17.4321,0.0769912
4.03846,10.5709,0.0701805
9.36223,1.30242,0.0712898
6.62513,0.799277,0.073686
5.11418,12.3594,0.05
4.96294,7.1616,0.05
-4.42193,29.745,0.0629884
-7.22254,25.7174,0.0951667
-6.47016,6.18049,0.108394
-2.2741,24.9431,0.0840301
5.0497,29.9991,0.0628137
-9.58098,20.2292,0.0928311
5.2577,28.4685,0.0754034
9.44205,26.6468,0.0624848
4.17474,8.83713,0.0818945
5.03294,23.8824,0.142785
5.6168,3.44543,0.0636313
-7.77091,16.0105,0.0508511
-5.87199,4.07505,0.05
14.4615,20.4726,0.098932
14.3674,25.4171,0.0642035
-10.4348,16.2648,0.134744
-11.2073,2.751,0.05
-9.32857,14.8199,0.05
2.02943,1.78943,0.0747066
8.7529,11.4908,0.0623842
-4.21679,18.3324,0.0846051
-2.4354,9.22074,0.0790779
0.480259,13.3608,0.0771265
-12.049,18.1798,0.132312
-5.85362,5.31368,0.0969549
12.4087,26.0136,0.0709593
8.45314,11.5823,0.05
9.05854,11.1485,0.098121
-6.0412,24.9962,0.0960631
-12.0719,0.831925,0.0863848
8.03657,12.8953,0.0638032
2.87405,2.90068,0.0685998
-1.69801,16.3628,0.0734095
-13.2935,29.6931,0.0780917
-12.2908,8.87063,0.0910733
11.7989,8.44123,0.0855555
6.07993,16.4096,0.0888457
5.72234,26.2719,0.0953513
-1.41324,22.286,0.0704801
12.3475,29.9463,0.050109
-11.8045,27.0611,0.0758118
8.05786,0.173457,0.146328
-10.511,4.93045,0.0582317
12.6469,5.75813,0.0611262
12.4898,10.8557,0.0789461
-0.948764,23.1448,0.0691788
5.23421,18.1903,0.120919
-2.65243,22.8622,0.0618127
6.07995,0.0964997,0.0965074
-6.60559,29.7187,0.05
-5.6412,28.588,0.0891545
2.84351,7.84043,0.05
-2.71685,17.7559,0.120236
6.01858,27.6138,0.0845914
7.44268,12.0057,0.0810437
2.93515,18.5084,0.081539
14.7542,14.468,0.0999075
8.86986,12.6386,0.091173
-7.26411,23.3839,0.108468
-2.6129,0.0648759,0.0648759
2.28904,1.7782,0.0642432
-13.2955,13.0404,0.0644597
-11.4564,12.5813,0.101217
-0.726091,6.05996,0.0781305
-13.9998,26.725,0.0656054
8.71719,3.90528,0.0620788
3.17731,14.4766,0.0765245
6.8998,26.335,0.05
10.0189,2.63552,0.0906086
-1.56705,11.182,0.0579267
6.89873,7.42842,0.0821587
-4.33495,6.97759,0.0622447
5.66345,27.1817,0.0674439
-12.5938,18.5021,0.0874862
-11.7545,23.4167,0.05
12.6655,3.89135,0.0855135
11.2312,8.29023,0.0684392
-14.4961,20.5385,0.125847
1.8244,4.27617,0.0952343
-7.23002,8.23831,0.0916355
-10.6657,11.6282,0.0701129
-6.86009,8.60493,0.117549
-9.5918,22.1955,0.113426
-11.1153,20.4672,0.0840448
3.37664,7.47671,0.0559079
8.72345,13.489,0.0574595
-8.21674,13.4647,0.109245
-2.2215,3.08953,0.097115
-0.422694,17.487,0.110415
5.42006,18.3943,0.106199
7.24939,17.34,0.05
-14.2008,5.99294,0.05
8.79585,22.7924,0.0931916
7.95508,9.05862,0.05
10.1859,22.6794,0.0776739
-3.77046,24.4675,0.056865
9.63101,9.60937,0.0713985
9.62814,15.1894,0.0854768
9.00736,13.8823,0.0642198
-5.58084,9.77551,0.05
-3.2112,28.3302,0.0616439
-0.459423,16.4383,0.0555884
8.56773,17.4631,0.103564
8.49371,27.4536,0.0709592
5.55242,1.29381,0.101482
12.7159,24.0856,0.0789424
-8.86603,22.5438,0.05
-6.87547,27.8117,0.0838973
-6.40981,21.2242,0.171411
-3.00705,21.4716,0.0885665
-1.88055,20.0208,0.05
-3.81743,16.2992,0.0698566
7.63012,25.6727,0.0517984
-7.2883,27.3275,0.115308
-8.56478,24.5193,0.0976974
-6.8584,26.3807,0.0565229
3.11315,2.68919,0.0697538
-11.2568,4.33976,0.0931831
3.51788,20.6182,0.0553876
-6.8285,11.4836,0.05
-3.26969,0.574455,0.0538327
-6.57103,9.83914,0.11493
-6.95138,28.4607,0.0909971
14.234,2.31706,0.124595
2.95318,20.7552,0.100221
0.277405,2.06285,0.0578657
1.09721,21.4578,0.05
11.8313,6.90664,0.0742188
-12.7091,17.4177,0.0844641
10.5815,23.3965,0.05
14.8162,6.35544,0.0592817
6.82112,21.153,0.106179
2.53035,23.7347,0.0807483
1.51913,13.9698,0.0526655
-5.09267,22.8908,0.0588937
-9.00734,16.1978,0.0754806
-1.69259,22.6825,0.103476
14.5094,12.2441,0.0700919
-7.06335,11.0927,0.0590359
0.764708,1.85264,0.05
6.0249,26.6746,0.0870104
10.4412,12.0998,0.0732666
7.61456,23.3942,0.123512
12.7519,14.2794,0.0801597
13.6275,2.08298,0.0970139
-3.0269,4.7248,0.129323
-3.61546,5.67019,0.0560136
10.8875,14.9738,0.0926336
5.53596,29.7475,0.0932116
9.48733,17.2695,0.0818466
2.11718,11.5804,0.0893718
8.15282,24.6611,0.0890579
2.64,0.0606086,0.0606089
-3.73885,12.7296,0.05
5.48652,19.5198,0.05
9.63178,26.9739,0.151444
7.47926,14.2861,0.0934955
-5.53539,17.5412,0.0967708
6.79242,15.5045,0.0719292
-3.86596,20.6355,0.0955501
9.35856,22.0958,0.120606
-2.3063,5.86441,0.0830755
-2.09408,17.0573,0.0917331
10.3462,25.4359,0.0591178
9.1535,8.11927,0.101042
-3.19639,29.7355,0.0685888
-0.374715,4.54019,0.0542861
-2.41869,25.9946,0.0553337
-8.8812,28.1997,0.0680138
-6.88339,1.92733,0.0918499
-0.581254,1.89507,0.0634645
-11.6807,1.35876,0.102495
4.8838,0.473932,0.0881797
6.07912,8.29727,0.106552
-7.6909,20.9919,0.0629488
-10.6412,1.83499,0.0551695
3.47106,4.20836,0.104602
-2.37449,13.4611,0.05
-1.78881,0.642724,0.0783998
-6.31972,15.1404,0.0813614
3.93047,1.13374,0.0840891
5.41821,26.5845,0.111023
-7.62356,4.85281,0.05
-9.57484,22.9442,0.112455
10.0459,18.4266,0.0584052
13.803,24.5192,0.0979112
-0.563023,8.10979,0.0832563
13.0604,6.08993,0.0574305
4.97921,12.4979,0.129542
-4.63958,3.34882,0.0719855
5.59439,13.0373,0.0725494
-4.2023,7.72687,0.120145
3.31639,29.4127,0.0667673
-9.56713,26.0752,0.0699415
9.57227,22.1686,0.0955373
13.103,12.7993,0.0957007
12.8798,10.6067,0.0797361
-14.2502,20.4432,0.0692792
5.66771,27.4833,0.125284
-3.99712,20.0526,0.0808876
3.52751,26.6779,0.074856
-7.70043,1.44669,0.0734232
2.68097,0.21796,0.088645
-8.4655,7.12921,0.081512
7.73038,11.029,0.0973521
7.15517,8.80349,0.0560162
-5.17341,2.58759,0.0727871
-3.81296,0.334988,0.05
14.3237,19.4887,0.074754
-4.57656,0.0684637,0.0684777
-0.510872,28.5636,0.0672074
8.81517,2.2534,0.0626652
-7.6964,27.451,0.078797
-3.10093,20.9338,0.0798145
-8.22288,15.1065,0.105614
0.0462396,19.0983,0.05
-0.748147,7.16648,0.0908048
-13.0262,0.711787,0.058881
-5.19767,14.4323,0.05
12.57,0.564716,0.0603012
-2.44201,2.88152,0.0900825
7.26701,19.2995,0.0911341
0.986092,14.4826,0.0773033
2.89153,24.5236,0.0988364
1.79773,27.0695,0.109112
-1.09778,27.1632,0.05
-5.1295,22.2685,0.05
-8.10591,9.98762,0.05
-14.5712,15.3471,0.058968
12.0546,15.9157,0.0590499
-7.35643,17.9608,0.0743122
10.9706,28.8614,0.05
2.9485,10.7411,0.05
-11.4602,6.26848,0.0714936
-14.7588,24.0989,0.0638456
-13.8155,15.2549,0.05
-2.01795,29.4162,0.05
5.94961,29.2494,0.0925092
13.939,11.257,0.0641737
-9.20437,0.996213,0.0789903
6.77654,23.1242,0.0611968
8.5454,10.9809,0.0970384
-4.50012,7.27654,0.114587
3.1794,3.39234,0.0922333
5.34506,17.4075,0.05687
-5.3168,24.5276,0.0656173
1.61605,18.2361,0.108742
1.48669,14.4817,0.0966273
-14.3683,20.4145,0.0522514
13.0863,19.2037,0.0776712
5.10859,21.7712,0.116801
-5.46596,1.3519,0.0909647
-8.3181,0.278364,0.104882
7.62785,1.18654,0.102053
-12.9138,4.02104,0.0771045
-8.16148,26.6029,0.0759857
-5.81453,17.3014,0.0774617
-9.79961,8.88982,0.0788493
-10.6931,20.9228,0.05
-1.32762,19.5557,0.066994
10.218,8.26855,0.0896596
-10.8279,7.18401,0.0966427
-12.418,7.9849,0.0703987
5.92188,2.96303,0.0852603
13.3636,1.59882,0.0671032
1.06427,0.830949,0.111444
14.5935,16.99,0.0798277
-13.4846,26.7027,0.0766141
11.6975,5.9354,0.05
-2.64852,26.4668,0.0530376
14.7319,2.94177,0.0665412
-7.9589,27.6523,0.120994
1.45752,20.8762,0.109427
2.09429,3.04091,0.0765871
-14.95,2.81843,0.05
13.2647,28.5331,0.0593431
8.82,18.7941,0.122985
3.38485,9.15067,0.05
-12.9744,25.9984,0.112098
10.6882,25.8094,0.0571134
3.46721,24.5561,0.0866369
-9.10677,4.22228,0.0758353
0.807936,22.6695,0.0742574
-1.11601,7.23347,0.10814
-10.0903,27.6264,0.0777565
-5.94413,14.5617,0.0715563
-7.16218,14.0453,0.108108
6.68982,26.9921,0.0806607
-9.68062,1.00957,0.0922419
5.0934,8.21062,0.0863186
9.42266,4.44214,0.0555191
-2.80556,24.9236,0.0978223
-4.77732,25.3501,0.0924294
3.88093,15.9554,0.05
-6.67179,10.1759,0.0766298
6.28826,7.02096,0.0775683
6.16084,26.027,0.106604
2.16435,22.9727,0.111067
6.44276,4.06344,0.0676635
10.781,5.47294,0.0522438
7.84385,0.128829,0.05
12.0401,26.4497,0.0944445
-9.55397,9.02108,0.05
-4.86807,29.85,0.0849467
-5.45732,13.0385,0.0565055
11.7843,19.6438,0.0625379
-0.158459,11.4052,0.100847
-14.1791,12.3527,0.110587
12.4812,11.1246,0.067523
9.99939,14.6293,0.0617645
-6.20056,21.6918,0.113632
3.17617,18.6684,0.145064
3.44513,29.9151,0.0553874
1.75128,5.3735,0.0789246
7.34273,23.4349,0.102675
-14.9125,8.11587,0.0874828
-8.92554,14.8918,0.0608684
-14.2783,10.0851,0.093102
-9.44351,28.4516,0.0579953
-3.79289,24.6445,0.0659247
-14.4641,19.8832,0.0794315
-13.0584,1.05649,0.0565658
9.59523,25.6071,0.100639
-14.8837,23.3983,0.11631
-12.5142,29.1761,0.0919822
5.1277,11.9318,0.0747629
3.31099,0.589646,0.102305
-11.1808,3.6093,0.0714925
2.45016,3.58738,0.118968
2.64187,25.5546,0.0636065
-0.412114,17.8536,0.0738391
13.3589,12.5246,0.0852764
-6.09154,21.5331,0.0788776
10.2869,9.10756,0.0749272
-2.87743,23.2865,0.0907768
1.11855,19.7796,0.0635471
-14.5972,5.59767,0.0954262
2.85033,20.2456,0.0965425
5.90398,24.7899,0.0767285
-9.40768,7.97914,0.05
3.93249,29.3999,0.05
11.848,1.55532,0.0684597
-12.6177,16.7675,0.0710124
5.3952,4.8933,0.145398
4.72406,14.3066,0.0601929
-8.25399,19.5576,0.05
7.03704,5.472,0.05
-0.630349,25.9303,0.0503814
5.84426,3.71455,0.0666777
8.06986,5.75509,0.0743351
9.99457,15.8863,0.0908838
4.12055,27.1021,0.05
-6.30277,4.9472,0.0664813
-1.75191,11.7578,0.0576095
-9.71915,7.3158,0.0571243
1.20521,29.378,0.0912986
12.2785,10.9159,0.140755
0.495373,29.9396,0.05
3.08515,19.4007,0.0789053
12.5551,12.7159,0.0789016
13.5845,4.90694,0.0721026
-13.0481,12.6114,0.0926953
-2.5124,11.1453,0.0947012
-13.591,23.4866,0.05
-8.79252,16.914,0.0776412
-4.27831,23.2474,0.0883676
4.33866,29.8486,0.0520436
4.53589,1.17923,0.0825255
2.15697,0.907789,0.0787109
9.52378,28.0694,0.056442
10.0097,0.587653,0.062439
12.2947,4.17425,0.114039
-2.53989,15.3339,0.0724015
5.1421,5.16535,0.0612992
6.78285,9.60381,0.0792291
-2.7458,1.35525,0.0715129
-2.53126,27.3638,0.0939797
-10.84,28.6382,0.115994
-8.89927,9.23366,0.091067
4.95251,10.5614,0.092287
-9.03406,3.82323,0.0757381
4.78629,12.5949,0.0864
-8.73134,21.6701,0.05
10.0341,29.2794,0.0615112
7.62185,0.239622,0.119329
0.972815,1.3134,0.0520842
9.78238,3.34325,0.1093
-0.360449,13.5494,0.0508419
-10.5447,23.4113,0.0983388
5.02866,7.91339,0.0625131
-1.83697,22.9932,0.0925159
6.38029,13.2743,0.0536431
-3.36078,19.1584,0.05
2.30817,1.04343,0.05
2.32753,28.6561,0.05
-3.55034,7.25393,0.0585444
-10.6636,0.8449,0.0809435
-4.94741,0.798133,0.0514283
13.3345,25.5416,0.0998582
12.2986,14.0592,0.05
-10.1373,16.8049,0.121557
4.49401,6.85136,0.05
-10.528,0.486101,0.117703
-10.7086,17.0761,0.0814313
-0.0697194,0.573452,0.0573301
-8.56731,3.51584,0.05
0.444242,18.9838,0.0574275
-8.03239,19.9354,0.106113
9.1668,26.7705,0.05
-10.9247,22.5085,0.0727053
5.87461,0.796651,0.0877848
5.96559,21.4439,0.101096
1.43414,4.60049,0.0710997
-12.2792,18.3889,0.056071
5.18535,21.9193,0.05
11.5876,25.5447,0.0956576
-2.05967,16.2836,0.0630395
-13.1686,2.4943,0.111298
-8.11794,28.8741,0.0822868
-0.310971,11.2966,0.0863507
4.46179,29.5803,0.0722473
8.13439,13.6681,0.0779709
3.43268,12.9885,0.0504209
10.791,22.5985,0.0886021
2.13113,5.81593,0.0773418
6.90632,11.364,0.0991026
-13.2873,3.93035,0.097619
3.76629,8.05711,0.10271
3.18437,11.4265,0.0904101
-10.142,18.6968,0.0694322
3.21857,23.5422,0.0915593
9.52378,17.7668,0.0962769
2.8719,22.2916,0.0777311
13.8631,16.9286,0.103432
-5.46234,27.8905,0.05
-13.8429,17.9637,0.0824778
-14.0417,15.7787,0.0921517
-2.69646,7.14695,0.05
11.0534,26.1619,0.0884415
12.6463,18.1928,0.05
10.0815,3.39529,0.05
7.50278,18.0094,0.115226
-8.44405,4.86285,0.0698963
-1.12735,28.128,0.104399
6.12947,26.565,0.0644135
14.4813,1.69073,0.0590117
-11.6394,6.73464,0.083576
-14.7034,20.5062,0.0838922
-2.7645,23.4952,0.05
11.9564,7.39747,0.0530056
-5.40076,5.22972,0.0581021
5.90785,27.4461,0.116361
5.33004,28.3452,0.0675698
13.8673,18.6725,0.05
3.42488,18.0952,0.102528
-11.8011,23.1791,0.0763513
-5.7164,15.6916,0.102878
5.01563,25.5259,0.0697681
-1.08165,16.1161,0.0803264
4.506,9.1726,0.080611
-0.141334,29.3679,0.0573116
-14.9326,5.37249,0.0673554
8.38737,9.73079,0.0949236
6.24282,25.6286,0.113349
5.4814,2.04087,0.0619002
8.62621,19.5231,0.0539899
-3.01899,20.2512,0.116318
-5.57482,6.5146,0.115174
12.4724,28.5456,0.0560597
-12.7566,5.6041,0.0791446
0.102744,26.5791,0.05
0.0681812,11.0434,0.0675182
-6.39302,7.91486,0.0596465
6.2479,26.4053,0.05
10.1257,7.19859,0.122577
-7.8825,23.3194,0.0584795
-7.54367,3.87116,0.102974
13.5516,3.69751,0.071328
-4.33755,27.6954,0.133233
13.7058,11.5529,0.0853998
-0.998272,27.6962,0.05
-7.80689,25.4981,0.12356
5.63751,28.0799,0.0972364
-9.81244,0.852098,0.112265
14.6074,14.6833,0.05
8.55462,8.45005,0.0640267
-11.574,28.1371,0.112161
3.38815,20.1038,0.0674031
-0.10222,24.3297,0.05
-10.4602,7.95128,0.0756762
11.6946,4.07577,0.0741715
-5.61923,20.9806,0.12898
3.64986,13.2606,0.05
14.6646,11.7337,0.143778
11.2852,2.3503,0.0724005
1.03958,20.7832,0.122361
-4.5369,24.2637,0.0649185
-3.22853,13.3978,0.0745201
-1.35946,6.23137,0.101947
-9.9054,24.6951,0.108429
4.86372,14.6749,0.061915
-4.56906,23.5933,0.103785
-12.6819,23.073,0.0607855
6.26289,0.916156,0.127495
12.7191,22.6884,0.05
-13.7152,1.70301,0.0968382
-1.48434,3.71139,0.0575585
6.36577,22.0772,0.0995244
0.647664,1.64483,0.109966
-10.0058,9.0977,0.05
-10.0654,28.4535,0.05
-4.85717,14.4494,0.0945799
6.4411,13.188,0.0519608
8.00028,14.9962,0.05
2.34709,10.578,0.104353
-5.05686,5.10022,0.109583
-6.68201,2.55208,0.088535
3.67005,18.5406,0.0730595
-9.2934,0.560238,0.054886
-8.26802,16.1578,0.0717057
-7.36137,22.9201,0.0534259
-2.15271,4.79575,0.05
5.60548,22.9557,0.118249
4.7871,7.43471,0.103979
12.3578,20.4055,0.0985652
-7.26825,5.8381,0.116302
-14.2601,11.6544,0.0915789
5.0192,24.7472,0.0730982
0.813454,8.14544,0.05
11.4981,28.6173,0.112485
-4.33018,6.82751,0.0878904
-10.1447,16.468,0.0547184
-2.47621,29.5141,0.0523537
-4.62234,10.6234,0.063322
-1.38419,10.0236,0.0745597
-7.12366,16.091,0.0798955
-11.582,14.9915,0.116397
4.33039,5.64659,0.0610955
7.63027,1.46344,0.05
8.07068,7.53836,0.112299
11.6547,17.1969,0.0599711
0.248436,1.78158,0.0839591
-4.45179,6.47946,0.0635253
-12.0838,20.2101,0.0826978
-11.3177,4.68742,0.0820709
-1.52391,5.32147,0.0911586
3.73874,26.8303,0.0816812
9.64444,22.8864,0.104941
9.78852,11.1667,0.0865529
-6.33372,29.7349,0.078094
7.52372,3.25406,0.112035
6.39431,7.55455,0.05
10.1559,18.761,0.105139
14.6268,5.91627,0.05
-3.67694,25.0477,0.05
-12.9648,20.9661,0.0621086
-8.93453,26.4255,0.0687622
-13.7288,22.5542,0.0869272
14.9235,26.6375,0.0764913
-0.0483157,6.87401,0.09867
4.72873,13.315,0.0733272
-6.49032,4.68689,0.124576
10.9983,6.75076,0.0672617
10.8873,19.1673,0.0799401
-1.13042,26.6105,0.131693
-13.4436,23.839,0.0904075
-14.2128,5.50671,0.119069
8.06184,20.3804,0.0960172
-3.83421,12.8659,0.104285
7.51171,22.3019,0.0806794
-7.82889,29.2583,0.113286
13.6444,11.9982,0.05
-5.15619,21.2752,0.121473
-5.46414,17.2185,0.111841
13.2366,13.2411,0.0745564
2.14223,2.22201,0.0981832
10.6428,21.7772,0.05
-11.9326,12.5671,0.0559385
-6.9301,15.6603,0.05
5.75542,14.2366,0.108557
10.7327,11.0176,0.099487
-12.1983,21.517,0.05
-2.78964,3.58212,0.0591604
8.3458,21.4944,0.0549407
13.5802,16.7763,0.05
-4.28783,2.27103,0.0986917
-5.07521,23.7853,0.0884731
-1.23776,2.87305,0.0628906
3.42155,12.0821,0.0990977
-13.732,27.5079,0.0658684
1.567,18.5459,0.0960693
-5.27178,28.1456,0.0657729
-1.63228,9.88146,0.0921084
9.29615,21.9208,0.0652405
14.8989,12.007,0.101121
-13.2631,8.79817,0.0865301
12.8039,23.4633,0.0841321
11.9261,9.50223,0.0771781
-0.738874,21.301,0.076713
-14.6871,9.61413,0.0782708
-6.43786,26.0462,0.084388
1.31528,25.3409,0.0789921
-2.42955,9.88445,0.126865
14.6291,8.69984,0.0867851
-12.2863,12.8532,0.0848987
-1.29868,29.4515,0.0827392
-14.1397,6.13879,0.108125
-13.8139,28.7925,0.0746927
-4.29336,22.7007,0.05
-0.368034,26.5525,0.0597278
-12.0149,8.27765,0.087761
-4.22107,18.6664,0.0538483
9.64935,29.149,0.0549753
-9.15369,5.8162,0.0720015
9.70035,16.3793,0.05
-4.59428,7.47239,0.10272
4.99533,8.06308,0.0908435
8.20492,27.9596,0.05
14.9138,22.3352,0.0861978
-7.29532,16.0566,0.0692465
2.15414,16.5158,0.0912072
-4.55534,6.54463,0.058662
-14.2819,8.69943,0.05
-0.441475,10.4385,0.0524855
-14.0976,27.3237,0.0664643
12.3648,21.9684,0.05
-13.3286,1.4102,0.0679107
7.65988,18.1069,0.0696858
14.6374,26.7546,0.106494
3.24921,28.3191,0.0771062
12.3665,27.3593,0.110953
-13.9696,23.5668,0.133729
-2.22916,26.7047,0.0701319
-2.77643,10.2952,0.0924025
14.5449,12.5346,0.0627293
-3.37919,27.6239,0.0600405
11.2769,2.97281,0.05
5.68968,3.31286,0.0876455
2.0178,5.15879,0.0548933
2.08786,14.4296,0.0679411
9.08079,0.461828,0.0974462
-6.31486,25.1306,0.107395
0.622885,29.1176,0.141205
6.34157,4.73916,0.0884998
13.6744,20.3867,0.125575
-3.83472,25.0691,0.109223
3.61924,7.09996,0.0695628
11.1058,24.7923,0.0644656
10.1853,6.30479,0.0691355
6.42731,1.28841,0.0556464
-8.93874,2.60971,0.0917041
-10.3659,25.3143,0.05
14.7425,17.8031,0.0856891
10.3603,19.6142,0.107542
-5.77857,10.1554,0.0782037
3.83792,18.2203,0.0751635
-8.83847,14.5474,0.0877311
-4.47112,28.2427,0.0680479
-14.7689,12.4115,0.05
-0.117124,5.43223,0.0891702
-9.05705,15.9036,0.0576346
4.75708,1.36732,0.05
6.44865,5.41796,0.0876429
-13.0789,12.2826,0.05
9.94032,22.597,0.0614393
-3.45324,8.2917,0.107426
2.08113,3.19868,0.05
-9.69019,20.0046,0.05
6.02734,20.3566,0.101056
13.7267,27.0724,0.0721812
4.57638,6.97745,0.100607
-6.56287,12.586,0.0727186
1.63124,12.7656,0.0760807
5.1147,1.5836,0.05
14.4245,9.4844,0.0740058
-2.38824,1.31252,0.055148
-4.91706,14.8852,0.130232
-5.5535,25.5548,0.0826909
3.95485,27.8611,0.0538918
1.5496,3.70093,0.0729574
-6.55009,4.49035,0.0808559
12.8269,18.6603,0.0726133
-13.406,17.3905,0.0966739
14.37,6.92421,0.0782903
8.79324,9.95114,0.0900883
4.95044,3.35746,0.0835693
-4.16814,4.82273,0.0972435
-5.02744,20.0826,0.0685551
-13.5385,7.03475,0.05
-4.57201,27.0238,0.05
0.516664,6.05879,0.0547265
-0.361055,9.89662,0.0556684
-8.93465,14.001,0.0854795
-1.31523,1.63476,0.05
-11.1009,27.896,0.0713152
14.4022,3.85046,0.104898
13.2061,16.5592,0.0676622
8.9649,27.84,0.0819056
13.0852,22.8598,0.05
-4.02066,10.8244,0.0768657
3.30535,23.1029,0.072633
-13.5022,26.408,0.09234
11.5496,7.54173,0.0905438
6.92075,8.21297,0.0516138
-5.6535,10.0797,0.0679737
0.971323,12.7809,0.05
1.24943,19.1035,0.0875508
7.20529,25.1846,0.0539824
14.95,19.1059,0.05
-13.7697,27.1392,0.0668862
1.53187,11.6592,0.123839
-10.1187,23.0418,0.124681
10.7182,13.4715,0.0848773
7.98322,21.9169,0.0779051
5.36407,4.1635,0.05
3.47034,0.535257,0.05
-6.03019,2.97452,0.108296
6.69834,14.6139,0.0694886
-9.30838,16.686,0.0920779
-13.5598,1.81273,0.0934207
-12.8925,10.0366,0.060657
0.0576317,8.97972,0.112551
12.3944,19.124,0.05
-9.87181,6.09859,0.0553021
7.06052,2.36367,0.0929564
9.38972,1.90877,0.0569994
12.5149,7.75937,0.0722324
-2.57525,1.10936,0.0778636
-2.87489,16.0321,0.155969
14.8493,4.85006,0.0515235
-12.1895,12.1454,0.068426
-10.6764,23.5708,0.0712626
14.2526,27.1305,0.143818
3.17887,24.41,0.0744159
3.52997,2.38432,0.05
6.88723,8.61677,0.111937
-11.7336,7.62925,0.0711331
13.7565,27.8465,0.113476
-11.854,5.58112,0.0826256
10.8762,3.02497,0.0934438
-8.52297,1.90183,0.068877
3.686,3.76637,0.1028
7.34403,22.7935,0.13384
-10.7179,8.48896,0.0756118
7.3883,3.69115,0.05
3.3462,14.9781,0.103774
0.0350568,15.366,0.085231
-1.78321,14.6476,0.0595648
12.7143,5.88303,0.0757504
14.5856,25.3296,0.056041
-14.7579,0.233639,0.0644415
-5.22416,12.7176,0.0867145
-7.82217,8.64063,0.118189
-8.53412,24.0544,0.114598
6.40088,2.66441,0.0551222
-14.1554,22.6597,0.111072
-4.82004,19.246,0.05
-6.66013,4.59285,0.0695326
1.86587,11.6884,0.057613
4.90245,28.8549,0.0897654
3.00603,11.377,0.0946702
5.07943,18.014,0.05
-1.1456,15.5106,0.0770813
-10.1839,18.8654,0.104283
-10.9141,14.9911,0.105841
6.73712,19.7077,0.063014
2.62213,21.9392,0.0506539
3.71009,23.2227,0.0868879
2.18321,8.1801,0.0838828
-4.80963,21.979,0.0596197
-10.4136,17.2206,0.05
-1.26411,23.4949,0.0721063
-6.20231,21.1027,0.0690674
-6.30678,24.9074,0.115942
3.77273,24.2562,0.079485
6.00915,23.7877,0.0611865
-14.4729,3.37212,0.05
5.7433,7.87711,0.118964
-7.2667,20.3748,0.05
-12.953,27.7255,0.0724521
-12.8509,9.20462,0.0507889
12.0356,2.30421,0.0839216
-3.48866,27.597,0.0526628
-14.3054,3.93109,0.05
-6.77207,18.636,0.0896577
6.937,24.6261,0.0776152
-0.946618,12.6952,0.0572652
9.29817,17.3978,0.0618558
-2.01715,15.0099,0.0595897
-13.6205,8.11941,0.0937819
-9.64422,1.66657,0.105157
8.70548,10.6932,0.0651312
-11.0337,21.4754,0.05
-8.51128,11.9621,0.0653102
0.346074,21.973,0.0664151
-12.3317,5.03708,0.0745143
1.56746,10.6242,0.0735935
13.5113,1.17982,0.0743692
7.75804,0.402828,0.05
12.2176,22.7147,0.111381
12.0205,17.1606,0.05
5.63526,12.312,0.0666447
-14.4754,23.7896,0.055639
12.7633,8.20271,0.08548
13.0327,10.9137,0.11155
11.1689,23.4016,0.0832129
5.59027,18.4517,0.0734456
4.09014,24.5332,0.101026
-4.86083,6.22461,0.0737343
5.19703,11.0315,0.0915836
-4.66312,9.47581,0.0758548
6.26098,0.325804,0.0694614
-12.5214,5.76221,0.0670239
1.06477,25.9831,0.0635033
-3.67285,17.8249,0.05
9.95244,12.7237,0.0833033
3.91878,4.08356,0.0693927
-8.61233,18.1852,0.0884744
4.68153,17.5601,0.0931524
-7.66782,15.215,0.0899954
-2.8216,3.23296,0.0993248
-4.57118,27.7973,0.0948451
-4.41495,12.2255,0.0543103
-8.61266,2.58409,0.085177
-0.501335,12.7519,0.0707638
9.38943,24.3037,0.0762058
-10.6126,18.6156,0.0682282
14.191,17.5142,0.110803
10.0856,0.209958,0.113388
10.3975,7.03277,0.05
-3.67329,15.1741,0.0866755
11.2372,20.9718,0.0861256
-10.6814,14.0183,0.0964137
0.507606,28.3169,0.0651036
-13.2368,20.7847,0.0811387
-6.68052,2.08429,0.0630361
14.392,22.7386,0.0512411
6.05607,23.2954,0.0614262
4.69998,25.8512,0.0599634
8.56861,2.45874,0.0679629
1.01022,6.82003,0.0727289
-7.07281,25.4422,0.129612
-7.44864,4.22026,0.0979569
4.82736,0.0830643,0.0830648
-1.10449,29.3301,0.076499
0.466488,12.989,0.05
-12.7491,24.6789,0.0700903
-1.20154,22.4952,0.0605626
-14.0997,25.4957,0.0841385
8.17407,0.944683,0.133105
-4.55441,29.3045,0.10583
0.784156,14.024,0.0714868
-1.65236,19.1706,0.118517
-12.2568,22.7991,0.0894675
-2.56143,29.5709,0.05
-9.34383,0.866495,0.111496
12.556,3.81156,0.05
-3.88247,3.22431,0.12195
6.92715,25.4564,0.058003
1.63355,12.9183,0.0766991
4.43656,7.52236,0.0608857
-8.32149,19.0104,0.112178
-11.6327,1.2012,0.0622343
9.06637,24.4831,0.0732511
13.9334,9.82954,0.111243
-9.68322,10.2107,0.0504883
9.14572,29.8305,0.066411
-3.74677,11.6479,0.0884165
2.59109,29.9336,0.0768883
-4.31547,4.61316,0.0582191
-13.5398,18.9696,0.0700442
-2.18892,6.47157,0.0823302
9.58557,7.70836,0.108765
-9.04268,9.38053,0.101303
6.62598,2.60026,0.0664457
-4.35236,12.4503,0.0935666
6.72424,0.339184,0.101791
-13.2419,17.3054,0.0881141
14.9472,0.0527626,0.052764
3.22907,23.7779,0.0862274
-3.0833,21.6654,0.0537339
4.4461,26.6341,0.0807606
-7.14336,18.6144,0.079979
10.8335,12.3045,0.0531076
-8.92007,1.35158,0.0845843
-10.0088,0.534043,0.08023
-6.72317,20.1394,0.0873207
9.38302,19.1231,0.0877376
-6.31425,27.3859,0.0635205
-9.30912,6.46497,0.0990439
-0.482079,10.6757,0.0513739
-7.50638,3.65236,0.118998
-12.4372,9.16809,0.0568221
-3.12678,24.7656,0.0723117
-9.73969,20.3181,0.05
-9.25654,15.619,0.0927211
1.65591,23.1046,0.0542454
-12.1247,10.676,0.05
-1.48398,27.7668,0.0512822
4.34731,17.9617,0.0691747
-1.3481,9.18158,0.0835221
-12.2437,22.083,0.0554446
-13.562,25.7918,0.108514
-2.79928,6.47761,0.0712882
-9.92812,16.1176,0.0711641
-4.25882,18.9385,0.0740328
9.79786,0.148963,0.0500913
2.14563,6.0925,0.0643621
5.34141,29.0256,0.05
5.08777,8.56494,0.0987488
-1.89745,16.3528,0.0982191
-6.30204,6.90383,0.0712215
-3.06132,11.1579,0.05
9.15847,26.9066,0.0863463
-1.84639,24.5394,0.0992124
4.40562,20.1333,0.05
-7.39495,13.582,0.05
-8.42073,16.2898,0.106138
-8.61324,17.2231,0.0871485
12.3078,6.21804,0.0643509
-9.7234,29.823,0.0736817
5.52999,3.54603,0.05
-10.4235,7.80848,0.0717437
12.231,20.5703,0.109342
11.2233,22.7813,0.05
-0.354329,26.7703,0.0594031
-11.9968,4.19304,0.119708
-10.0479,29.251,0.0828437
8.92644,22.4774,0.0854198
-1.92649,22.3948,0.0890849
4.07376,13.676,0.0707637
-11.8449,0.742433,0.0695967
11.6727,1.70797,0.062942
9.26755,25.4124,0.107595
9.71412,4.99465,0.0754624
-4.20559,2.92632,0.0896476
12.3053,5.40249,0.0850968
-14.2923,21.5634,0.0769616
13.0926,27.7774,0.0602466
-1.34116,22.4323,0.0925736
11.2479,22.2634,0.0873552
1.92451,23.859,0.0601819
6.2764,3.13118,0.05
9.90881,4.0094,0.0565506
0.000391315,24.8515,0.109596
10.0754,13.5675,0.05
10.8673,20.3077,0.0964195
11.0433,17.7491,0.10223
-0.584171,11.9665,0.0647464
-4.83686,20.787,0.0621028
-10.1747,13.3235,0.113396
-5.97793,0.621116,0.0594829
-7.29921,3.32829,0.0672729
3.84538,6.86097,0.066442
14.1376,26.7444,0.0941411
-13.9146,20.1853,0.0942337
-6.37457,8.07143,0.0980021
-11.8305,17.0989,0.0899267
5.70885,26.8249,0.078531
-1.4001,27.1415,0.0713278
-12.1471,7.44237,0.0862316
-11.0565,16.0803,0.05
-10.5713,16.4968,0.0736873
1.86913,1.68759,0.0665887
14.0411,22.542,0.0637509
10.6286,22.9276,0.0510067
-4.94322,7.52475,0.0649041
2.57622,13.0046,0.114871
7.22459,8.63795,0.0680528
9.9553,11.4298,0.0800782
3.24084,10.1451,0.05
14.1011,4.22176,0.091095
-8.46054,1.04067,0.109103
5.02113,13.7683,0.0689689
-9.5761,6.74603,0.0574453
5.84567,0.365637,0.0692592
5.84721,14.8359,0.100892
-13.4757,1.64435,0.0948424
-3.4582,7.59948,0.05
-11.8775,18.9596,0.0614695
1.72541,18.0674,0.0922975
7.80215,13.0019,0.120212
2.77784,27.784,0.0984987
-6.23306,27.2786,0.0668493
-9.68709,13.6768,0.0812975
-5.37998,24.9749,0.0537694
6.21503,19.6606,0.111823
13.3909,19.39,0.0516246
6.36532,0.0839106,0.0839191
11.0614,17.9071,0.0567964
-5.90946,18.8633,0.05
-11.6864,18.376,0.0814477
0.904953,9.64396,0.0870325
-11.4239,28.9403,0.065844
7.93796,15.3467,0.072373
4.81531,18.8309,0.0797692
-14.4441,24.7935,0.0556171
8.09312,28.945,0.0699984
8.43165,18.7065,0.05
-5.54043,9.00193,0.0962019
-13.7674,3.15081,0.0862112
-14.789,6.50239,0.0821229
-4.84952,15.6729,0.0964855
9.55939,12.5696,0.055354
1.93372,22.7939,0.051594
-5.17979,29.0716,0.096369
5.4027,9.54417,0.0653351
-0.309012,4.02559,0.05
5.12108,27.0954,0.0789541
8.45639,9.20864,0.0843401
12.3634,26.1268,0.05
14.445,5.87927,0.0607629
-6.65023,13.4267,0.0564717
-10.9908,15.535,0.103067
-10.8783,10.8051,0.082264
-7.72681,26.6616,0.0754582
-11.6572,9.30542,0.10834
-1.86176,9.11253,0.058745
-12.8231,14.8796,0.0874311
7.79445,0.540055,0.0704544
-9.08088,10.8539,0.0736131
11.7162,23.1117,0.0660588
-7.62935,19.2004,0.0522504
13.1475,22.0208,0.05
6.01324,18.3794,0.0753794
13.4477,9.98348,0.0599176
0.133953,10.7512,0.104495
10.743,23.0264,0.0713203
-4.58159,11.2073,0.0751945
0.297138,15.4466,0.0719209
-0.0263002,15.1791,0.111432
-6.46159,29.4712,0.0870979
-7.82895,11.0584,0.071135
6.57416,18.4189,0.073162
5.28345,19.9015,0.0676508
4.8617,10.7032,0.0691047
-7.72628,8.7788,0.05
-9.6082,9.92878,0.0606696
-6.87948,6.5538,0.05
-13.5768,5.53038,0.0915831
13.4117,1.27809,0.0655946
-8.63521,15.7633,0.108028
4.07179,21.162,0.0927577
12.7742,5.75422,0.0663225
4.00496,22.5156,0.05
-13.2317,20.1293,0.122933
-10.7973,16.3355,0.0912808
-0.458583,20.1326,0.05
9.08686,7.43538,0.0872313
14.2174,18.7633,0.0725152
-9.02683,3.45091,0.073086
-10.362,27.3174,0.118182
8.27197,25.3371,0.0644474
-1.89956,13.7743,0.0668661
11.0811,26.6432,0.103146
-2.32432,7.46833,0.0562104
-14.919,6.07939,0.0809695
9.8319,23.7501,0.0824166
12.7279,17.0094,0.0767782
1.92632,22.5679,0.05
5.74794,11.017,0.0892396
8.64151,4.63535,0.0672785
-12.2294,7.28816,0.0587659
3.39606,1.48727,0.131275
-8.28776,26.7602,0.0616349
-9.45028,28.9631,0.05
-1.8172,13.3121,0.0612389
6.60126,12.6464,0.05
-2.30873,3.37326,0.0704648
-14.3251,15.3959,0.0599932
2.66786,8.38323,0.0582735
-2.54853,4.93594,0.0928604
0.425852,1.11955,0.0751132
4.54482,3.5911,0.0928647
8.56912,17.1325,0.0641316
2.75523,20.681,0.0780211
9.05871,15.5921,0.119367
3.99384,12.4522,0.05
-0.464227,21.0018,0.115851
-7.67181,7.96412,0.116279
7.47807,23.7428,0.05
2.39027,9.57239,0.0967246
1.99963,12.3245,0.067722
1.10487,22.0588,0.0787537
-7.06384,22.8112,0.0719042
-7.56749,6.05647,0.0759652
0.0786288,23.4528,0.0811642
-8.06877,1.81218,0.0711092
-14.5047,25.4343,0.0508081
10.8541,25.4474,0.0655788
7.79978,4.9191,0.0660046
-5.64904,5.48583,0.05
-14.9202,7.94829,0.079764
-11.718,12.8983,0.0681452
9.82719,16.595,0.0852516
-3.71256,10.5099,0.0903698
6.72769,29.4664,0.082176
-4.73362,10.5263,0.05
-1.74035,29.3603,0.0910593
4.64671,24.5783,0.05
-10.5421,8.43316,0.0597191
11.1246,18.2329,0.05
13.912,20.5924,0.0658402
-1.33993,26.3058,0.05
-7.47211,27.3369,0.0687449
-4.37164,4.18825,0.0878826
8.36962,25.8249,0.076597
-1.54751,16.6697,0.100594
-1.34659,18.3668,0.0883756
8.92536,0.888611,0.0742671
14.7499,2.20105,0.0903636
7.19163,11.952,0.0757409
0.739611,9.82387,0.0890752
10.2252,1.63756,0.05
-11.7537,11.2915,0.0661653
-5.58158,26.3568,0.0828285
13.9319,22.9995,0.113799
0.78569,4.38985,0.0749869
-14.8978,15.3035,0.0589232
5.04078,4.6545,0.0730613
8.43994,28.312,0.0813894
-10.6421,15.545,0.102747
-6.83689,25.4529,0.0980309
8.58061,4.76141,0.072722
-8.9209,8.57534,0.05
-3.48109,19.131,0.0733819
8.67936,10.8185,0.0628674
-10.8972,18.7082,0.05
-2.29503,15.2636,0.0625607
11.1537,22.3742,0.0581032
8.66456,2.38551,0.0527645
-3.79401,20.997,0.110654
-9.49231,24.429,0.05
9.64466,19.7527,0.05
-12.6339,3.43243,0.0960583
8.01189,25.4401,0.05
-8.0948,1.61675,0.05
13.2002,6.1191,0.083142
-12.7975,1.82212,0.0859784
12.4824,27.5267,0.0926182
-1.15723,13.8406,0.0768723
-11.6931,7.49916,0.0651158
-10.8925,3.15604,0.0831987
13.1989,21.4729,0.0918621
13.0016,3.15369,0.0602439
3.40539,12.5319,0.05
14.3998,11.8704,0.0570578
-11.5378,20.2696,0.0718449
12.1421,25.4484,0.05
7.6021,15.5695,0.0827834
-2.63587,17.9186,0.0615424
11.3356,2.17913,0.106043
-6.28135,4.0644,0.0828446
-5.31672,7.31118,0.10312
-2.24517,29.8999,0.0859986
13.6373,25.7559,0.0703429
-2.14339,6.6944,0.100152
-10.3948,28.0343,0.106104
7.3888,18.2585,0.05
10.7488,16.6511,0.0816406
11.3701,28.7231,0.0535862
-7.60587,5.92704,0.0590307
4.05512,24.1567,0.068159
-2.41067,26.3652,0.05
-7.19513,15.9058,0.111858
-14.221,17.7985,0.0916847
-5.86472,7.11661,0.0616858
2.85669,25.7987,0.0674467
-6.50425,10.4991,0.0674958
5.84262,25.124,0.066203
4.41179,8.48692,0.086193
-1.78256,21.738,0.0835601
1.78994,7.31194,0.0723986
-13.6961,7.31492,0.0799743
9.68845,6.84531,0.101214
-11.133,14.5634,0.0778178
14.2633,28.4033,0.103974
6.93691,6.40214,0.113958
-8.14435,26.7597,0.0817709
-14.7654,22.8775,0.0919672
-0.581958,11.5247,0.0661394
-11.3222,2.80828,0.078409
-7.56103,21.6954,0.050266
3.97845,14.2336,0.0699075
0.502041,7.84199,0.115004
9.84719,29.6206,0.0519415
-3.60235,19.9893,0.0848255
-7.32573,0.358396,0.0651402
5.41725,13.6533,0.0544039
6.26777,13.7507,0.0988651
-2.13799,29.5402,0.0986117
5.81861,5.68884,0.05
-7.14985,21.3159,0.0759937
7.1823,12.9665,0.106641
-10.9066,27.5248,0.0645832
1.83415,19.3843,0.0819337
9.03446,20.5714,0.096401
-14.6264,27.033,0.05
-6.54564,8.55363,0.05
-6.60853,23.2513,0.05
-10.8963,7.44876,0.0772277
-0.370242,9.6554,0.0660003
13.5072,23.8079,0.100321
-12.5624,13.0109,0.0631584
7.95715,12.2198,0.05
-5.13385,17.8243,0.0809728
2.20987,1.02513,0.05
9.07511,17.6677,0.10147
-4.03019,18.8655,0.0645676
4.6285,23.1493,0.0723307
1.86285,0.291809,0.0820662
0.706922,12.2358,0.107645
-3.04027,7.27687,0.0735536
-8.05723,27.4472,0.102213
9.44933,1.21807,0.05
13.96,23.8883,0.0953176
-3.12137,3.53015,0.110187
-14.1155,2.01037,0.0777358
10.2639,11.6858,0.0820287
-10.3802,18.3981,0.05
0.450209,19.8293,0.115396
12.6538,28.1087,0.05
-1.74769,7.52696,0.05
-0.202022,19.322,0.0911365
-8.34001,8.39238,0.0516572
1.20011,13.8728,0.119553
8.34799,16.7123,0.101871
7.71675,3.43202,0.0808425
-3.19658,17.257,0.0826866
14.5171,1.24436,0.0975502
14.0463,3.25874,0.0606037
6.08626,13.7395,0.0829989
-10.7892,18.2635,0.0993198
6.09768,4.62472,0.0818032
-13.5953,19.7607,0.0645115
-11.1768,7.0257,0.05
4.40776,20.4772,0.0938583
2.16825,12.9913,0.0863965
1.9998,18.5952,0.095285
7.68779,18.2242,0.0508457
6.98753,23.2577,0.0573757
-5.14606,14.1084,0.0612068
-2.16397,9.54863,0.0682419
11.557,10.4062,0.05
3.63935,28.9336,0.0500631
4.62639,26.265,0.05
-2.68012,26.3687,0.05
-8.7678,19.9264,0.05
14.7226,0.906499,0.0826632
11.2001,3.5611,0.0626843
14.0674,1.95908,0.101785
-3.40414,18.694,0.0534895
-12.3787,17.1338,0.0739962
-13.7107,15.319,0.0728947
11.6438,11.6986,0.124221
-7.12329,10.9791,0.0694108
-4.86088,7.24783,0.0668101
2.40485,3.24406,0.105123
2.65668,8.92489,0.116296
6.38844,7.10656,0.0542055
1.06957,10.9644,0.0706402
-8.75256,10.5769,0.0609896
2.57527,19.0591,0.0858389
-0.215455,17.0443,0.05854
-1.04507,21.6519,0.106426
8.87259,25.3022,0.0905056
7.20798,1.24964,0.0557886
11.3135,0.253242,0.0975255
-1.13081,2.25018,0.124757
0.870313,13.0927,0.05
3.42659,10.9366,0.0789441
6.87928,3.32177,0.0631045
-9.62014,7.12337,0.0774996
4.72893,9.23497,0.05
2.24704,7.25213,0.101143
-1.73034,0.219278,0.0615127
3.87684,12.4289,0.05
12.8316,0.102414,0.102424
-4.93671,15.475,0.05
9.54197,3.89845,0.0632625
4.94899,16.5961,0.092875
-5.7128,20.741,0.128234
1.23756,6.75598,0.0731522
3.15951,26.34,0.0894521
8.76371,1.32948,0.0699434
-12.2778,3.82056,0.0655634
0.302151,19.5003,0.0547281
-5.32573,3.85832,0.10614
4.09758,1.90868,0.0867987
-13.1609,18.4427,0.05
2.74629,4.72634,0.110167
6.71806,27.5396,0.0680466
-1.83689,15.3973,0.141516
0.341064,5.48596,0.0821524
4.41624,11.0456,0.0658347
-4.60646,23.0599,0.0506224
-3.35962,21.7676,0.106237
-9.33807,26.5511,0.0661895
1.0633,6.96977,0.0861405
5.03129,22.8234,0.0894599
14.2031,12.3218,0.0531068
7.08577,18.4719,0.111899
-3.72442,28.9337,0.0644792
13.5854,19.6161,0.05
-10.5489,28.4545,0.0852594
2.63008,28.3232,0.0712829
-3.29884,18.3875,0.084384
13.4681,14.1326,0.0879535
13.9702,20.8257,0.0825142
-7.11211,12.8431,0.0678136
-1.26799,18.0958,0.0786239
2.54428,14.6708,0.05871
4.35964,8.03154,0.104559
1.98059,6.44107,0.082608
-3.45702,8.5022,0.05
-12.6433,3.85885,0.0583969
-8.89152,25.4302,0.0612815
1.02218,13.0762,0.102715
-13.9334,14.3399,0.0972643
12.3422,28.4244,0.121824
2.91542,6.55166,0.0827003
14.3641,3.24917,0.0742451
-2.5422,13.4218,0.0877996
-6.17061,3.34157,0.0995139
3.44953,8.24103,0.0834643
-11.9387,26.1675,0.0923073
4.09153,25.4665,0.0792093
-1.89381,2.00384,0.101034
-10.3113,19.1639,0.0637515
10.2681,5.21609,0.0800829
-10.3739,29.2745,0.05
-1.99556,24.5638,0.0519397
-0.588608,25.8136,0.0735054
7.89864,20.4529,0.0793675
3.50532,16.1548,0.0842129
-13.3711,20.2974,0.0808312
-2.42878,27.5095,0.0841855
14.7962,19.5462,0.0649279
-4.80263,5.15736,0.0650458
-10.075,17.6065,0.05
12.5379,28.6761,0.089953
-11.4335,23.547,0.05
-12.8036,21.981,0.0671037
-10.0087,22.1373,0.0729886
13.515,22.6608,0.05
-6.03288,17.424,0.0593023
-12.4885,3.22398,0.135346
-4.21205,16.6361,0.0744612
-1.78816,20.6664,0.0602333
9.50474,22.5962,0.100982
-11.3349,3.94121,0.151417
7.70317,6.04606,0.0699096
2.19587,9.11356,0.05
-4.20822,2.74861,0.0880971
12.8331,1.02111,0.0941616
-8.03371,26.51,0.0819485
13.4036,5.57773,0.12512
8.30275,16.1078,0.0766353
1.59711,24.4137,0.061122
9.07187,23.4065,0.0910032
2.53606,18.0844,0.0988967
-11.6102,10.4582,0.0707596
3.71031,19.1638,0.10153
10.7759,25.7161,0.0610652
4.55371,24.4482,0.109869
11.9824,11.4825,0.0746661
-11.9018,5.72848,0.0722778
3.3663,20.3317,0.0500709
-0.135761,24.1395,0.05
-5.81418,25.8277,0.131151
6.514,9.31558,0.101654
-14.6526,14.5078,0.0621847
1.6881,14.7234,0.0642318
-8.42378,6.18153,0.095699
14.9074,26.2112,0.0925956
-6.20581,28.4373,0.05
-6.85135,10.1911,0.103566
-13.7733,12.5478,0.0716616
-2.96534,13.9402,0.103019
2.55997,17.1922,0.0607537
1.27389,18.621,0.0829278
-9.87866,25.4259,0.0953471
8.90822,18.5669,0.112084
0.698985,15.3048,0.101462
2.08317,14.0511,0.062737
-13.4669,29.8455,0.0519626
-5.31411,24.3915,0.0705362
6.34067,6.30432,0.0872836
7.0322,2.71722,0.066422
14.2554,21.1445,0.05
-2.62169,9.4987,0.0557213
-7.21332,17.2829,0.0838902
-13.4048,10.9691,0.0835667
-12.3998,20.1177,0.05
8.3907,24.4755,0.0986689
5.26671,7.36731,0.0647386
0.329884,20.2507,0.0740656
6.80396,24.3171,0.0608414
7.15616,16.8845,0.0670652
4.07862,26.7927,0.111339
14.2342,15.3596,0.0798902
-12.8929,13.1803,0.05
-1.34781,24.2383,0.0902716
-0.865794,13.5584,0.0812392
0.0513555,29.7336,0.05
-7.73702,12.6001,0.0564899
6.64178,15.2604,0.0610112
-8.93582,26.0545,0.0896083
5.7199,19.6036,0.0955823
-13.9865,19.0048,0.05
8.88866,23.6852,0.0682557
11.7022,0.572228,0.05
14.339,26.7656,0.10838
-6.74658,27.3138,0.0799582
7.04004,1.28071,0.115015
-2.51177,7.22044,0.0919514
-12.325,26.1424,0.0584237
2.66804,29.4432,0.0639063
-7.07825,9.73028,0.0578223
5.99145,4.11596,0.0812557
-12.2369,15.1288,0.064001
11.0812,5.46294,0.123656
-7.08017,10.7862,0.0542299
-10.7073,0.442076,0.0669435
-2.8089,21.7738,0.0945359
3.07043,1.78863,0.0941104
4.92848,17.7847,0.0678804
6.78019,27.1464,0.05
-3.54916,6.02882,0.0927023
-6.31155,2.21091,0.109333
7.94877,19.6353,0.0808335
10.8035,10.8754,0.0593818
-6.50208,0.159067,0.0524771
12.3174,13.9609,0.05
7.14601,20.5502,0.0815598
-11.8961,28.5609,0.05
9.72696,23.9247,0.121267
8.97999,28.783,0.0907681
11.2674,15.3872,0.0711316
-5.77451,1.20579,0.0852175
-7.3329,26.9997,0.0773898
-7.51035,21.6089,0.05
13.8571,20.0942,0.0865905
-1.36132,28.9276,0.0696973
5.39746,22.7675,0.106964
-9.05658,16.3274,0.0631538
-3.95252,10.01,0.112251
14.8852,20.1624,0.113883
-11.9435,25.6592,0.0546308
-5.10784,27.3033,0.0659674
3.67289,27.3942,0.0898803
11.6979,1.56529,0.0819818
1.24349,7.50185,0.0700138
5.32335,21.4532,0.054508
12.4124,3.55937,0.05
8.9182,13.1326,0.111032
-4.99837,7.11655,0.060696
8.16779,20.2142,0.0703075
11.5366,4.07229,0.0839522
8.16979,17.657,0.0804161
2.34896,5.273,0.0914388
-5.93571,13.8057,0.0614803
-11.2292,10.1664,0.0991823
13.564,12.3453,0.0971094
-10.8136,28.969,0.115091
-3.75766,0.449496,0.0772734
6.29316,10.83,0.0917122
-9.64429,21.1269,0.05
-8.15961,28.6978,0.0988641
-8.18796,19.9483,0.05
9.89374,22.7561,0.104292
7.44884,7.81222,0.0865449
-7.27122,15.7111,0.097186
-12.4109,25.0657,0.05
-12.4302,28.127,0.0560453
8.06996,4.41118,0.0929876
8.3599,28.1706,0.0780624
-0.352623,19.2828,0.0644745
-8.3442,17.1604,0.0782464
7.14758,9.22467,0.0937376
7.85368,29.3218,0.112475
-8.9285,22.6735,0.0936187
10.316,14.5427,0.082299
10.3337,1.3397,0.05
9.28651,12.8939,0.0508969
10.7409,28.5034,0.0720932
11.2048,8.77058,0.05
-9.24465,26.7071,0.115687
1.08995,29.7133,0.05
5.35692,29.7057,0.0906433
-0.804513,16.8142,0.079305
4.63195,26.461,0.146145
-9.01806,19.8521,0.0537978
8.30606,29.6425,0.0645018
-2.39559,27.8284,0.0913476
8.149,28.6908,0.0846524
6.93237,23.8656,0.0634824
12.2183,14.1188,0.05
-5.20766,4.22348,0.0779452
10.7889,17.9346,0.05
-13.4218,9.17923,0.05
-5.72453,21.9606,0.0703849
-10.0616,15.594,0.0586497
6.50206,8.27244,0.0883458
5.31866,2.16419,0.05
7.96351,18.6213,0.10753
1.16924,23.5189,0.0636858
-9.73345,28.9116,0.0719558
14.2907,10.0422,0.0831449
5.96545,1.04258,0.0687862
8.58891,11.5172,0.100607
8.4438,0.598991,0.05
-10.3569,17.6479,0.117933
11.7446,22.3059,0.0781148
10.8653,0.0499875,0.05
2.0781,28.4807,0.0718842
-9.11054,27.357,0.0769288
-3.27125,2.59717,0.0573347
0.817886,8.45216,0.0747834
-9.40851,16.3268,0.05
-12.102,9.69534,0.05
-0.872225,9.92864,0.0962089
-9.85449,2.04388,0.0592042
1.37813,15.9772,0.0947703
-10.6381,21.4041,0.109686
-4.19555,27.224,0.0733712
4.71243,6.01956,0.05
-2.56366,17.4927,0.0960915
-9.6313,17.388,0.107007
-0.128809,17.8682,0.0574871
-9.20762,22.8898,0.0667697
-10.6945,2.39775,0.0988255
-3.05425,5.44968,0.0903507
10.9969,2.91233,0.0716158
13.3629,18.8753,0.0913776
-11.1502,26.9619,0.0642018
-10.3675,10.535,0.05
13.9928,17.4766,0.0887506
-10.1762,24.4125,0.133999
-4.75369,13.4717,0.058188
-13.1455,15.1568,0.0713778
8.99711,24.7827,0.05
-7.96049,5.71778,0.05
-9.61547,5.11707,0.05
13.6375,24.2263,0.0746367
-3.85787,2.3874,0.0999007
-1.94245,8.20975,0.0773287
0.31475,5.05605,0.05
-5.60654,27.5369,0.05
5.82857,23.2379,0.0823385
-0.294054,7.97763,0.0934847
6.33141,4.02543,0.05
-3.99365,14.9889,0.0597047
11.8944,10.4903,0.0880801
-0.965698,12.3091,0.117071
10.2879,22.9875,0.0786498
8.27517,7.26999,0.0973463
-8.33999,25.919,0.0568784
3.52288,1.97381,0.0531063
-2.18187,5.27336,0.065764
8.1663,25.2084,0.0911974
7.37036,17.9053,0.0531659
-4.08859,9.27828,0.0634011
-11.8107,12.5902,0.0681586
4.64065,5.20484,0.0989262
10.7561,14.844,0.0921064
5.83524,22.6258,0.0732901
5.47182,7.57376,0.057605
-7.81568,20.6818,0.064452
12.573,5.65215,0.0680436
14.0294,0.0833008,0.0833119
12.3658,4.37959,0.10325
7.30874,9.27082,0.0739024
-6.84409,22.2507,0.05
4.42185,8.20025,0.0752539
3.54728,0.836742,0.0955764
-13.5292,10.8938,0.0618593
4.66941,22.8448,0.07458
-0.967661,27.6007,0.05
-7.06653,5.29819,0.0575294
-6.42556,15.6194,0.111508
-5.32966,14.1643,0.10055
11.9832,14.2511,0.0541106
-3.76436,20.4974,0.0758791
-1.95896,0.499003,0.0791977
-2.27341,9.50382,0.05
-6.83446,16.1996,0.091294
7.12756,24.8439,0.0981862
1.41372,18.5837,0.0618044
10.4399,5.208,0.0889666
-13.8953,10.3404,0.121025
-1.23163,11.3712,0.0754913
-10.7724,27.5528,0.0724751
-1.7884,6.33754,0.0784554
0.729919,4.22538,0.0986927
6.28738,6.15306,0.054927
8.66825,19.4,0.0760691
3.80636,8.9898,0.133408
-4.55434,19.0935,0.0887152
-0.268565,7.26898,0.0874364
8.18895,9.35348,0.0776095
9.84965,13.8194,0.0896646
-7.9326,18.6034,0.0703337
-10.9224,4.07414,0.0708558
7.78364,11.9133,0.113635
-9.81596,18.7993,0.121322
3.318,21.1069,0.0681709
10.5186,0.372917,0.0781191
12.2458,14.4486,0.126497
6.07401,10.3243,0.05
-5.16333,17.6967,0.05
12.0129,3.00553,0.0947536
2.79495,8.09227,0.0825416
8.74697,6.4315,0.0647387
6.89558,12.6007,0.0970965
-12.802,7.00096,0.0594204
7.18868,20.4144,0.0607615
4.12094,0.981915,0.0500312
-11.9158,14.927,0.0800629
2.02967,26.3436,0.0862455
-14.3879,19.5358,0.10647
-3.27588,29.8647,0.0829956
3.33134,24.8089,0.0664926
0.470308,0.956523,0.0938851
14.2138,18.9212,0.0828875
-13.2739,19.7084,0.0517458
-14.9372,29.1308,0.0627981
-8.92592,22.8171,0.05
5.97327,23.6639,0.0677156
2.55134,20.3991,0.0742762
9.29625,11.5473,0.0764563
14.723,24.6062,0.0931078
-14.5336,11.0388,0.0835389
-11.09,7.40086,0.0981114
-5.12012,7.02892,0.0893113
-1.34653,14.8405,0.0664688
14.9349,14.2591,0.0646244
11.8807,17.1736,0.0673564
3.33538,15.7057,0.0897211
14.6484,3.94802,0.0873619
2.09217,9.0081,0.0668429
-11.1435,24.1162,0.0580953
-8.4741,6.61544,0.102676
4.73343,4.99718,0.128524
6.45716,16.2717,0.0688199
3.57126,11.9233,0.119132
13.0662,9.67172,0.05
5.83965,18.3137,0.104727
0.242145,0.107987,0.09685
5.5455,21.905,0.121341
10.0293,7.01592,0.0839794
-5.30289,5.3154,0.0708772
-3.83821,25.6363,0.0903413
-10.0097,28.3499,0.0614092
-2.24611,8.70038,0.0635431
-14.3476,23.6619,0.0640343
-0.869192,7.802,0.0788793
1.13294,28.5007,0.100118
-10.9983,6.65917,0.0837156
2.23255,7.10167,0.05
-10.5431,19.2536,0.0652735
-6.41472,5.30839,0.0539029
12.6328,25.215,0.0781218
-0.0925966,8.51435,0.0703739
6.35846,0.394858,0.05
5.73868,25.3681,0.0990849
13.7905,0.739154,0.0586246
8.78102,22.0381,0.0786668
13.2953,6.89388,0.0868753
-6.32887,6.70094,0.0892977
7.41894,3.42301,0.0867745
10.0679,1.97723,0.0658699
8.66817,20.9848,0.0853359
5.88005,22.7874,0.0943263
13.4631,7.47757,0.102196
-1.86732,3.64784,0.112924
9.26623,4.56586,0.0540274
2.25108,27.2783,0.0607626
1.98768,21.4801,0.0623383
-5.14066,13.539,0.05
-6.21595,20.5504,0.114648
3.2792,16.8621,0.090067
-12.3067,16.9328,0.135698
-4.70243,10.9712,0.0874922
14.0063,28.094,0.100341
-4.16766,11.5961,0.05
-8.14064,2.83474,0.0669065
13.2679,28.2719,0.0510778
-6.98775,16.8586,0.0900141
-0.908097,8.75819,0.05
-8.59973,23.2301,0.0899218
7.42745,7.04251,0.0743924
12.9729,11.811,0.0869878
11.5063,22.5891,0.112569
3.70414,17.8154,0.0632191
-11.631,8.50916,0.0589564
6.28876,21.1282,0.05
1.15288,5.18063,0.0665247
-11.4214,3.1754,0.0699749
14.7876,2.74702,0.130374
-6.59013,16.9277,0.05
5.32484,25.9151,0.0725779
-11.0256,24.7275,0.0901861
0.331948,5.86161,0.05
-4.85283,22.4809,0.0590526
-5.64114,15.2538,0.05
3.32917,17.1241,0.137379
-8.46966,1.26649,0.116949
-11.9256,3.72721,0.0510049
13.2571,22.0628,0.067388
8.69819,6.9944,0.0640183
1.9762,1.99428,0.10721
7.32607,6.16035,0.0852514
-12.4209,16.5956,0.0894468
-6.07502,3.82819,0.0546278
-3.53309,29.2806,0.106995
-3.1642,13.9335,0.0733144
-10.7141,18.4805,0.100787
-8.18747,5.07374,0.0788122
-9.62694,29.6824,0.05
4.61839,11.6983,0.0965822
5.84928,2.31997,0.0716059
-8.55219,17.4048,0.0984513
-8.55826,10.1573,0.0803435
-5.56347,21.6286,0.098583
13.7687,1.37937,0.05
0.91827,12.4104,0.0503344
5.37298,16.3622,0.100199
14.8283,14.0306,0.0613538
-8.79536,4.22783,0.0604023
-3.11552,3.16893,0.0710652
12.8771,8.8866,0.0839517
8.33227,25.5887,0.05
-11.6827,23.5818,0.05
12.1806,29.6741,0.0596547
-10.7177,0.161214,0.0629478
-5.64522,23.4997,0.0999857
6.64733,1.89476,0.0577079
-8.63411,5.74136,0.10023
-14.3166,23.1343,0.10776
1.31578,23.6058,0.106668
9.36547,11.2946,0.0511618
-3.76206,25.3644,0.112571
-3.16689,5.58149,0.0830347
-8.74371,0.428125,0.0685075
7.60365,2.96384,0.128544
6.48527,14.5378,0.05
-5.46387,1.79404,0.0911451
-4.9412,24.2063,0.0780292
11.4612,11.3306,0.101285
-14.8793,7.29478,0.113483
14.6756,19.3408,0.0597616
12.081,1.43445,0.0625323
11.4069,11.7128,0.113114
8.12532,21.227,0.102293
-12.8109,26.5031,0.0563187
-13.6481,25.2084,0.100468
11.8953,2.27938,0.0555732
6.64716,24.6535,0.0756658
9.08429,23.9713,0.0885021
-6.40712,5.46502,0.102913
1.78523,20.1206,0.0638765
-11.1061,3.50095,0.0601169
2.22219,3.15797,0.096826
-2.12771,11.5392,0.063542
12.0599,18.0123,0.05
-10.4983,16.624,0.0661377
13.4504,9.81575,0.107838
6.56023,6.91195,0.05
10.2758,25.6093,0.05
-10.4861,8.95881,0.0751847
2.99322,22.985,0.103299
-7.34545,15.2976,0.0855045
4.62901,25.1446,0.05
-7.47997,23.9329,0.064368
9.94957,7.88014,0.105644
3.21776,14.6699,0.101378
5.23528,8.7322,0.124263
-9.80926,27.5008,0.0794815
-5.4738,18.7041,0.0828299
-14.4384,29.382,0.0866075
4.58385,11.0453,0.101779
12.847,1.49752,0.0819962
-1.57425,4.84919,0.0605212
-12.4259,18.4679,0.0839101
2.46074,7.09313,0.0723749
-3.02165,20.7669,0.104988
-9.36231,3.54131,0.05
5.17729,16.9604,0.0705454
2.79186,5.92973,0.0951741
-13.7761,0.198382,0.0761682
12.1983,23.9968,0.0845257
12.0203,4.0158,0.0866328
6.87546,22.0705,0.069105
-8.53058,27.4361,0.0770553
-10.9161,11.4509,0.0683209
4.02808,16.5384,0.0850519
-8.11432,7.09046,0.107895
2.30747,23.1636,0.105785
-2.8603,6.6773,0.0593245
13.1942,19.3038,0.0629149
-12.7702,24.2599,0.083364
-0.473068,0.756969,0.075019
-0.194348,6.01201,0.0651192
5.34513,16.7424,0.0941324
-13.4477,18.3183,0.0973342
-9.21739,4.16231,0.05
8.70523,25.2997,0.051072
-3.39605,20.1416,0.05
-2.28528,27.177,0.107238
-5.43297,28.1511,0.0955153
-7.19477,7.60406,0.0518451
-9.05069,27.1928,0.0978711
10.1367,20.9133,0.0808822
6.68665,12.1045,0.106221
3.33228,26.6036,0.134002
9.02442,28.2824,0.130617
-2.05373,25.905,0.0501658
-4.96012,11.8476,0.0924938
-3.89828,19.7018,0.0736985
-10.6,10.8869,0.111425
6.97261,29.9435,0.05
13.8751,15.9742,0.0814456
8.4404,23.0984,0.115648
-2.6963,6.62885,0.111688
2.30968,24.7337,0.0840614
-14.1584,27.8747,0.107382
-14.5785,17.2078,0.125552
1.78041,15.7598,0.05
-11.9491,17.7231,0.0723469
-9.45862,10.9738,0.058419
14.5954,15.4455,0.0899644
-6.12709,14.0735,0.109373
-11.6235,11.3023,0.0645424
-9.43154,14.4071,0.104139
-14.0978,19.374,0.0882399
2.48215,24.0338,0.0641811
6.63778,4.02354,0.05
-6.99229,8.49996,0.05
4.82944,16.8893,0.0789254
-7.57958,27.2001,0.0873525
5.46862,21.5291,0.0615474
2.85127,19.1195,0.0985553
-2.51083,12.0296,0.0933664
1.89211,16.9301,0.0770772
1.91444,28.5317,0.0995341
6.28039,28.7477,0.0770888
8.20289,25.5215,0.0766045
3.84818,14.6751,0.0676648
2.916,29.44,0.0673392
-5.64608,11.7189,0.0547567
-13.4224,13.2824,0.0544109
13.603,5.07116,0.05
1.51645,8.01323,0.0736871
-11.9137,0.941689,0.0561735
-4.0756,19.1258,0.05
4.04211,5.12781,0.111573
-6.81706,3.16296,0.0813484
0.926217,25.8584,0.122894
9.69517,21.6753,0.0804402
-8.46571,5.04402,0.104059
9.24785,17.0056,0.05
-10.2112,2.44754,0.0632608
7.17958,6.79514,0.0815017
-9.64988,21.6941,0.0532129
8.19047,4.58898,0.121807
-10.9987,18.7281,0.0534503
12.5474,24.5915,0.104103
6.73272,0.537998,0.0972826
-2.46887,20.1065,0.0617674
-4.18529,21.4385,0.05
-10.112,8.28226,0.0943747
-6.52156,5.65392,0.117953
8.59062,9.36489,0.121649
-0.703724,7.32334,0.0722183
2.66386,28.1857,0.0703017
-10.6117,11.9561,0.0721326
-13.8938,3.45759,0.0692176
-7.6543,13.1545,0.0716269
0.911747,0.884363,0.0501766
-9.51589,20.8068,0.0942871
2.72054,4.13238,0.05416
3.11821,18.4688,0.0627352
-6.97536,11.3269,0.0906432
-1.64718,7.07066,0.113616
1.69527,24.9566,0.0670812
-9.81446,11.0653,0.0990473
-11.0623,10.496,0.117816
1.05312,27.1142,0.05
-12.4725,29.9932,0.0758513
2.4591,13.3913,0.119391
9.93039,11.2653,0.0862214
-14.648,2.28047,0.0697251
-14.4738,0.22334,0.0903448
-0.870839,24.2842,0.102498
-2.15532,12.8102,0.0894388
12.2695,19.1915,0.0919779
-0.78833,28.7639,0.102551
5.73965,28.7772,0.0650046
-3.9217,3.7874,0.05
8.28172,14.6963,0.0690373
9.83732,6.73223,0.0857386
-0.830162,23.79,0.0870629
6.57274,29.3517,0.110299
12.6737,3.70203,0.0892426
-3.34341,15.0603,0.0697788
3.04591,27.9874,0.05
3.0527,29.498,0.0811206
-13.6563,24.4645,0.0896653
-12.6121,26.8728,0.057942
-5.21793,10.2401,0.096323
-12.5039,7.52765,0.084017
13.0853,4.16223,0.0729462
8.28784,16.8683,0.0652602
8.85493,10.5016,0.05
-12.0431,22.1871,0.05
6.20523,13.9502,0.110182
-7.21541,10.8448,0.0931869
1.9754,28.381,0.05
-0.852669,8.64188,0.0787519
-14.1133,18.1901,0.05
-9.09585,28.4119,0.070581
2.13942,29.9136,0.05
-10.1441,0.087102,0.0871098
-9.71073,2.06091,0.0856071
-12.9762,4.79921,0.111362
-14.9495,27.7094,0.050519
10.8409,14.0557,0.056849
0.655821,2.36981,0.0796624
7.35733,29.1739,0.0773083
-9.85208,25.2718,0.0609707
-1.97299,29.626,0.0873269
-14.4197,10.9358,0.070037
9.44307,12.5555,0.05
-5.46749,21.0755,0.05
-0.282974,12.5756,0.087194
14.0677,2.14101,0.0801476
-0.623816,3.12208,0.0628785
-14.941,21.7331,0.0589972
9.77955,1.10817,0.0834414
14.9069,16.3385,0.0930735
-12.3846,29.379,0.119982
-5.0362,22.3249,0.0590148
2.90992,23.6608,0.0512653
-9.84208,0.104353,0.104373
-11.0394,12.5278,0.067166
5.96412,5.64343,0.0722361
6.58074,28.5508,0.05
-5.85618,26.5976,0.0536289
3.79859,22.372,0.0912335
-3.47563,9.28937,0.079689
7.79399,21.9841,0.102296
13.2277,17.2569,0.0967601
-12.8311,1.07181,0.0552467
-14.7402,2.57404,0.0813445
-7.64502,7.5772,0.0729254
4.3117,29.2492,0.109505
-14.9201,4.32595,0.0548904
-10.0155,12.094,0.0508075
-2.46838,2.29191,0.0836179
-3.05959,3.96158,0.0553181
6.3877,7.75786,0.05
-1.92159,10.3566,0.05
-9.80614,22.6422,0.112874
6.79307,20.0721,0.0946471
-7.58302,24.088,0.104233
-2.02155,27.263,0.05
-4.63588,10.1013,0.0667806
4.01495,3.95048,0.0897573
-1.02402,5.37421,0.11341
-9.25033,26.9053,0.0825104
10.092,16.7264,0.0717193
-0.682015,22.3579,0.0572302
-10.7568,0.749624,0.05
1.33774,17.2672,0.0737981
-13.5157,26.9416,0.05
8.60204,5.61075,0.0941817
14.95,27.4532,0.05
-4.75022,12.3494,0.0898111
-7.69759,12.4852,0.0649499
2.45635,15.4168,0.0924862
-4.12939,3.96408,0.0755987
-13.1778,10.7296,0.0714966
-12.0617,3.75128,0.05
11.0078,11.2132,0.0670669
14.1012,24.0542,0.122551
3.18938,26.9952,0.104035
14.7162,8.88671,0.119409
13.1856,27.5082,0.05
-10.1537,5.17324,0.05
-10.5763,9.5725,0.0937698
-10.654,28.9266,0.05
11.5977,2.27834,0.102172
-6.02113,15.2438,0.0837104
12.0222,17.4648,0.0915589
2.6997,7.4526,0.05
8.70228,16.7705,0.0552926
6.50589,15.0297,0.0710907
-2.36713,4.05632,0.0885073
14.2757,7.56815,0.0924005
6.69332,7.81157,0.0718492
-5.39978,23.7846,0.0903308
-8.21941,14.8897,0.111287
-3.43202,24.5929,0.0736487
10.1195,16.1681,0.0708146
8.92079,7.92799,0.0556309
4.61313,12.6197,0.05
10.4375,24.0157,0.0727662
-5.18218,17.5984,0.05
-8.33916,12.6762,0.0588547
-1.64985,17.2351,0.0837541
6.0202,19.724,0.0788146
-9.29099,4.02982,0.0761437
-14.7947,1.0601,0.0692011
-6.23787,22.4225,0.0725029
6.47547,14.7958,0.100729
4.98906,9.95588,0.05
0.629556,28.2776,0.0630304
-5.09309,24.665,0.0877179
12.0241,1.07397,0.0662624
7.51501,23.2165,0.070092
-0.537308,7.58053,0.05
6.82105,1.58867,0.0777563
-4.18172,1.39106,0.05
12.933,4.40027,0.05
-11.2063,14.3536,0.0549142
11.6485,15.5914,0.0764365
-11.9657,22.0569,0.0782346
4.82735,21.6871,0.0641843
11.9823,10.7778,0.0716979
-8.89788,8.0412,0.0715227
2.10979,1.02766,0.0501181
-13.1865,28.3207,0.0607239
-2.41419,16.3533,0.0912018
14.8397,11.3835,0.0603992
-7.69088,16.0812,0.0559265
-7.00298,28.9819,0.114063
-7.76298,29.8875,0.05
1.7975,22.792,0.0846109
-12.802,6.67448,0.0857375
-8.96571,29.8072,0.0686935
11.1393,3.17753,0.0825253
9.61541,11.1414,0.0884102
-13.3742,4.17192,0.0578166
11.3449,4.70997,0.0788169
-4.01776,5.0435,0.056969
0.245124,12.1623,0.0759681
-5.45213,22.9966,0.133437
7.58815,6.07993,0.05
6.5042,5.87169,0.0959383
7.1772,19.4622,0.05
-3.31663,26.9954,0.0516351
12.5274,26.1191,0.08782
-7.02281,7.86525,0.0505676
12.7346,12.0222,0.0698157
-2.16947,0.809599,0.0693358
3.49555,28.4002,0.078495
8.66582,0.186778,0.0877157
-12.7702,22.0932,0.05
1.6966,25.8082,0.0661925
-12.5391,0.867469,0.0671249
7.1734,14.7649,0.0627838
-11.908,13.4424,0.0698015
9.67914,8.36367,0.0873559
-3.98058,28.3207,0.096689
-2.36563,13.8135,0.0659432
11.3994,4.20855,0.0839174
-10.543,23.2244,0.0886095
-7.12261,1.21036,0.0920617
3.82569,19.4766,0.05
-4.53819,21.4471,0.0675029
-8.76704,22.9834,0.0787227
1.31073,16.3713,0.0805269
12.3601,11.6317,0.0649952
1.74885,22.0084,0.102141
13.2365,9.0374,0.123376
-2.69311,15.5745,0.0620204
8.36011,13.4261,0.05
12.483,3.14113,0.0865242
-4.17721,27.0654,0.0862915
0.13233,12.8576,0.0603998
3.05222,11.8244,0.05
-3.16834,24.6252,0.074095
3.25659,29.9141,0.106927
-9.08981,1.38703,0.0592314
13.1415,22.3427,0.0675611
-1.0463,24.884,0.0509548
10.399,0.323439,0.0512783
4.81173,26.7099,0.0954135
-4.47503,15.0102,0.0891115
4.59518,22.119,0.105891
-3.4848,12.4043,0.0714078
2.5543,6.18114,0.105118
14.9063,18.2904,0.0673214
9.92417,26.1399,0.05
-1.92074,20.2266,0.106159
0.346132,10.2447,0.0877148
6.2285,6.72519,0.104699
5.55939,1.74768,0.0762026
-3.47,14.1466,0.0759947
-4.83038,6.73282,0.0994848
4.32596,13.9725,0.0823032
-3.18943,18.5416,0.0683054
-2.55811,12.4864,0.10344
1.01544,8.40699,0.0610871
-13.846,9.91397,0.0899115
-1.32751,15.0906,0.079247
11.9171,19.7326,0.0929288
4.5359,22.3091,0.0932037
4.62353,10.8681,0.0798096
12.4545,17.9797,0.0568092
2.40218,5.00166,0.074771
-10.5417,6.48656,0.0746105
-12.3836,17.644,0.05
2.76599,6.47805,0.05
7.08179,21.4471,0.0826089
-6.29475,2.58355,0.0838041
8.5641,16.8366,0.0978759
-5.30634,27.1398,0.05
-13.7882,27.8672,0.0613366
1.36111,14.9361,0.085977
9.80197,6.01311,0.05
13.284,15.7561,0.05
-13.5927,5.29184,0.0677638
7.79839,13.7892,0.128626
-11.5926,15.3112,0.0623777
-8.76445,19.196,0.05
9.02582,15.3792,0.096021
11.0394,21.4271,0.100987
-11.1635,24.4177,0.05
1.8439,20.9239,0.05
3.61407,24.3009,0.0853467
-4.48708,11.3625,0.0509886
9.31766,18.867,0.0876843
13.3899,16.6205,0.0971083
13.574,1.83817,0.0857628
8.18973,20.4974,0.0772855
-11.7982,24.3738,0.0783973
-11.8182,13.3317,0.0727444
-5.87132,17.101,0.084828
6.16266,24.6567,0.0928097
-8.20853,21.8328,0.114409
-1.62246,27.4931,0.0942351
-13.3295,5.402,0.0962884
10.4981,2.76601,0.0504974
-10.027,19.4705,0.0618571
-14.5248,6.82093,0.0609376
11.1093,0.802588,0.126374
-7.72189,23.3941,0.0851051
11.8463,0.529347,0.0983226
6.30403,3.92925,0.05
-10.5645,9.38891,0.0902032
11.5162,17.9105,0.0734842
-11.034,29.6556,0.0564006
-11.2776,20.0131,0.05
-12.1426,17.5473,0.0856246
12.9663,1.40842,0.0669348
-8.91779,27.3599,0.115628
-2.73997,1.86298,0.0646405
-13.9572,19.9104,0.05
11.349,6.14007,0.0638926
1.58691,7.1873,0.0528706
2.03375,29.4056,0.05
6.50107,17.3896,0.0516399
-2.98265,19.043,0.0789415
-4.38965,0.818354,0.0649904
-7.96107,4.9303,0.0813533
-7.61932,3.48614,0.0819686
-8.29946,13.6888,0.112841
-7.76963,23.0059,0.121797
-13.0071,15.6118,0.130912
-3.57936,21.1172,0.135335
14.1425,6.34306,0.0853894
-5.55051,8.46824,0.0587682
5.79164,17.9717,0.0903584
12.8343,16.7692,0.05
12.1901,2.88828,0.117758
5.36925,24.3981,0.08712
14.4145,11.2442,0.0768045
2.19477,23.5099,0.0914454
-1.60766,29.5892,0.0878761
5.62938,22.3208,0.0897768
-12.2918,20.2309,0.106459
3.90056,19.0798,0.106451
-12.7111,19.1641,0.104268
-9.52612,11.8553,0.0798449
12.5541,20.3518,0.0837822
-9.80222,28.0374,0.123802
12.3591,17.4349,0.114089
12.3438,2.821,0.05
14.4756,14.9726,0.0949056
-14.1572,25.6813,0.086036
-7.74231,4.51102,0.0699352
14.6514,2.61225,0.0612344
0.960519,14.6121,0.0546702
9.96891,9.13685,0.08291
4.27818,5.7498,0.054564
1.11298,9.32416,0.114623
-12.9184,5.59365,0.0830609
-3.47047,17.5384,0.0840348
-11.948,27.3808,0.0624163
-8.70632,3.27121,0.0596307
-8.76055,11.8539,0.0670522
-1.18645,9.43358,0.0713467
7.1264,7.79091,0.115406
-9.66445,1.87616,0.104879
-10.3115,12.6446,0.0823689
-14.732,5.36383,0.075227
-0.330882,8.77122,0.05
10.8404,3.6616,0.0642935
-11.1783,29.0418,0.0611284
2.30005,19.7321,0.0692754
-5.62445,14.5019,0.0570848
-12.9853,26.4162,0.0995041
12.3884,13.3186,0.0606682
-10.4531,18.3264,0.0522116
6.65225,13.9572,0.0810532
5.78748,2.48735,0.106846
-12.0234,26.8144,0.0695208
-5.55828,11.5646,0.05
5.0514,14.2705,0.0605571
7.01063,1.07861,0.0892497
2.85116,29.321,0.05
9.73222,6.43848,0.0555963
-2.67334,27.2095,0.115746
-4.73556,19.6656,0.0745091
6.42382,15.9554,0.05
10.7951,2.5453,0.0985526
8.94857,9.88177,0.0800209
9.21789,22.2684,0.0836671
-12.1688,6.18214,0.080134
-6.84161,24.3733,0.0802507
-5.93358,25.5415,0.05
4.97884,11.1682,0.0909378
-0.762971,24.4241,0.0741695
10.6896,1.08528,0.123307
-6.35748,29.0746,0.0666114
10.1642,28.6398,0.0931717
-10.6885,1.43772,0.0803999
-8.76488,26.4362,0.101225
9.70013,19.574,0.05
2.1583,26.5915,0.106949
0.602861,17.2999,0.0639006
9.2262,27.1842,0.0605862
6.23754,16.5212,0.10428
-7.45226,17.4423,0.05
-1.85072,10.8344,0.0715129
-13.6408,21.4436,0.053872
3.72597,2.48768,0.0937528
12.8658,5.0214,0.0738667
6.17972,11.1436,0.0806232
11.3071,17.0426,0.0725233
7.33947,13.1363,0.124381
12.8285,18.5133,0.0743885
8.70755,16.157,0.0646177
-0.406741,10.2564,0.132947
12.8512,4.32809,0.0590801
-12.6429,8.95273,0.0715145
-5.7783,15.3435,0.05
-8.79761,6.07692,0.05
-11.6955,26.7772,0.0855086
-6.71439,26.3825,0.0874956
7.94567,25.6538,0.0673128
14.0866,13.5596,0.0577072
-9.50666,3.36015,0.100816
-12.5919,25.2403,0.0737899
13.7636,20.1938,0.05
-2.7144,11.0108,0.0703561
9.59098,21.021,0.134744
10.4447,24.1916,0.103206
14.6955,26.4183,0.05
12.5153,15.8421,0.05
9.75825,8.22256,0.0744059
-6.7975,7.58098,0.076193
-3.50985,14.9127,0.0915516
2.48903,5.65947,0.116951
2.37727,1.22226,0.05
1.29017,14.1302,0.05
3.81611,0.235025,0.0913346
-7.27477,11.811,0.0617721
7.48288,1.84322,0.0507636
9.1922,16.4139,0.0876202
2.48368,14.5805,0.05
12.5925,27.9659,0.10523
-3.91337,9.17795,0.109789
-8.41204,25.4899,0.0894022
10.6247,11.8542,0.0571156
0.969302,7.6397,0.101537
-2.11563,21.873,0.0943547
2.59931,27.0226,0.0790057
-2.73786,21.912,0.0608101
-11.8119,19.4531,0.0890683
-1.18628,17.4071,0.0653857
-9.21923,22.0903,0.0760443
0.941684,26.0651,0.0843162
-2.60398,21.1266,0.0855196
8.64104,18.3085,0.0711604
-6.18805,25.0298,0.0545845
-7.59433,23.9342,0.05
3.62117,16.2725,0.0809908
-12.1817,26.811,0.0888155
-1.40742,18.0337,0.0660543
-9.58283,26.8909,0.05
14.6673,8.51099,0.105889
0.553555,2.27257,0.0615137
-14.5478,6.19698,0.134553
14.6582,9.55057,0.0506858
5.58374,25.6173,0.102939
-1.25117,15.3853,0.086737
-12.6932,9.06654,0.0529005
12.4611,24.749,0.0754773
1.5817,2.03911,0.0717196
9.97134,21.996,0.05
3.53857,23.1895,0.0878183
14.6691,17.9173,0.05
7.18327,12.435,0.0583686
-7.00419,0.0703666,0.0703727
12.8312,22.3854,0.075091
-3.28049,24.7336,0.0818626
-7.74634,27.8226,0.05
7.41693,20.3046,0.0957571
-2.37143,10.8574,0.0502087
3.75294,23.5157,0.0872839
-9.85577,22.8182,0.0700316
-7.52124,12.1328,0.0588989
0.961589,7.32647,0.0737109
-3.02597,14.9361,0.0594056
9.94117,18.4545,0.05
8.26285,12.8349,0.0966625
-11.4556,7.71922,0.102926
10.2987,11.5141,0.0930986
-13.4564,15.9376,0.057703
3.78022,18.0195,0.133784
11.7371,14.0534,0.0760207
7.587,7.96923,0.122599
8.55744,28.7573,0.0687012
-4.23845,14.7752,0.0665902
-4.28378,8.90215,0.05
-12.5377,15.805,0.0512138
13.3136,5.13185,0.0957037
-6.98472,12.4545,0.0686594
-14.8299,4.75413,0.0506989
-8.16901,21.0898,0.0855902
10.3614,22.1504,0.0530774
-14.3662,11.8279,0.0863545
1.1103,29.8113,0.05
13.3165,17.4441,0.098024
-2.34349,26.9624,0.115125
-1.25218,4.19011,0.05
11.1775,16.3324,0.0885135
13.7871,15.6712,0.0644438
11.7137,11.187,0.05
-5.10861,23.1226,0.0712626
-3.49765,3.7623,0.0574434
-12.5757,3.77231,0.0514461
-9.87259,7.93708,0.0691975
1.15027,1.469,0.0977088
-7.89406,19.7169,0.05
12.3225,11.1449,0.0924471
5.64821,13.7582,0.116311
-2.98966,9.36794,0.0561519
10.6617,3.46036,0.0721212
-9.5914,6.23902,0.0813872
-10.7787,4.04452,0.075825
9.16756,17.4906,0.0983207
13.5943,9.00394,0.0542202
13.2567,16.7471,0.0866809
12.5141,28.4233,0.05
7.68444,9.31153,0.05
14.1871,1.30591,0.0787427
2.16728,9.44852,0.055689
8.9759,27.3456,0.0835936
13.7596,28.4614,0.0762734
-6.95842,11.8702,0.0995215
-2.65076,8.36175,0.0691908
8.455,22.627,0.0645313
11.91,28.0694,0.106378
3.56802,5.32114,0.05
3.6424,15.1957,0.0980791
-5.27028,6.29286,0.129733
-1.41658,17.7101,0.0509334
5.37011,14.2713,0.0585274
8.56137,7.28449,0.0875988
0.685524,25.2473,0.109178
2.21377,21.1877,0.0678181
-8.93989,3.02073,0.148038
-11.7456,0.110861,0.110877
5.27661,8.23013,0.0979316
7.23227,12.3122,0.0738549
-14.9013,25.2057,0.078864
7.37129,10.2238,0.0651863
2.38157,29.1287,0.0585228
-14.4811,15.0823,0.05
-3.18128,28.6922,0.0783308
-11.0402,18.9808,0.0668132
-9.20184,24.4671,0.114636
-8.86067,22.4197,0.0742327
6.88557,16.2662,0.0687741
14.6264,20.9414,0.0504461
7.18498,5.26856,0.05
10.0015,12.5801,0.0683811
9.79669,21.1125,0.0810939
-6.27945,0.745666,0.127642
-5.99688,15.6682,0.0785816
9.77128,23.3942,0.0965383
-6.26533,26.0144,0.0875119
-7.04263,23.391,0.113124
-11.3407,0.237057,0.0550727
10.9134,24.8748,0.05
-4.97097,22.7051,0.0696822
5.14552,5.84794,0.0658319
-13.0108,17.1838,0.0794692
-6.05756,26.2522,0.05
-1.26837,2.67481,0.137733
-10.9097,13.7615,0.0689546
14.3343,29.7179,0.123819
14.5006,25.4215,0.0690565
2.43159,0.466516,0.053219
-2.94479,10.291,0.0744069
-5.31998,11.3955,0.0661854
6.63351,26.1048,0.105953
-1.96557,28.0762,0.113598
2.47282,8.81575,0.0886141
-8.20981,10.3443,0.125147
3.5745,26.8282,0.0825692
14.3942,18.9471,0.0857374
-0.910511,11.1262,0.0705687
-7.00912,27.6431,0.0667135
0.168213,27.4419,0.0721948
-13.8692,11.1784,0.0660766
-11.7347,13.4961,0.111626
-6.52139,18.9801,0.0857849
5.91366,10.7416,0.0816769
5.89427,22.364,0.05
3.90464,8.28774,0.075318
-11.4187,28.2302,0.0642628
3.38354,27.0258,0.092516
5.19766,13.9972,0.0748623
7.49173,26.2495,0.0666594
4.15536,5.27979,0.0779627
-12.5929,7.41989,0.05
-7.05347,15.6432,0.0745612
-11.9066,5.15727,0.093691
12.0285,2.69554,0.133763
10.149,8.92071,0.0815907
-8.95305,21.6245,0.05
2.94569,0.614927,0.0865855
13.404,24.6924,0.0814615
-7.64799,18.1526,0.05
-10.1183,7.28475,0.05
5.75905,8.55396,0.05
-10.296,19.5929,0.0675673
-5.89722,27.9027,0.0829148
13.2634,28.1464,0.0745106
-11.5234,13.5259,0.101846
6.24242,14.7227,0.0540474
-10.0354,20.0386,0.0716824
3.93269,12.7733,0.0784231
5.98479,0.246288,0.0809648
2.35231,1.49799,0.0819879
0.934645,6.66513,0.0689764
8.33879,23.2756,0.0885946
-7.67777,18.4328,0.0767674
-7.5153,13.9065,0.102929
13.6094,0.794456,0.130794
-9.79583,27.285,0.0525556
10.0605,17.7703,0.05
5.04641,4.18231,0.0836667
-14.4669,27.0605,0.11179
14.2105,16.0023,0.0933868
-11.2804,0.684438,0.0895013
0.36337,4.02974,0.107795
-3.82402,17.9936,0.0544905
-7.37422,20.6795,0.0660306
12.5721,7.88649,0.0671714
9.49755,1.88778,0.0528754
14.4772,14.4788,0.05
2.25406,7.8205,0.0815795
-12.0544,15.3607,0.0551002
-2.59891,20.672,0.0718024
12.6183,24.4316,0.0706524
-4.48501,20.1227,0.0799724
-14.6236,12.3443,0.0795258
7.43006,15.6874,0.0874268
-11.3357,13.95,0.0840738
-11.707,9.75961,0.05
14.0331,18.9424,0.0837306
0.54557,28.6815,0.104034
14.517,25.0791,0.0619448
13.2625,6.40346,0.0619291
-6.62531,2.20185,0.066852
0.475086,16.2964,0.100896
10.7415,4.83228,0.0803254
-5.29781,7.71827,0.0575091
-5.98356,26.6663,0.091122
-8.93906,16.9031,0.0693029
-2.5212,4.47719,0.05
-13.2531,22.9135,0.0800173
7.91959,5.65142,0.108229
-3.06196,2.42383,0.083581
12.5141,7.50723,0.0962996
6.53902,22.6008,0.104625
-0.594903,28.045,0.0977902
14.4555,28.1829,0.0840176
-2.51536,6.11629,0.05
0.557147,17.0362,0.0744169
-12.9897,7.99526,0.0698522
-6.40758,16.5517,0.05
-9.40702,22.5163,0.05
-5.6527,28.9195,0.05
5.8372,5.01454,0.109961
-8.72091,27.7638,0.1253
12.5362,0.0499681,0.05
-14.3981,25.5672,0.0560073
-7.76821,29.4099,0.05
-13.7506,13.9638,0.0552682
-7.47577,28.263,0.0832785
13.5211,15.0375,0.05
-6.38761,18.72,0.0876814
-6.84417,23.7186,0.0690358
-10.2501,28.5378,0.0993308
3.05997,0.51236,0.0669854
-3.92025,19.5604,0.0694119
10.036,8.01699,0.0561993
-3.30391,16.2511,0.103155
-4.31397,18.2122,0.0699275
2.85032,2.55592,0.0502676
10.6653,0.0499984,0.05
-14.3181,24.6131,0.06608
-5.16641,0.0508961,0.0509056
13.8056,15.217,0.070507
-4.00985,24.1032,0.05
-13.6972,23.3807,0.0650501
-12.5899,8.00498,0.0984845
-3.53951,20.1598,0.0946119
-4.60308,25.1271,0.0998311
-8.59662,0.671963,0.122267
-6.21649,12.7147,0.0776468
9.97514,8.95787,0.0961703
1.30914,1.79809,0.0651292
8.12158,27.4876,0.05
5.95525,20.674,0.0805849
14.5521,19.3148,0.0664753
13.0977,4.8998,0.0987827
-10.5714,28.9829,0.05
-10.092,29.8888,0.0791645
-9.47889,1.35267,0.05
-10.4012,16.4936,0.0965081
13.7801,18.1061,0.115422
-13.2201,3.18028,0.0795525
-3.91146,10.6565,0.0806646
7.48873,21.9386,0.052716
-1.43327,12.4314,0.0719631
-9.00181,8.16046,0.0866726
-7.85942,0.563345,0.0836021
6.43406,27.1957,0.05
-6.92554,7.30223,0.0824758
-10.3818,20.3513,0.0728845
-12.7042,6.21753,0.05
7.19117,25.038,0.0933906
-0.0670664,3.56793,0.0781077
-0.619387,20.6099,0.05
9.04152,2.95428,0.10893
9.73187,17.5691,0.0789319
-11.1023,21.913,0.0575101
-1.48779,9.75202,0.101883
14.623,25.9772,0.05
-11.6631,2.80967,0.12551
4.41867,27.6994,0.0674531
6.33879,1.43698,0.0806461
-11.126,10.3107,0.0782025
1.41128,15.6253,0.0820412
-3.19024,25.3174,0.0714892
3.39826,10.314,0.0575747
2.57961,4.118,0.0874999
5.14627,14.6241,0.0597009
-13.5837,10.7889,0.0563139
-4.47383,9.14531,0.0819008
-11.625,25.3351,0.0649529
-10.6398,10.4166,0.100627
-8.20729,16.01,0.0849903
8.42815,11.4673,0.0677005
-9.31021,23.3044,0.0744156
13.2722,27.9524,0.119693
10.3942,0.458233,0.072741
-11.3339,24.4328,0.120995
-7.142,1.9147,0.072712
-1.45544,22.1421,0.0795147
-2.36175,22.5418,0.0687137
2.53411,15.266,0.0771958
-5.8731,21.6556,0.0783012
9.48964,5.13121,0.0667637
-1.39216,23.1528,0.128423
-4.15519,25.5657,0.0925026
9.525,7.19533,0.0897736
-8.92572,3.8927,0.0529736
3.56972,20.9681,0.05
1.37091,28.8283,0.129986
12.7622,1.60413,0.0542714
11.6681,26.5141,0.117355
2.71969,9.37825,0.0575239
4.4128,3.69047,0.0723832
-7.258,12.7403,0.110692
9.83619,19.3461,0.078686
7.17762,4.01839,0.0650459
-2.14257,8.98998,0.05
-0.0824973,5.07976,0.0807909
4.18627,23.3799,0.05
-1.08107,29.5115,0.0851361
7.55387,24.3178,0.05
-7.03495,20.3643,0.0519217
-12.8148,5.48634,0.0522228
-12.0547,9.8249,0.0879217
-8.67767,19.5176,0.084619
-11.7827,23.5796,0.05
14.0362,1.16904,0.125051
-14.94,11.4637,0.0600468
0.874951,0.512258,0.0947523
-11.7719,14.5865,0.0859488
4.37702,9.25337,0.0710804
-3.71452,7.55051,0.0836203
12.5161,13.9818,0.05
-2.50254,4.02718,0.05
-2.70376,18.3961,0.0691923
-3.85305,7.13531,0.0674548
9.06978,18.8744,0.125293
-6.46715,0.902614,0.0534203
9.51372,24.0924,0.142187
6.79166,13.2771,0.05
0.433689,10.079,0.0996981
2.84194,4.53236,0.0725059
14.7476,15.3516,0.0701585
4.688,2.30336,0.065304
-9.6675,4.84383,0.0867928
0.650698,14.6567,0.090458
0.212406,14.849,0.0659948
-0.288529,3.23321,0.0763002
-8.7349,21.0509,0.05
6.70884,7.39744,0.11024
14.8561,12.7162,0.05
6.38241,12.419,0.0909321
-10.0499,29.4145,0.0806541
6.60264,23.8478,0.0910988
-2.78729,29.9947,0.115037
-13.7907,5.97518,0.0521512
-13.3395,17.8443,0.118304
-8.30747,19.6657,0.0706193
-12.409,11.6561,0.05
-14.6057,3.32426,0.0911267
3.0046,4.28656,0.0719053
1.23014,20.2552,0.0823382
-4.20169,14.3283,0.119016
6.55757,5.02399,0.05
2.60217,29.3149,0.0802995
11.7651,8.57249,0.05
-6.25568,24.4681,0.0643066
-2.92516,2.52379,0.0858777
-14.7495,14.0636,0.0542995
12.7743,21.3946,0.0873991
-6.90883,24.5282,0.0885998
9.55504,26.5902,0.0637454
-8.43377,12.0486,0.0508605
4.98086,4.51505,0.0787229
-8.06566,26.0194,0.103794
11.9539,2.06978,0.0626851
12.2991,13.8388,0.073513
7.94085,7.05948,0.0884795
2.12412,5.95935,0.0640506
-3.02719,21.0489,0.0567976
-9.39185,24.0685,0.0597633
-8.32439,12.9616,0.0955758
13.9527,29.7625,0.0700063
-4.69926,0.872435,0.05
10.4829,23.5785,0.05
-3.51817,28.5785,0.105011
-4.90763,2.46336,0.117037
10.0945,13.7071,0.0908407
5.06899,25.9747,0.05
3.66939,25.3125,0.0815438
13.4329,18.5014,0.0847692
-12.9786,21.3257,0.0909362
0.1024,26.8047,0.0931512
-1.61747,2.22285,0.11808
3.73782,0.814201,0.096317
5.60338,4.15821,0.05
-2.80861,1.50709,0.0928188
-8.33318,11.0507,0.0567287
-8.59052,8.91338,0.105432
0.314102,26.9772,0.0772103
-8.12797,4.92436,0.0718383
4.45198,25.697,0.05
13.8836,26.5962,0.106442
-14.5241,6.57433,0.05
8.77591,10.4156,0.0668174
10.7576,18.7342,0.0957141
-1.83259,7.05748,0.0722547
-10.7992,4.33074,0.0685899
-6.5725,20.4806,0.05
-7.6385,5.2572,0.0725926
13.6142,28.6546,0.0597807
9.76237,24.7135,0.05
-0.0137781,9.95549,0.05
-2.52937,16.8994,0.0520772
10.2677,29.5145,0.05
-11.4477,0.985371,0.0562367
4.37118,4.98272,0.0631117
10.3796,11.3714,0.0709571
-13.4364,6.64108,0.0728774
1.53293,3.03285,0.05
-2.17359,5.14695,0.0609153
-0.954798,16.3181,0.116142
-8.74718,16.0637,0.0997856
2.1407,7.528,0.0795283
12.5175,2.54066,0.114939
-10.1159,23.3411,0.0693681
2.0235,8.31123,0.12276
4.46499,5.7496,0.108402
7.17461,19.5622,0.05
-7.95059,28.5276,0.0693519
5.21246,14.7718,0.0551924
11.3483,20.0251,0.0707399
-3.1886,29.3449,0.081034
-9.76138,23.5565,0.0870466
0.218426,8.62682,0.0734784
4.51497,19.808,0.088664
7.64809,16.9366,0.116398
-10.8813,26.7341,0.0669916
8.29808,0.210879,0.0967951
-0.0498353,2.63398,0.089466
-12.6035,8.69207,0.0659125
5.61948,11.1398,0.0879973
-5.97239,1.99211,0.108146
-3.20007,16.9523,0.076543
13.524,17.3118,0.0607139
13.7763,7.88869,0.061376
-9.50518,1.0049,0.0832889
13.5327,1.96751,0.05
-14.9469,23.0425,0.0530706
6.70606,15.6417,0.090112
8.54391,12.6362,0.054406
-11.9915,14.4927,0.05
6.47761,20.5727,0.061994
7.1396,24.311,0.103153
-5.90394,27.5057,0.0849798
-14.9372,8.65331,0.0628431
1.41705,5.10988,0.0822389
9.45071,5.91742,0.118798
-12.7385,16.6839,0.0759002
11.8894,20.4374,0.0554758
2.21648,9.57177,0.0769479
-0.915367,21.4041,0.05
4.21945,24.6923,0.104037
-12.2317,4.67251,0.0627975
-11.3634,14.8746,0.05
-4.00109,3.3758,0.05
-10.5449,26.5984,0.05
4.16241,29.867,0.125155
-8.75923,24.5467,0.0986806
-6.97267,8.39245,0.0592549
-12.2362,5.14322,0.050178
13.2355,23.8257,0.0654734
-6.17564,0.388304,0.0521432
-3.90086,3.54047,0.0567225
-1.89237,21.4407,0.0523878
6.63646,25.3031,0.0534076
-1.42997,12.832,0.084944
-6.93077,1.29799,0.072754
6.48306,10.928,0.0847736
-0.742456,14.5958,0.101568
-8.85948,15.2804,0.05
-12.9128,13.9991,0.100347
-0.140386,18.0745,0.0826659
12.7296,26.4437,0.0547714
8.29471,17.0322,0.098863
7.05204,29.2311,0.059773
6.20002,23.0887,0.0739809
-2.60055,13.2151,0.05
6.99225,3.3165,0.05
2.68547,4.92283,0.0955387
2.28446,9.30925,0.0783253
8.46608,5.34517,0.0947437
-9.3969,8.36827,0.05
-6.84757,4.99261,0.0638506
12.9127,25.0131,0.05
6.74671,2.51443,0.0816979
-1.61741,16.9957,0.10572
-10.871,28.8076,0.0562233
1.93775,21.6446,0.109583
14.8952,8.52813,0.104845
14.5927,12.9543,0.05
7.88073,7.45956,0.0690422
3.93992,6.22054,0.110228
10.7018,0.302744,0.0777562
-3.78004,9.82695,0.0791054
-2.6407,16.0241,0.0783606
-4.98817,15.0943,0.0907132
13.5131,5.2687,0.059114
2.56441,29.6625,0.0645269
-2.47844,14.1178,0.106418
-0.301056,27.6489,0.075932
-13.3483,4.82079,0.05
7.66629,15.7444,0.05
-5.18896,17.2664,0.0692261
-11.0815,18.475,0.05
8.4556,18.8218,0.05
9.99199,10.6551,0.05
0.437545,17.0019,0.05
11.1816,25.2159,0.05
-9.73109,27.7334,0.0725191
-3.9952,22.6705,0.0718587
-11.6565,6.55259,0.05
-12.6513,15.4282,0.0957992
-7.04087,4.06954,0.0979521
0.541908,2.72254,0.108592
-10.7981,19.3477,0.05
8.11238,4.23389,0.0893244
4.54573,14.173,0.0928969
-11.9378,5.86541,0.0692895
3.64563,4.2331,0.0506675
6.81525,11.7707,0.0971473
-10.4624,14.7073,0.127893
11.3228,10.208,0.08645
-8.17133,6.79777,0.0896244
11.4768,20.9721,0.102216
8.83944,16.0888,0.0504853
-0.725513,8.55771,0.05
-1.45595,2.31182,0.0663302
-11.0529,12.1468,0.0958847
2.55705,6.90311,0.0869313
-5.76158,24.3495,0.0652965
1.54119,20.7112,0.0754305
13.9077,3.89912,0.0606352
-4.83371,0.220144,0.090578
8.12789,26.8561,0.112358
-13.8992,20.4319,0.05
12.9676,13.0063,0.0535887
8.32327,1.40924,0.125952
-9.10926,29.6184,0.0734519
-12.1354,22.6722,0.0861412
-10.1948,20.1536,0.109941
-1.83812,2.56818,0.0852348
8.7272,13.9351,0.0745592
10.5911,26.0289,0.128266
8.59581,24.1952,0.05
-11.4504,18.1166,0.0661054
-2.66235,29.6227,0.0633843
-7.50948,6.60739,0.100525
-5.07941,29.555,0.05
-5.72336,2.61549,0.05
4.10031,2.04545,0.05
-10.0103,20.2441,0.09555
1.54425,12.4905,0.0515039
-14.3711,7.59916,0.133384
-14.4799,20.7183,0.0546409
-1.65145,8.22364,0.084846
13.6377,29.2047,0.102031
-7.38336,29.7102,0.109363
-3.00539,14.7946,0.0836027
2.09213,27.9717,0.0815939
-4.5028,1.08291,0.0656365
-12.9458,20.6837,0.0866533
-14.5358,15.5978,0.0714707
1.92823,13.4464,0.0542283
-13.5557,6.39259,0.0501213
-0.911827,3.66167,0.0693651
-6.31085,3.6944,0.0549805
8.41462,1.57759,0.0656149
6.66509,13.5681,0.0754328
0.64647,20.557,0.088633
0.915975,12.2869,0.0732014
7.3793,19.4532,0.055257
-12.126,5.33927,0.0573375
-6.86249,29.8296,0.074038
6.98035,5.03679,0.0896364
-2.49334,1.23733,0.0740816
-0.330409,13.2763,0.0730707
-8.859,21.0276,0.0762799
-4.38133,11.3953,0.0597519
1.82789,14.2936,0.05
-10.3956,16.033,0.100404
5.40674,11.6683,0.05
-8.81797,23.2423,0.0998848
-5.00597,28.8467,0.0629623
8.56448,20.2517,0.120128
-7.07558,26.042,0.0967446
-7.94124,20.3565,0.0755767
-6.08746,28.472,0.0684027
-11.613,21.2306,0.0750431
-3.38399,12.1336,0.0848555
8.06413,19.697,0.05
-13.1902,1.74436,0.0775016
14.8826,12.5374,0.109364
11.4597,26.5462,0.0934779
7.86584,5.80884,0.0581188
-7.02622,4.4721,0.05
-11.0998,8.18059,0.0963549
3.97589,14.3674,0.0639951
-8.62623,21.0262,0.0614316
1.48974,12.2867,0.05
-4.15929,10.5833,0.0761402
-5.03817,12.2031,0.10453
-0.760755,1.46216,0.0705281
-7.8289,5.64055,0.102577
10.6589,24.635,0.0605257
10.9889,1.39737,0.05
12.2781,23.2455,0.130312
-13.489,9.57017,0.0775072
5.83752,11.2862,0.0860581
-13.8323,17.0784,0.052616
3.18312,8.39728,0.0588584
-8.78713,18.2318,0.0924206
-1.31531,3.46404,0.0617394
9.55764,5.71024,0.0567108
1.97735,29.3043,0.05
-5.91721,7.26947,0.0999335
3.06402,17.2292,0.05
-5.06196,7.5215,0.0538887
0.126339,1.91454,0.0965823
-14.6566,23.1107,0.0644059
2.84741,15.761,0.0732083
11.5879,27.9216,0.05
6.39465,11.8605,0.0578598
-0.28117,17.1308,0.05
2.14969,1.73698,0.0565044
-0.458886,29.5602,0.117482
13.4518,13.2308,0.05
-8.62697,21.7278,0.069261
9.82899,22.3685,0.0959116
4.72618,7.57613,0.05
9.21112,9.33435,0.0974193
-5.63516,20.1703,0.0825653
14.8085,5.61479,0.0922511
-2.65594,25.0927,0.128036
-5.19204,11.394,0.0617725
-0.00614399,4.91701,0.0989774
-0.172101,16.2545,0.0501726
8.95387,2.6531,0.0633782
2.12994,6.38826,0.0758002
-3.12652,18.7492,0.0690026
13.4181,21.2094,0.064437
0.00333812,24.0624,0.0866085
3.65125,14.7315,0.0809739
-2.34627,28.4364,0.0698969
-11.6299,7.72727,0.07156
2.5506,3.35563,0.0784393
-10.2293,18.0249,0.0746674
-6.59476,24.9827,0.0622356
0.787556,28.2753,0.0949848
-10.7118,10.0645,0.05
-7.83503,16.2663,0.0706518
3.78359,9.62914,0.0597593
-1.95055,26.2822,0.0654655
2.96949,15.7281,0.05
-4.85695,13.5432,0.0673908
10.5929,12.943,0.0913022
-2.29635,3.49893,0.0558193
-2.30688,12.077,0.0553541
7.94467,28.9557,0.0787124
-2.28255,8.88521,0.124844
-4.16212,17.0339,0.055532
3.52524,2.76403,0.05
10.2382,28.9779,0.10195
-7.87302,17.9442,0.0762283
8.39422,13.9057,0.0891202
9.23273,19.5781,0.0830034
9.97983,29.6619,0.0869869
3.77154,2.29464,0.104598
10.4434,11.1423,0.05
0.641032,7.67174,0.104781
-5.83988,28.6443,0.112579
-6.25047,11.611,0.0853196
-8.71338,2.92241,0.0988919
10.4494,3.24114,0.0546615
-14.4512,22.715,0.114886
-7.74065,3.91093,0.0979891
-12.1766,2.60783,0.0871929
-5.74516,19.2466,0.05
11.6661,24.4918,0.0697218
1.28817,27.814,0.057822
11.5031,16.1443,0.101326
-0.634305,5.70981,0.0979986
12.6509,11.4832,0.0911535
-5.44531,4.03919,0.064782
12.1759,21.3699,0.05
5.56825,11.7989,0.0972703
10.8562,23.4788,0.0926252
-4.41615,12.5789,0.05
-6.52231,7.10668,0.112154
-10.7724,1.23736,0.136805
-0.00683719,7.32024,0.052002
-13.3647,22.4998,0.0847887
-7.48183,23.1377,0.0878086
-5.26608,22.3988,0.0513275
4.03228,23.6299,0.0823733
-14.3347,1.76848,0.05
-8.91168,21.3391,0.05
6.08365,7.60253,0.0926593
12.0728,23.9421,0.05
-4.43758,24.365,0.0723945
-3.51286,10.0849,0.107902
-5.19673,15.8882,0.05
-11.4261,13.3611,0.0895216
9.63974,16.2728,0.0724837
-5.90978,22.6417,0.0760792
-11.3981,9.00929,0.0795985
-0.668028,8.71922,0.121432
-4.20959,18.7962,0.0764822
8.82209,1.12046,0.05
5.48689,23.101,0.0692871
-14.188,17.9709,0.0839116
9.98116,23.1078,0.107704
-10.6161,1.58289,0.06725
-3.41777,26.259,0.108048
-5.66209,21.8257,0.0641815
6.89637,19.7651,0.085515
-5.26006,20.2799,0.0566309
7.51483,13.6466,0.0912699
-1.31286,12.6412,0.101342
1.66879,17.4154,0.101739
4.65206,8.99123,0.107674
11.1553,8.50111,0.0638779
-11.36,26.557,0.05
-5.01348,16.9928,0.06161
-6.37907,23.5369,0.05
7.45612,9.89285,0.0929359
-5.38771,12.1385,0.0766908
-4.5968,21.0899,0.05
12.1429,17.1679,0.0726855
-5.42448,24.1466,0.0920783
-8.97518,1.47433,0.05
0.996525,5.52256,0.05
-7.53519,20.6638,0.0957062
9.81342,19.5055,0.0823614
7.47031,29.1104,0.0523001
-9.1987,2.32145,0.0964688
11.8108,7.03361,0.0543979
7.40342,14.9751,0.103537
7.55579,6.3481,0.0645084
-6.6585,21.164,0.0844662
12.7052,18.6756,0.05
7.01628,16.078,0.0877996
-5.69441,16.5682,0.0689101
13.6637,26.2588,0.0556777
12.2624,8.79856,0.082786
6.89414,3.90808,0.0564934
-1.96974,20.0681,0.0508964
-3.2981,22.9802,0.14353
10.5702,12.0816,0.0569792
-1.27403,13.7099,0.090709
13.6568,16.3346,0.0975719
14.5743,8.03373,0.0504109
11.348,26.7069,0.102214
-5.5694,25.8543,0.0995897
3.61467,21.1055,0.0940261
10.3335,1.91742,0.05
-5.43328,5.88311,0.0585306
-13.0492,14.0664,0.0517367
-2.76359,2.01166,0.0859202
-0.687256,1.97126,0.0670894
11.8376,26.2919,0.0587557
7.22354,17.4856,0.0899917
8.83169,21.5565,0.0956937
13.8759,28.2926,0.125923
7.80815,21.458,0.0543676
-6.81339,20.8846,0.0666587
3.97453,4.52108,0.0833641
12.8619,16.3448,0.0599501
-12.198,27.2628,0.0590146
-13.7982,0.670057,0.0891941
1.65186,21.6792,0.0960452
11.3919,0.461945,0.121253
-12.1191,13.4201,0.0746527
-14.9235,24.1986,0.0765483
-12.0914,22.9657,0.05
7.12088,17.5838,0.0520666
-11.4977,28.8047,0.0884968
0.32002,12.3024,0.0818455
-12.9259,5.42638,0.0740394
1.75319,5.21547,0.079133
8.86614,29.1818,0.0643066
-12.5378,9.01374,0.05
2.35979,1.92311,0.0811142
10.4583,17.1345,0.05
0.170391,11.4973,0.0527949
7.82364,27.6792,0.0554298
-11.1879,1.9265,0.0917865
9.43268,20.1332,0.0772129
-12.1379,27.9707,0.0739147
-9.83306,23.8499,0.150258
-5.71812,0.639341,0.0836727
-9.27388,17.9467,0.053275
-7.97736,21.2194,0.0885185
11.2162,11.6289,0.0951974
9.37268,0.8471,0.0994478
6.54806,27.3609,0.0675386
3.56185,24.6546,0.05
-4.11668,11.718,0.0821487
13.2889,13.482,0.0843542
-14.4636,5.9621,0.114953
14.1032,2.55788,0.05
2.47571,25.6736,0.114371
8.94688,6.67146,0.10629
-12.7445,29.9447,0.0623131
7.38325,21.1787,0.0879709
-8.26148,10.0568,0.0688091
-10.6898,9.46533,0.0565895
-8.68599,11.728,0.0793057
3.40862,25.8907,0.0990953
5.49668,23.2325,0.0625951
-1.75399,21.923,0.103637
-11.3164,20.7269,0.050853
-3.16742,26.5428,0.05
13.6293,14.4043,0.0785839
-4.60701,19.6873,0.0558248
0.637012,4.48123,0.0995231
8.36299,16.3888,0.0622696
9.34728,17.0163,0.05
-8.74399,6.33639,0.103254
-9.64985,11.1269,0.0666037
7.81357,29.5228,0.0924284
-9.30747,9.64923,0.05
0.693245,1.26403,0.0897407
12.1601,4.06277,0.0608052
9.17792,2.37337,0.124385
-8.09316,8.13188,0.110471
-3.23653,19.1938,0.079213
-11.2648,0.498352,0.0718076
-5.27647,20.9674,0.05
-14.106,7.24424,0.127221
-6.78233,13.9957,0.0979629
-3.69561,19.3819,0.0807259
-13.2104,4.20153,0.108571
2.33661,21.4471,0.0937501
4.87082,12.908,0.106932
4.97464,7.01412,0.05
12.5156,1.98191,0.0829823
3.52298,6.77217,0.0847606
10.6153,2.99743,0.0725296
2.38545,13.1922,0.0752972
3.01275,25.7088,0.112614
-5.71535,21.7247,0.05
9.48092,8.06815,0.0726174
1.29096,17.8525,0.0674644
2.87556,15.9674,0.0766584
-11.5474,25.1385,0.0974154
3.94018,17.5272,0.0839872
6.58543,28.2089,0.100251
-5.03897,18.2917,0.0809679
0.606072,0.401691,0.0682184
14.7915,3.99728,0.0640015
5.45962,19.0852,0.0539721
6.64993,6.77063,0.117384
-2.05547,27.7268,0.0737454
6.90186,8.42978,0.05
-3.53202,6.68288,0.0630857
11.5578,10.5186,0.062449
-10.7039,15.7224,0.0851071
14.9461,11.6417,0.0538521
-13.369,8.02964,0.0509244
3.39447,19.0453,0.0716805
-11.3219,23.4418,0.0938287
10.9603,21.6274,0.0814245
-7.51475,23.4312,0.0621611
2.31339,15.9031,0.0549388
-6.1565,8.01488,0.101973
-7.49147,15.1839,0.0890634
-6.87784,7.69111,0.0601208
-2.48083,14.8504,0.05
-2.64637,4.60042,0.112428
-14.4526,1.0668,0.0804201
-9.35694,23.8832,0.111181
-3.41816,9.77833,0.113124
-14.5928,20.7652,0.0676638
3.91419,9.64071,0.0713504
5.10176,16.6053,0.0600068
3.19494,13.6777,0.092327
-13.079,15.0123,0.0876559
-7.5968,28.4555,0.106928
3.92192,11.4923,0.0861907
-8.83108,6.9798,0.0927275
10.7272,9.56637,0.0986039
-9.9685,27.9064,0.0765301
-7.98001,19.621,0.0787355
3.17705,18.0545,0.0528836
9.77011,5.91343,0.05
-14.6659,16.1053,0.070428
-6.87587,25.1327,0.101444
1.22729,4.45689,0.0767595
-2.7861,18.7848,0.0537973
-10.517,20.5108,0.05
-10.353,14.86,0.0599968
-5.49602,1.60657,0.0591
8.85264,8.14968,0.0765079
4.69559,20.268,0.060764
-5.37679,0.570424,0.0561466
8.67338,20.6111,0.08286
9.36443,4.03157,0.064452
-9.13748,13.3543,0.05
7.87168,22.1598,0.08983
11.3003,19.0978,0.0833257
10.2874,5.51524,0.0864984
-12.1896,29.8742,0.0511272
9.11754,13.5326,0.0633597
-9.28109,25.9588,0.0939088
-13.8179,22.3842,0.104946
-9.76024,5.64793,0.0680565
-12.1245,10.2853,0.0725882
-4.98788,23.5182,0.0719932
11.2947,12.3019,0.05
-11.7194,4.25334,0.0636494
-9.51226,17.5021,0.0578569
9.68835,13.7564,0.0682684
-3.78759,5.35224,0.075594
9.50573,26.0961,0.05
3.08117,5.59923,0.0819086
9.82324,13.0545,0.156031
8.87911,2.86948,0.0742946
8.75962,25.2125,0.0515449
-10.2834,0.804291,0.05
6.76142,16.243,0.0575135
-9.63678,15.6923,0.080017
13.7884,6.77144,0.0765962
3.65321,28.483,0.0847943
5.97304,27.2058,0.0947047
12.5466,2.33939,0.0884678
-2.59508,11.0265,0.05
-11.3686,26.259,0.0850706
-8.82547,15.7794,0.0829098
-7.56852,0.0671583,0.0671891
6.35209,21.7133,0.05
13.9797,18.4937,0.117721
7.28112,10.6497,0.101687
12.1794,14.6403,0.076363
6.44069,1.99696,0.05
10.8422,5.94428,0.125856
1.14273,22.699,0.100985
8.58356,24.803,0.05
9.43241,14.0482,0.05
0.245259,5.13795,0.0574101
14.2895,0.996265,0.0630196
8.00723,28.3192,0.0614458
6.30624,5.60951,0.08175
4.03821,12.8688,0.063886
-9.39491,1.88184,0.0584589
2.92599,4.19339,0.05
-7.10648,22.0412,0.0786623
-9.18762,11.2933,0.0839563
13.9103,3.3345,0.0890222
10.3287,16.3528,0.0924086
-11.154,21.4356,0.0766828
9.72837,29.635,0.05
-5.81735,13.2197,0.0778834
-14.2398,27.0246,0.0734053
2.61285,11.9325,0.0930176
6.41631,11.2344,0.0512973
0.0578323,3.05317,0.0992581
-4.01329,16.7824,0.071814
-10.7412,20.3272,0.0770102
-14.832,22.4483,0.0901912
4.03229,23.4961,0.0514317
2.03636,1.58538,0.129479
-0.413749,10.566,0.0779378
-6.40143,25.7853,0.0939064
-9.45462,8.47038,0.0673009
-14.7117,21.6688,0.0616345
-13.8504,29.4692,0.101416
-9.93541,5.6728,0.05
-3.73695,11.162,0.0836989
10.4281,7.39785,0.05
5.73871,18.463,0.0754184
-4.62748,24.3662,0.0719055
-11.8258,9.18603,0.0982207
12.3864,22.8872,0.05
8.8532,22.9236,0.05
-7.35889,13.3592,0.0751702
-7.97386,11.2214,0.05
10.8985,16.7513,0.0837532
14.5862,12.3505,0.0610969
10.168,25.2941,0.0654575
-1.76336,11.4183,0.0607748
14.0036,8.23814,0.102635
-5.72215,17.7861,0.054425
6.17856,22.6104,0.112215
4.5235,4.92802,0.0870173
7.48543,19.0997,0.0539676
10.2496,0.972498,0.131933
4.00423,9.27936,0.108992
5.6629,14.9181,0.0592337
-13.0563,19.9387,0.105223
-13.3232,24.6461,0.0703996
11.1381,22.5137,0.0822215
-5.23775,26.4179,0.123102
5.37468,8.48451,0.0786398
5.63398,21.1506,0.0716525
-3.35904,14.8937,0.0604478
10.8036,24.9186,0.068253
-0.568951,29.4339,0.05
-9.33359,6.91688,0.0647685
-0.457296,3.53066,0.0653499
-4.2803,25.656,0.0609286
13.5882,4.63539,0.072065
1.87206,4.76048,0.0619362
14.4688,24.6531,0.05
1.52834,4.31348,0.0522163
-8.41819,11.6903,0.05
-12.0197,13.5187,0.0653826
-3.19965,27.0276,0.0696868
-5.49552,13.1555,0.05
1.49787,8.16156,0.0559829
13.167,29.4398,0.0732264
-8.55787,5.88089,0.0587713
8.11268,19.3546,0.0728831
-13.6942,27.983,0.0875268
7.85192,25.2046,0.0911499
-14.7119,5.5082,0.05
12.2538,17.9411,0.0588442
-12.9658,15.9926,0.05
10.4553,7.11435,0.05
-10.3504,0.703854,0.0707732
7.25283,11.5414,0.05
1.17543,29.0997,0.05
4.91924,12.6907,0.0723811
4.21866,19.0303,0.0684895
2.33815,25.5836,0.05
-12.1716,29.9762,0.0523692
14.5345,23.8865,0.0920251
-7.67411,17.6362,0.0671644
2.28289,7.46024,0.0779858
-1.72197,1.91398,0.0928971
13.0295,14.585,0.0720512
-0.766667,14.7554,0.059867
-9.62699,0.853089,0.0731925
-14.1232,12.5032,0.05
1.55957,15.5767,0.0722669
-12.7533,3.10548,0.154833
-9.48047,12.9075,0.05
2.02436,28.6406,0.0552052
-13.8523,14.6645,0.0900775
0.207047,24.377,0.05
-8.97977,1.03784,0.115502
12.496,26.963,0.0755094
6.12134,15.8829,0.05
2.23571,23.666,0.0699761
1.32682,20.1467,0.0630026
12.6319,20.0867,0.0607841
-10.8267,19.8709,0.0814713
11.7795,7.38864,0.0772777
-6.25945,22.8291,0.0923447
-13.3993,26.9441,0.0664035
-0.0304148,19.6907,0.0667886
-14.9378,22.6981,0.0621587
-10.3417,1.20602,0.0802539
-11.3049,7.60969,0.0833422
-6.56732,6.74052,0.0531485
0.891918,5.78648,0.104637
5.2276,26.7696,0.0560363
-10.8708,23.9471,0.05
-6.72663,18.4814,0.0711138
-4.72548,23.4576,0.103299
7.73886,16.0282,0.0739728
12.9313,14.4597,0.0618661
-13.6687,12.1944,0.0932774
-5.82652,2.62519,0.05
-7.24057,22.1562,0.0979805
14.0051,25.2296,0.0761444
-8.28078,10.9286,0.0761166
-5.66866,6.06933,0.137847
-9.66792,9.68909,0.05
10.8014,10.3016,0.0572692
14.4941,26.2796,0.135174
2.13903,0.546181,0.108827
-8.05092,20.1048,0.064344
9.97067,14.2297,0.05
-11.9309,9.89735,0.0555241
-5.55229,13.5199,0.0683921
-10.5674,17.4274,0.0912235
-9.91358,13.4749,0.115534
3.99933,18.9088,0.0910051
-7.10741,7.52248,0.0676845
11.839,21.39,0.05
2.82753,1.22971,0.05
-12.8596,16.8708,0.0923255
1.40653,9.39181,0.0798322
-10.9285,13.2278,0.0818904
-9.06185,26.847,0.114486
12.7593,26.3115,0.05
-2.02916,11.4828,0.05
8.40417,13.5669,0.0974988
-4.20151,9.28875,0.05
-7.71486,18.554,0.05
3.41387,3.13221,0.0530933
11.8642,13.1238,0.097105
-3.89039,12.5181,0.0654326
0.906383,12.5601,0.0998434
11.6306,5.18833,0.05
6.97822,18.173,0.0785299
-12.7278,2.51539,0.067836
-5.34118,2.72683,0.0908041
14.9497,7.7898,0.0502657
-5.79528,19.16,0.05
4.97822,11.3665,0.107307
-4.42151,16.6985,0.102808
-9.29112,12.2159,0.0790676
0.794522,1.53543,0.0731749
11.7748,10.2483,0.05
-3.83361,25.9996,0.0666596
12.3067,18.6022,0.05
-8.7872,18.6751,0.108
9.70648,26.2896,0.0988569
-4.33186,10.3195,0.05
-4.97306,20.6446,0.05
-11.8355,2.84249,0.05
9.63824,13.1983,0.0782896
10.9295,14.6288,0.110776
-12.506,17.1538,0.05
-4.3144,4.74147,0.0700979
-0.541146,19.3246,0.125644
-7.30017,7.10642,0.0768962
8.74524,6.66807,0.0953832
-12.3397,7.10034,0.0640992
12.7147,12.1463,0.0557918
3.47788,26.9189,0.05
-1.12363,7.04805,0.0774474
-5.92329,18.4923,0.0924821
-13.8743,10.078,0.0765143
12.1013,11.4372,0.05
-3.26602,6.58795,0.06998
-4.3091,6.11698,0.101367
5.58582,23.4524,0.0825946
-1.49,27.6238,0.0918475
-10.4154,19.2372,0.0635085
-5.8159,11.4779,0.05
-3.36491,15.1883,0.0599745
11.4093,24.0825,0.0841529
8.73923,18.9731,0.0734022
-11.6127,13.1285,0.0580326
11.6398,28.1964,0.120401
2.5017,19.1756,0.0519326
-4.38936,20.378,0.0860604
11.3415,13.1633,0.0517631
7.25623,20.3083,0.0649812
1.37219,5.88565,0.0800246
14.4619,20.1518,0.0859725
1.59507,25.6005,0.05
-0.535441,28.9818,0.0868831
6.77873,14.7103,0.0559947
-5.0484,2.56188,0.0548097
1.969,2.74342,0.09475
3.64583,3.9191,0.0551289
3.96979,10.9884,0.105376
3.94613,11.6674,0.090561
-3.92175,19.0038,0.111046
11.0882,8.28524,0.0746099
4.97874,7.45223,0.088458
-2.29444,12.8197,0.05
14.4742,16.567,0.0996837
-9.5199,5.74585,0.0738983
-12.7123,13.5147,0.0694504
9.85788,22.5159,0.0542312
-5.65476,3.4287,0.129579
-8.34194,11.521,0.0918153
-13.6539,9.91753,0.102254
3.05653,16.4819,0.0528182
6.47169,26.5995,0.0655678
-4.48536,18.0964,0.0803493
6.50405,0.944357,0.115314
10.6647,27.6698,0.0898911
-12.0471,1.67364,0.140652
-0.209135,9.57897,0.112311
4.81762,24.0073,0.0938622
7.78958,10.6418,0.0532504
-6.6963,26.525,0.0561706
-11.7802,25.287,0.05
14.1644,11.7958,0.0999378
12.3355,18.9517,0.0767968
-13.1837,24.0623,0.0617521
3.31156,11.5255,0.0707798
7.31242,0.915928,0.0742737
-2.60679,1.94929,0.0828343
-11.5189,21.4124,0.087893
-11.3646,10.6801,0.0905029
12.0468,22.6435,0.0649155
-3.66187,9.66402,0.120558
4.38062,9.88373,0.0826184
10.0008,1.15593,0.0638004
-12.0562,20.8675,0.11205
-14.2756,9.39701,0.0899552
5.57723,3.92719,0.0788934
1.50124,16.7028,0.133532
-13.5128,12.4473,0.0692553
-2.60971,25.508,0.05
6.16154,27.0488,0.137265
-1.056,18.6442,0.0905274
-2.19243,9.42828,0.0554377
-1.51227,17.452,0.05
-12.5152,17.6699,0.0841188
1.59131,28.8948,0.0791841
-10.9605,7.60221,0.0891274
2.48431,14.2789,0.05
-5.12245,26.8308,0.0680108
8.36705,9.38056,0.102459
9.4862,11.2918,0.0614314
10.3049,17.2885,0.05
-5.16209,14.2548,0.0860859
-12.4111,1.19509,0.117409
-4.52606,19.6048,0.0597744
12.6417,5.14207,0.114507
-1.95823,20.3951,0.0526614
7.89053,24.4335,0.0847268
-10.6874,3.45022,0.0995497
-7.96977,2.80793,0.10607
12.0138,25.8369,0.104618
-7.58202,23.3052,0.080639
-6.97325,6.16955,0.05
-2.37856,23.0816,0.0924706
6.60203,3.80433,0.0800415
-1.95121,25.4297,0.0906334
14.2904,14.3513,0.05
13.6449,5.58275,0.116249
-13.5896,26.8277,0.0857494
-2.83954,3.68035,0.05
7.27551,6.28579,0.05
-12.7878,9.10687,0.05
-8.88287,6.81805,0.0766254
-13.9913,25.5748,0.05
11.8698,20.3041,0.0791567
2.71999,28.5327,0.05
-11.9674,6.02575,0.0937553
14.9012,5.44777,0.0987887
7.50879,5.12927,0.110505
-3.24666,24.2938,0.0952114
-11.6525,17.9239,0.0655254
-12.1691,4.84613,0.121752
-1.9034,11.9118,0.10885
-5.40872,8.13311,0.0801566
7.3656,9.1086,0.097996
-1.02239,23.8297,0.10922
-12.4659,10.2736,0.0982115
-9.52274,2.41037,0.0627532
0.791482,3.76931,0.0872799
11.6863,29.9538,0.0546021
-5.60776,15.8686,0.104737
10.0701,2.81337,0.0944903
-7.31555,29.3841,0.0890435
-1.74093,20.5249,0.0889649
-10.49,17.5456,0.05
11.088,4.65007,0.0727502
5.0999,27.2294,0.0567663
-1.71753,9.216,0.114215
-9.6929,24.2875,0.0796348
-6.84412,1.53211,0.0679034
-1.29272,22.9722,0.0777049
-6.42493,28.9166,0.105205
9.79188,28.1572,0.0988816
0.0645165,27.5792,0.0999295
13.1065,18.4589,0.0587342
-9.23881,24.0513,0.0942412
12.0791,8.26611,0.0532244
-1.37084,7.32414,0.0529979
-8.00656,18.3672,0.0642653
1.435,29.8645,0.12924
-3.33914,3.52482,0.100079
-8.28354,16.6237,0.0744061
-8.63626,20.5663,0.05
-13.3504,26.8355,0.0526547
8.02001,24.9217,0.069655
7.22247,16.7391,0.0927248
-4.93395,3.21913,0.05
8.91722,19.2246,0.0952228
2.77516,2.66872,0.0853185
-7.68489,20.1521,0.10102
-12.9937,23.6995,0.105413
-10.437,10.3987,0.102967
8.34462,15.8453,0.05
2.96059,29.8212,0.0677864
-7.24922,16.2271,0.105287
-11.7908,8.29724,0.0885827
-14.9311,16.143,0.0688785
-1.96548,13.4265,0.05
10.6791,10.2253,0.055882
-3.61361,2.80002,0.062591
4.56907,2.01265,0.102133
11.129,18.8699,0.0996047
-12.5583,3.61777,0.104089
2.43607,14.1619,0.0764863
-0.0773975,10.4749,0.05
-0.300154,15.8982,0.0504067
9.12056,5.58569,0.0881606
14.1099,28.4258,0.0510369
-9.60147,21.8903,0.0595998
-5.82533,21.0028,0.0783202
-1.58914,4.53092,0.117488
-8.76221,24.359,0.0891164
-5.59185,7.88298,0.0676082
-14.533,10.8961,0.05
-2.19377,17.8697,0.0666575
-8.85524,28.3481,0.0825844
-13.4812,3.65801,0.0726402
-13.1569,0.160883,0.0890711
1.82866,13.2417,0.0686419
10.5804,15.5864,0.0977115
-13.7436,17.5079,0.0915595
-7.45956,4.86672,0.114596
3.27237,18.0932,0.05
2.12652,6.69647,0.0744232
2.24974,18.8837,0.113797
14.3698,28.2889,0.052297
-7.06419,8.61986,0.0870965
-9.58098,5.47987,0.0622924
13.2679,12.9894,0.0657971
-6.33073,15.8568,0.05
0.101478,25.0557,0.102953
-10.895,0.167529,0.05
8.32931,16.2817,0.05
-12.3355,29.1782,0.0867565
0.52404,27.1001,0.05
11.1206,27.1413,0.0738619
-5.00166,18.5092,0.0598391
0.211545,4.32348,0.0996139
-7.08733,13.1006,0.0612489
-11.1858,29.9292,0.0942729
13.266,20.3003,0.112596
7.90012,17.1615,0.0848561
-5.97882,2.15637,0.0562559
3.69121,27.8002,0.0832669
5.47056,3.81963,0.0725981
-6.99976,5.11881,0.133876
-2.45222,24.5094,0.105126
2.43359,17.9211,0.0938738
3.94144,22.3283,0.0569391
-12.4636,4.14753,0.0550996
-13.0106,8.92921,0.108789
1.28474,6.52889,0.0532581
-12.9315,1.32092,0.059674
12.1296,7.94551,0.113711
-13.5782,23.9846,0.107867
10.7243,3.62135,0.0585882
-12.2704,6.50017,0.0605949
5.25823,14.9498,0.0506543
-0.476016,2.42339,0.10687
-5.61562,19.1838,0.0938425
-3.85824,17.3233,0.0578324
-2.38037,3.63799,0.106657
0.468074,9.52181,0.121254
2.91481,2.40997,0.109327
8.9354,25.6188,0.071452
6.65433,2.17943,0.05
-10.5047,23.0393,0.0995959
2.28659,20.2172,0.0893744
8.5168,14.9407,0.0995461
2.75854,24.2314,0.101436
9.48541,21.5614,0.0632379
13.8108,17.5054,0.0954804
11.7342,25.1721,0.103654
-10.5635,5.70551,0.0959915
9.13904,13.4126,0.0585664
-9.57,18.4272,0.0762681
7.68653,16.4847,0.0528178
9.25051,29.7267,0.0755889
-9.11896,8.74181,0.0760594
12.4869,14.2484,0.05
-12.2312,0.871387,0.061361
-10.3251,22.1911,0.05
-3.46575,9.57658,0.0941659
-4.62231,14.0208,0.05
-2.94471,16.6938,0.05
7.40256,6.32564,0.0831559
11.6549,28.5745,0.05
4.67072,15.8146,0.101059
-14.1375,20.8394,0.0709397
-13.3504,14.2393,0.0702917
-11.6446,17.6691,0.0620313
-8.94589,8.33032,0.0921586
1.63606,14.5926,0.0764828
2.13976,29.6806,0.0575775
-2.55827,28.4046,0.121874
6.57374,23.5827,0.106666
13.6623,24.6613,0.101736
0.390113,25.1409,0.0697248
-1.9214,27.5484,0.0862613
7.69957,14.7952,0.0852975
-2.01765,22.792,0.106231
-3.24278,18.2008,0.0617463
-8.39081,4.41759,0.0570013
-12.6181,27.5828,0.0987576
-14.4776,12.3141,0.0695579
10.562,3.78036,0.0716064
-1.84011,3.96481,0.0530673
14.2166,3.26855,0.067029
1.5695,15.1705,0.0508894
8.29388,22.6436,0.0974418
-2.44508,8.49323,0.0677522
0.276306,27.3164,0.09337
5.42567,22.9349,0.0627093
-4.39581,26.2272,0.109721
-7.02061,9.8709,0.0941513
-8.62507,25.3461,0.116437
0.76191,9.11325,0.05
1.90862,21.2285,0.10237
-2.16691,6.15472,0.10106
-13.2413,12.8609,0.123
-12.5553,15.0139,0.112197
-5.71115,6.83457,0.0886951
-3.11695,9.37033,0.0711617
-3.67391,19.0856,0.117111
-11.4014,5.58698,0.05
0.575485,3.78559,0.0632799
-10.0044,22.5263,0.112902
-4.86226,23.5268,0.05
-6.66994,25.1402,0.10463
12.3578,2.07972,0.0869086
-0.970183,18.1504,0.0755333
-6.99321,10.1322,0.05
-6.15536,13.9167,0.05
-4.31158,6.49887,0.0728195
-5.85974,3.70494,0.05
3.63682,15.6532,0.116388
-9.05559,6.58239,0.106031
4.40916,14.11,0.0566891
11.4885,12.0319,0.0721333
8.00568,21.6925,0.0954888
-8.12271,6.47654,0.05
4.85109,17.6013,0.0813431
9.90199,3.1544,0.0671243
4.93244,5.50955,0.0788735
1.36522,7.4782,0.0539924
10.4567,12.2794,0.107004
0.780003,18.2882,0.05
3.25673,20.6429,0.0830745
-11.0391,7.19424,0.114688
6.33474,13.1576,0.0586514
-1.33554,13.52,0.10888
-0.538237,11.6472,0.0562508
11.2028,7.11807,0.05
-1.77788,27.5106,0.0621674
11.1413,12.2479,0.112655
-10.6516,4.29428,0.0834417
13.7938,5.02961,0.0753444
-9.90954,24.2435,0.070959
12.7975,15.9645,0.0610848
-6.66448,19.8846,0.082383
13.2277,13.9632,0.05
-12.0891,15.0147,0.0551663
-7.50671,10.2894,0.050354
-10.3266,10.6623,0.0837424
-5.23127,13.8716,0.0903741
10.4595,6.52534,0.0802761
-5.25507,22.9395,0.071722
-6.78776,5.38043,0.0635369
-13.9133,25.9274,0.107066
8.81331,22.356,0.0805221
1.08711,26.2428,0.05
6.42184,28.2849,0.0801188
12.0316,10.4556,0.05
4.99622,21.4831,0.0698034
-10.566,14.8917,0.0836419
6.18152,9.19928,0.05
1.90148,6.32465,0.0581502
-13.5758,13.341,0.101647
-6.52166,16.5938,0.0715819
-8.71787,19.0336,0.118967
-1.31806,2.30922,0.0715924
-14.5091,0.369201,0.0597426
8.91234,11.6584,0.05
-4.74245,2.43883,0.05
0.080596,13.3031,0.0508154
7.28578,15.4739,0.0723466
-4.90627,21.2823,0.12855
-9.4074,4.92691,0.0737333
14.5068,13.0687,0.0931373
5.48909,29.1676,0.05
-7.36171,27.5425,0.111901
7.58189,7.68115,0.100061
-12.246,11.7041,0.0528629
12.5115,23.4577,0.0606786
14.0854,19.7695,0.0667159
-3.77256,1.15607,0.0959948
9.54424,16.6568,0.0652588
2.95611,10.603,0.0882612
8.52282,3.20147,0.0852308
9.35924,25.8239,0.0592344
8.73741,21.3843,0.09962
-8.22638,27.1103,0.0812492
-7.62926,17.7743,0.0780071
-11.8751,29.4716,0.0553606
-1.25307,0.280183,0.107806
3.6985,17.5309,0.0972474
-12.6392,12.217,0.0886419
7.5213,1.99737,0.108108
-7.40871,15.015,0.0989736
6.46454,24.7233,0.0988898
8.34424,26.5301,0.05
-9.14916,13.6233,0.127177
12.8624,14.8665,0.05
14.9372,17.3326,0.0626294
10.0545,2.16863,0.12604
-6.27137,4.55263,0.100322
4.13502,4.8284,0.05
14.429,23.2336,0.0990329
-2.0697,5.30198,0.05
12.8123,21.5896,0.111261
-14.8003,18.7804,0.0810477
5.73578,13.2328,0.057283
13.5346,8.32863,0.05
6.9201,25.7499,0.080041
1.28985,6.34471,0.125314
14.9132,4.44166,0.0868107
-2.92613,21.1045,0.058582
13.6204,1.10517,0.0578019
-0.846277,15.9405,0.0613248
1.1302,3.77697,0.0961114
-0.585405,7.29271,0.05
8.89695,29.4569,0.0614706
10.9771,11.1002,0.05
-7.24078,1.55455,0.117065
1.86512,23.5901,0.0666546
-3.87777,10.5046,0.0749244
-9.43838,29.6077,0.0583417
3.19719,8.87958,0.0671618
7.9053,0.0499775,0.05
7.38837,29.9848,0.05
9.65257,2.55147,0.0671393
10.3639,8.76313,0.0808333
12.5709,20.8547,0.0625036
-6.7553,4.46392,0.0861355
2.90285,18.1021,0.098126
-9.49454,26.9797,0.0524915
-7.03996,6.69526,0.0583462
-9.62123,5.61175,0.0755884
2.01117,5.48151,0.05
2.62483,1.4635,0.0608897
9.66375,0.232591,0.0664821
3.76034,4.92205,0.0749253
14.2215,27.4015,0.0502078
-12.4383,2.16181,0.101129
13.913,28.7085,0.103275
-2.49835,2.49253,0.119239
7.02369,14.0542,0.0638905
-7.39563,14.1393,0.05
8.62069,17.2366,0.0519347
4.51611,10.4818,0.05
6.99144,26.0674,0.0887472
13.5055,19.19,0.114609
7.52113,27.3714,0.0870585
-8.39073,10.2988,0.0614209
11.2777,29.5473,0.085422
-1.41634,29.8788,0.0939101
-1.19137,11.0532,0.11672
-6.3739,21.8885,0.0591172
-7.8004,0.104798,0.104814
11.6574,28.3745,0.0580562
-5.45384,19.2066,0.0589871
9.73648,24.416,0.123925
8.20521,5.12805,0.0813606
-13.7776,16.3152,0.0565633
-1.5281,29.1021,0.0634642
-8.69832,22.5635,0.118852
7.50744,24.4094,0.05
-10.8392,6.3631,0.0728362
9.27157,29.8593,0.058693
-8.20289,15.6653,0.066868
-14.9176,28.3666,0.0824054
2.30145,12.8535,0.105245
5.49852,9.28268,0.0882142
-1.72576,11.2707,0.0915927
5.12049,12.6554,0.0820239
4.20327,8.39069,0.0841295
9.7562,10.8152,0.05
-5.88105,21.1285,0.0591764
-9.65577,21.5764,0.0645699
-5.3374,23.4348,0.109498
-2.58447,4.17097,0.115509
-1.10063,12.719,0.0985739
10.9677,20.4302,0.0620226
8.56116,10.6129,0.0999706
14.6453,3.24463,0.064091
-10.046,24.1542,0.0725798
-8.85476,14.986,0.05
-4.28561,17.7287,0.0840127
6.36776,3.32116,0.0801699
0.363469,25.3542,0.0506789
13.4744,27.6375,0.107013
-0.13207,25.6722,0.0788645
-10.0649,16.2078,0.0761677
-12.4819,24.9854,0.057082
-8.56066,9.10855,0.0920123
-8.1116,20.9392,0.0674031
-0.00486258,3.74714,0.111606
-11.4835,0.416686,0.0718283
4.06726,22.7772,0.05
-8.36221,15.6768,0.05
7.61185,19.9747,0.0835271
-14.9402,4.88312,0.0597635
10.9751,8.02049,0.0880531
-13.0482,5.72287,0.0678944
3.25519,19.358,0.0952721
-2.36155,7.10839,0.0766431
-2.18758,14.2721,0.0820609
11.4597,28.0876,0.0742686
-1.20806,8.80315,0.0628811
-5.28994,14.4988,0.0637846
8.77967,22.5047,0.063872
3.97517,29.9365,0.0707876
3.20938,29.1115,0.0573006
4.67448,29.2014,0.0574641
12.3074,3.67561,0.0877073
1.99729,15.1965,0.0720348
-4.43926,5.12245,0.083445
2.87695,21.9057,0.0777463
-3.01384,1.81874,0.0816911
0.132427,4.78981,0.0811343
-4.20523,0.228683,0.0931192
4.94218,18.7326,0.0807573
-0.247682,11.1758,0.05
-6.18275,4.29893,0.0506918
-7.07286,0.419773,0.05
-8.25105,1.97821,0.0666666
-9.67121,1.27672,0.062289
1.27075,13.4613,0.0851128
-2.92251,1.9554,0.082689
-5.67633,0.0631776,0.0632078
5.06324,24.9449,0.0907752
3.34928,6.13319,0.0948747
2.43776,13.8009,0.14809
-14.9481,17.3881,0.05
-7.73063,16.623,0.0837485
4.43351,17.3872,0.112432
-3.09587,11.2884,0.0600262
-14.7782,27.8576,0.0818683
-3.1387,26.4139,0.0820706
-7.29455,10.3435,0.11385
11.9888,18.1178,0.0772386
11.3862,0.991161,0.0684795
0.842144,11.2934,0.05
11.6986,1.15201,0.0621948
-11.35,21.5395,0.05
-11.4221,10.2611,0.0732102
-12.0555,0.550928,0.101825
1.19633,27.2655,0.05
4.9031,0.953585,0.0692974
-3.47486,12.2613,0.0718939
-13.9819,18.356,0.0811076
-3.62136,7.38248,0.05
-5.2485,5.49303,0.114887
1.24092,4.13267,0.0848152
-10.8135,0.302977,0.108191
-13.4807,28.9607,0.0804397
-0.334045,23.5302,0.0627502
11.1699,27.3261,0.05
-11.2921,27.5365,0.108195
11.4721,29.4863,0.0969502
5.56446,28.2078,0.05
-4.89308,21.6997,0.0562406
-7.58437,2.71669,0.0673349
-11.9708,10.1124,0.0590196
-0.87238,4.4504,0.08909
-6.74708,6.6051,0.0919996
-0.684729,17.6042,0.0592123
-1.48986,26.5259,0.0788379
-11.0672,20.6601,0.0820335
-14.2238,7.42165,0.0857311
9.93885,8.33727,0.05
9.21296,11.0267,0.0985169
8.59525,1.78039,0.0873031
-8.74606,2.73625,0.0901149
0.626033,21.8646,0.0699659
9.6515,19.2233,0.110973
-10.3893,19.4817,0.0667984
2.09543,10.8037,0.0646999
-2.56161,15.5821,0.0696984
14.7514,25.7757,0.0796416
-2.39478,0.692254,0.0630325
4.62753,13.63,0.05
9.03859,23.7837,0.104577
-1.0258,15.553,0.05
-12.4158,7.20151,0.0625261
11.5891,10.6767,0.0986871
-10.4117,5.18063,0.05
12.9774,18.0527,0.105734
10.7902,14.1498,0.05
-8.24799,29.3763,0.0580469
13.105,23.194,0.0666975
5.40526,18.7976,0.05
3.08843,27.1527,0.0830283
12.5891,1.49576,0.05
1.21561,12.7069,0.0654005
5.40403,27.583,0.0797546
2.61977,23.3219,0.0664807
-4.92699,2.81565,0.0681103
-10.6208,15.0572,0.05
-1.43844,22.9761,0.0541644
-9.87199,7.16472,0.0695461
6.94833,7.30593,0.05
-4.85789,20.4701,0.0601477
-13.2535,5.89405,0.0760027
-13.6185,3.15393,0.0626915
-8.18855,3.42901,0.05
-6.53491,19.2583,0.0693469
8.19125,3.41841,0.0815067
3.536,16.5833,0.106771
8.9728,20.4211,0.0660107
-0.424896,3.84629,0.0767809
-13.153,5.60055,0.0932174
-11.2502,25.9612,0.101893
-5.1411,17.0993,0.104566
13.2541,17.6272,0.0953769
0.743238,6.99388,0.103548
-0.428839,27.0911,0.0982325
10.453,3.34573,0.05
-5.54257,27.4213,0.0820795
-1.79879,27.627,0.0560937
12.9903,27.3722,0.05
-1.75496,14.4869,0.10366
0.178641,24.9081,0.0635655
-4.81201,10.1882,0.11071
-7.92736,29.7787,0.147086
-8.50245,3.97434,0.0680651
-7.92486,16.7785,0.05
-9.99775,2.72413,0.0594976
-11.6469,14.0237,0.05
-2.45652,24.214,0.117846
-8.87984,3.99518,0.0593207
12.3266,24.1617,0.0809823
8.87641,26.5816,0.0841027
-10.3121,15.8419,0.0925262
12.8558,5.20307,0.108082
-3.6718,2.68078,0.0700969
-4.44867,22.4739,0.0782598
-2.54405,23.876,0.0790139
-8.31983,0.724297,0.0807961
11.5145,21.4123,0.0890997
-6.34539,12.2632,0.0788041
-5.01192,4.13278,0.0749119
1.70189,27.5032,0.05
10.8748,11.0774,0.0547299
7.84656,18.1539,0.122797
13.9921,14.1375,0.05
10.7243,5.04576,0.0814475
13.4156,17.3341,0.05
9.20601,0.975319,0.110851
5.94154,15.5164,0.0802004
5.59898,6.40759,0.129517
-8.69137,29.9086,0.0875276
-5.66384,11.3945,0.0897964
-4.00324,14.638,0.093603
3.32618,20.7964,0.0853723
2.03862,22.4224,0.096998
-11.6277,18.6394,0.0622036
7.39635,8.08191,0.0541144
7.34629,12.1694,0.108878
-8.65459,26.9488,0.05
5.48367,13.7338,0.05
-3.16558,21.7773,0.0844092
-12.8153,10.1819,0.09151
-7.16103,18.4616,0.0713522
-1.85257,13.0943,0.0549236
-8.81485,29.7753,0.0674774
-7.04926,16.2909,0.104593
4.12209,4.44912,0.0626132
-11.3619,10.9971,0.116266
-3.77057,16.5672,0.0898012
-1.6349,0.882956,0.102105
-9.90422,15.484,0.13342
-2.79477,3.9244,0.0859491
14.4617,17.6793,0.05
6.44459,13.4637,0.105038
1.84975,19.9869,0.084576
5.29661,23.6877,0.113335
0.662654,12.6737,0.131494
-7.38106,21.6939,0.104708
0.964929,11.7977,0.0877079
0.292854,22.0982,0.0696065
-7.2351,16.4692,0.055171
-11.936,19.2516,0.0705421
-13.0875,23.0844,0.05
-12.1628,3.70371,0.0616665
9.11998,12.4109,0.0623601
11.3623,12.0888,0.0565646
1.19155,4.29716,0.0869354
11.5638,23.1833,0.10233
11.1648,0.198044,0.0611349
-4.36174,4.99277,0.0676415
-3.56202,18.6009,0.122984
-0.0301203,2.8472,0.124711
-2.6375,10.4195,0.0940711
12.8603,0.724067,0.0830329
-4.06409,16.9318,0.0860319
-3.97766,4.84721,0.0948117
-12.4006,5.58466,0.05
12.1613,28.975,0.0695935
-4.20466,27.4411,0.05
-3.46096,16.1638,0.0765395
3.30343,25.5113,0.0902709
-13.1737,23.3523,0.0761448
13.2011,25.9794,0.0764985
-4.46136,29.603,0.0842968
3.02537,28.3586,0.0992638
-12.0821,23.9768,0.108468
1.56145,4.04041,0.0891765
-14.8335,5.47578,0.0758501
-8.18766,28.3328,0.0851178
1.49412,26.9355,0.050119
-11.2224,7.94803,0.0524578
14.3423,21.0676,0.0660506
11.7683,17.9506,0.05
-9.85941,2.67319,0.05
-3.68821,20.8002,0.112818
-11.6507,5.76988,0.05
1.03984,0.994279,0.0537041
2.74113,1.88907,0.110886
-0.124599,24.4618,0.0792515
8.457,27.5688,0.05
-7.61759,7.17336,0.150371
-13.428,20.1559,0.0716466
-11.4777,21.1611,0.0667575
11.8157,24.5164,0.0818418
3.42077,22.3035,0.0989258
-11.7798,5.73699,0.05
-6.56277,29.8799,0.0597907
1.25572,20.78,0.0938057
11.4667,21.9933,0.05
-8.06172,13.9323,0.0639847
7.92284,3.60473,0.103207
5.03275,2.57081,0.0652928
-5.19624,24.8982,0.05
-14.7865,24.7689,0.077524
-3.94626,13.4312,0.0891984
-5.46047,3.50847,0.080463
4.64597,3.29378,0.0680526
14.8689,7.98321,0.0734961
7.12874,2.06516,0.114443
-6.99975,15.9695,0.0936359
0.843398,19.2797,0.0516095
14.7855,26.9594,0.0582422
-2.26209,27.9017,0.0609209
-4.23601,16.8999,0.0686865
13.4173,11.8059,0.10345
-13.2293,14.526,0.0612571
-2.22976,26.5787,0.0558378
-14.9367,7.69375,0.0632546
-0.490934,16.8615,0.101352
-14.3159,14.2619,0.0778873
-6.90423,1.65548,0.0693509
13.3965,21.058,0.0884598
-9.08065,15.4827,0.0750185
8.49777,11.974,0.05
2.89344,3.94415,0.112515
8.04074,5.51575,0.0706045
-1.21377,24.9273,0.0586391
11.3116,12.4939,0.0854299
-13.7752,14.795,0.0614728
2.54206,11.2531,0.0601441
-8.15432,22.0746,0.133422
-10.4188,12.8016,0.107756
-10.5532,3.18124,0.085171
-5.4854,9.65467,0.10398
-3.26385,2.42167,0.118332
13.716,19.6277,0.0811288
12.4892,13.0502,0.0918902
10.913,24.9748,0.05
8.20505,21.701,0.0751852
5.46334,28.317,0.0686839
7.96805,21.0567,0.129463
3.63216,13.149,0.0630636
-6.91023,2.71395,0.0675527
-0.130926,0.681589,0.0669508
1.74675,27.9318,0.0741609
6.27421,0.57048,0.0625756
7.07637,7.63326,0.05
3.36182,17.7948,0.0541859
7.23182,12.7434,0.05
2.86656,25.9608,0.0949244
-0.86826,28.624,0.0585659
4.61792,13.0602,0.0810428
6.10878,14.6309,0.108066
-12.1583,0.987799,0.0760164
7.98241,10.6935,0.0911334
-4.85656,10.535,0.0732534
-7.40088,8.27567,0.0519038
-8.91256,14.7301,0.101354
-7.02284,8.13223,0.081294
7.68616,11.7281,0.0956248
9.5214,29.1043,0.075328
3.54884,27.8164,0.05
2.07876,21.5546,0.0553473
-1.71302,24.4328,0.0715381
-0.666434,0.959629,0.05
-5.59218,6.92878,0.0630649
9.96687,24.6971,0.05
-1.49217,8.61277,0.05
-8.74218,17.8371,0.05
1.91781,2.31988,0.05
-3.91013,24.0133,0.0770057
-8.55276,14.0748,0.112107
-3.74386,18.5418,0.0682449
7.96041,8.70115,0.0762842
6.21068,14.1629,0.102525
-0.278834,11.638,0.0956605
-4.49932,17.9668,0.05
-8.18123,27.5356,0.05
11.5691,11.8591,0.0528434
12.6543,22.0198,0.05
8.39851,22.4691,0.103152
13.317,16.4519,0.0865543
7.32457,28.3439,0.05
-13.5809,7.88911,0.05
-6.53595,24.8077,0.05
14.8659,21.3063,0.116023
-11.9803,29.0153,0.0718174
7.86571,1.6404,0.0998446
10.4943,15.8873,0.05
-4.7499,20.8577,0.05
-1.77772,25.4886,0.0925671
-6.8838,21.0259,0.0912756
3.8996,28.0969,0.0687756
-7.27299,29.2308,0.0700269
-1.45034,1.32834,0.0944328
-10.0315,4.59706,0.0908424
-1.87259,21.1082,0.0881223
-5.93984,26.4784,0.0919415
7.98436,12.546,0.111869
-7.70625,4.93921,0.0695943
-1.41481,10.5512,0.05
-3.40359,27.1808,0.0824782
-13.5923,18.2089,0.0839472
2.57144,6.35614,0.0707245
-4.94444,6.849,0.0633259
11.8968,22.9023,0.0855559
0.970941,16.431,0.106586
-11.5222,26.7078,0.101191
-9.31976,9.39147,0.097149
-14.1889,18.2554,0.05
-5.90023,23.0732,0.0789529
-5.1457,25.2206,0.068716
-3.57368,1.71559,0.0600432
-5.87948,16.8367,0.05
3.20262,28.0035,0.107533
-2.39646,14.7801,0.05
0.671287,16.9093,0.0962774
-4.54919,12.0347,0.0600158
-3.19545,24.0219,0.05
12.5045,3.28379,0.0577519
-1.02147,11.6926,0.0508496
-10.2266,0.707784,0.0531585
2.9096,9.65556,0.0736176
13.9044,24.9169,0.0796647
14.4474,23.0067,0.128571
8.53967,11.8346,0.0955494
13.1471,21.168,0.0596794
-8.03345,21.0928,0.05
12.0033,3.83343,0.0965212
-9.3456,5.69388,0.0775599
-12.5346,11.7378,0.0999157
9.3561,21.0937,0.100363
-7.31867,29.0826,0.0850541
0.399358,17.427,0.0611551
-6.47283,23.6335,0.0846611
-0.810519,6.22418,0.09539
8.3666,11.9132,0.0945516
4.9295,19.6068,0.066988
6.45001,22.2303,0.0619374
-4.52146,16.5775,0.0540993
-3.87054,9.35506,0.0724301
5.52297,25.4033,0.119475
-7.48246,16.5567,0.05
0.536773,21.2812,0.056202
13.3584,28.2269,0.05
-9.12338,12.076,0.100671
4.11024,29.2869,0.0954553
-2.02133,23.9326,0.0561576
-2.38467,19.7395,0.0710224
-11.353,22.4635,0.05
7.52011,4.87371,0.0867077
-6.968,5.77796,0.0851816
-3.03454,9.47687,0.061661
-8.50196,15.2109,0.0745535
-2.866,17.3094,0.05
4.56803,18.14,0.0523735
11.6942,7.70763,0.05
11.8372,20.6098,0.107952
-12.7264,12.8835,0.05
10.9965,18.6057,0.0996894
8.79951,21.0345,0.0550822
-2.50655,23.177,0.0671753
-6.39874,12.4167,0.0691002
-10.9454,13.3667,0.0580054
-6.5362,7.32062,0.102243
-7.81392,15.9192,0.05
5.94668,2.06232,0.112469
-6.8019,4.61965,0.0747617
-9.80843,8.44556,0.0782482
4.93266,15.0903,0.0507502
4.99188,24.1485,0.126442
-9.40824,7.86322,0.0614826
-2.86849,0.493261,0.0804711
-1.16953,20.5539,0.0918244
4.26117,10.7036,0.0897751
-1.97239,17.3371,0.119912
-14.8617,13.0246,0.0761389
0.259161,3.07776,0.103566
1.12614,17.9033,0.104999
-8.82964,11.1197,0.0862983
4.06546,2.83655,0.0505167
4.68049,9.75423,0.112789
10.519,13.0975,0.0799342
8.92086,20.2919,0.0732068
8.68446,26.9221,0.111002
-2.20846,3.43999,0.05
1.21962,4.75961,0.0508812
-0.294472,7.06918,0.114024
2.79547,29.7037,0.0819221
-5.26379,18.8864,0.0660772
0.361146,21.719,0.0823655
3.9999,13.8078,0.0602327
0.79558,6.65993,0.0701841
-5.40484,12.717,0.0919518
-13.5447,8.72729,0.05
8.88935,15.7887,0.104827
3.96713,27.5256,0.0558621
-0.770146,1.04104,0.0818444
-14.4778,17.603,0.0615239
11.8752,14.449,0.05
-13.4852,0.0792549,0.0792594
-4.72566,25.9288,0.103952
-1.29758,19.7152,0.0790914
12.0592,7.39129,0.05
9.27091,20.1574,0.0707926
11.2372,4.09325,0.115084
-6.07237,19.5865,0.0512287
-14.6254,4.02934,0.0638699
-12.6966,29.0559,0.126397
-12.2342,22.9531,0.0661993
1.30713,18.8622,0.160534
-3.12761,4.14383,0.0730196
-12.354,19.9923,0.0835028
12.922,5.88646,0.131978
12.5475,29.7016,0.0982649
14.9137,22.7719,0.0862979
-8.10253,18.2387,0.0961774
-3.93345,26.6683,0.05
-11.0548,22.4899,0.0586653
11.3471,23.603,0.05
-14.0623,28.5616,0.0786212
-7.18337,15.5532,0.0834563
2.09596,28.3284,0.0814027
2.52968,26.8328,0.122968
9.17292,19.2891,0.0747912
4.36729,7.66248,0.05
8.64789,9.91782,0.0590347
3.20842,16.2355,0.066065
-2.51842,16.0631,0.05
-2.74409,14.123,0.0624071
-2.27913,5.11285,0.05
-3.53465,22.3062,0.106177
-8.6324,21.1538,0.0662319
5.08363,27.9127,0.0658161
10.96,6.36568,0.0939797
-4.03623,28.5372,0.126896
-8.32126,9.33747,0.0818083
-11.07,2.51013,0.0606054
0.0772866,5.72245,0.0922294
12.888,23.6833,0.117921
4.95215,4.0171,0.0730286
-3.54199,27.2023,0.0575719
-1.95713,20.6882,0.110142
5.66443,16.2972,0.0699756
-13.3284,3.08596,0.0640583
0.820779,29.6324,0.0667605
-10.5636,25.5787,0.0550624
-13.2727,19.2253,0.113638
-0.175588,11.0559,0.0899579
-4.94327,13.281,0.0836642
4.15368,8.70015,0.05
6.7158,5.84589,0.0769997
11.8311,28.2315,0.0739429
-7.41827,7.15286,0.05
8.95358,16.1914,0.0684784
-7.05305,17.2791,0.0726974
-9.84339,13.0407,0.0771791
-5.21618,6.10062,0.0699786
10.7065,5.77237,0.0931256
-1.36643,11.8023,0.0782547
3.37663,23.9365,0.0621509
12.0195,20.0014,0.092402
8.3626,18.9076,0.05
-2.03322,18.0548,0.0822137
-6.52509,1.27446,0.0586472
13.4176,2.24685,0.05
13.8096,3.01164,0.0975756
-14.757,8.64618,0.0928718
-14.3277,6.10568,0.0827826
-11.8377,2.16121,0.102777
-7.1756,25.8911,0.0842537
5.25943,24.8984,0.110853
-12.8402,26.6576,0.100894
-0.0726533,4.13058,0.0641107
4.22192,11.3874,0.10301
4.31247,2.98552,0.0848286
14.9318,23.7667,0.0681702
-11.2132,2.07484,0.0587038
9.25265,7.64444,0.089742
-13.3701,28.5358,0.143968
2.05459,6.17913,0.0613081
4.51335,21.9863,0.05
6.14131,5.69269,0.102969
-7.46169,17.8254,0.0971761
-2.2789,8.53971,0.100436
-6.15064,9.79352,0.0729702
-6.22386,29.8558,0.0852186
3.29844,1.80714,0.100485
-8.41709,8.66329,0.0687265
-9.33506,17.5037,0.119351
-3.23806,25.4717,0.0900708
-0.336967,14.7825,0.0790207
13.2664,8.235,0.0819199
-14.158,17.136,0.0950572
-4.74537,18.166,0.0895604
-4.96778,27.1165,0.0567299
-2.43311,16.169,0.0680678
-14.9036,26.633,0.0652341
2.58997,14.1035,0.0836712
6.49226,5.17201,0.0573036
9.77613,29.545,0.0517861
-9.42633,5.16628,0.0919362
3.25882,10.4197,0.0886193
-2.64292,29.7531,0.0684893
7.11561,28.5118,0.0844472
-10.2437,9.39922,0.0804304
7.85796,19.5411,0.05
-12.0855,29.5057,0.0816468
-1.70482,11.0321,0.0659597
13.4038,20.434,0.0793508
-3.52798,16.5204,0.0519228
8.31655,14.198,0.0718875
-8.93902,13.1871,0.0690798
-2.8327,18.9365,0.104942
5.3216,20.0128,0.0500305
-4.33935,27.1395,0.0919939
6.68371,21.6137,0.0550225
8.5836,8.30879,0.0801679
-6.79201,14.9957,0.0918448
-12.3087,28.4941,0.0734777
-12.5897,25.4253,0.111179
7.51133,9.23861,0.097308
14.6964,21.17,0.10146
1.62185,20.131,0.0998325
0.744549,15.067,0.140677
-5.28518,3.5015,0.0949743
-5.00203,24.0513,0.0885105
-12.7752,13.2202,0.0741263
4.23601,20.0817,0.127231
-1.89897,5.1794,0.0700878
-5.44906,22.6582,0.0688993
3.79003,12.6494,0.05
-7.53116,1.8563,0.0872049
5.19103,14.8748,0.05
14.8981,25.6687,0.101889
5.51012,0.826306,0.0798951
-1.79261,10.2023,0.0670504
-4.87205,0.412032,0.10513
10.067,27.922,0.05
-3.53577,23.0266,0.098634
1.99858,4.2413,0.0824016
-3.49793,11.4373,0.108755
13.816,18.5713,0.0633988
8.9618,15.248,0.05
14.0953,7.88191,0.05
-13.9204,25.2635,0.102436
13.8988,29.0257,0.0653166
7.58554,25.4624,0.0583331
13.2014,12.627,0.102656
-11.8756,4.05259,0.0658389
12.8409,12.128,0.071792
1.90079,1.08491,0.0786017
3.80178,23.0655,0.0651912
12.4591,4.51174,0.05
-7.50821,6.81436,0.106451
-11.6977,11.4292,0.0824675
-13.7755,10.1912,0.0703778
-9.08895,17.4542,0.054618
-14.9161,17.5582,0.0839216
3.62532,20.8308,0.0981246
-14.3277,18.3494,0.117592
-6.55621,20.6187,0.0889985
-13.6647,1.36909,0.11027
-2.88269,9.81412,0.0970128
2.70799,17.356,0.0502504
-4.63088,26.0851,0.0788311
-9.59065,4.72499,0.0547374
-2.26651,18.9121,0.0876423
-9.04666,12.8646,0.0791424
11.7791,6.05228,0.0925356
8.0078,26.2895,0.0590137
2.84682,11.3127,0.0770241
-4.29865,1.67488,0.0666006
14.2085,20.2174,0.0576268
-7.18871,28.9943,0.0720799
-0.63889,10.8723,0.118777
13.786,25.0901,0.05
1.11577,21.7215,0.0797468
-6.44033,9.08572,0.104754
-11.5487,3.94805,0.0624286
11.0798,22.7807,0.0934809
8.10715,8.46348,0.05
-8.1217,1.9408,0.0679917
13.8002,14.7343,0.133588
-2.35422,24.7765,0.0621512
9.82108,1.46009,0.058601
7.35398,24.5374,0.05
9.96475,13.211,0.0549142
3.17038,6.46622,0.05
-0.561468,9.26665,0.12013
-2.11491,19.8855,0.0684211
11.9027,21.5169,0.0920332
-3.55439,10.5243,0.0684533
-5.73088,18.758,0.0564768
13.3375,1.00996,0.095258
11.1031,2.51849,0.0561935
-7.71634,22.7701,0.120027
14.2485,21.709,0.0662816
-2.4934,17.9785,0.0717505
14.3287,1.57411,0.0854336
2.71685,10.5454,0.0814896
4.98154,9.65604,0.068962
2.44067,23.3613,0.0982987
-14.7296,29.2465,0.0958614
-0.643149,9.64535,0.05
14.0595,26.4832,0.100927
-10.0801,1.75003,0.092921
-11.2711,6.08041,0.0777108
-12.1874,25.898,0.07214
14.7859,12.1866,0.111064
-6.47409,29.0756,0.05
10.0059,20.9072,0.05
-4.15967,15.1168,0.108182
-9.47257,23.6132,0.0732746
-12.2638,2.28091,0.110179
-0.885565,23.9991,0.108486
-12.8678,16.6126,0.0717064
12.4854,20.7597,0.0520714
9.40504,29.7826,0.0887496
-6.41534,26.5168,0.064697
-9.83866,3.71416,0.0599126
-9.33667,21.9723,0.0904835
7.83911,23.4162,0.0771247
-1.79742,6.18906,0.068175
6.85429,12.283,0.101502
0.888736,9.79327,0.0631573
-3.66295,2.0177,0.10396
2.05533,6.96995,0.0581471
-6.59761,15.4084,0.05
10.6465,25.2723,0.0942908
-3.41907,8.80561,0.0966647
4.65011,27.2833,0.0705178
6.70862,13.8083,0.078124
6.28329,4.53398,0.124803
2.8921,21.3793,0.0646396
2.26553,17.9081,0.0527802
-4.51328,18.4932,0.05
-9.24676,23.5411,0.162942
-0.290568,27.2026,0.0793797
-14.5049,23.03,0.107465
-13.1053,4.57981,0.141329
-2.35893,21.0692,0.0832795
-12.4239,13.9289,0.0948323
8.03389,29.4279,0.0965879
-2.06016,14.1553,0.0908162
-0.898762,18.6842,0.0717118
-13.5071,0.6717,0.0663299
-14.95,16.52,0.05
-5.55066,26.2187,0.05
13.8273,1.72969,0.0899757
-0.885906,13.7466,0.10799
1.86916,11.8481,0.1021
13.0858,10.4088,0.0818735
8.68924,21.526,0.05
-8.60409,6.20811,0.0865622
4.70955,25.5897,0.0882558
-12.5802,11.4247,0.0539517
14.283,16.3347,0.0594243
-14.5656,13.7215,0.05
14.95,17.2207,0.05
8.79699,4.51504,0.0852041
-12.8968,17.4689,0.0595907
0.516319,24.693,0.067793
-7.2226,4.66437,0.0726904
13.0644,15.4102,0.05
-9.70359,15.9962,0.0924868
-10.8417,27.8768,0.0702586
13.8151,9.63825,0.104678
13.6679,18.9967,0.05
5.20141,27.1963,0.05
-2.83016,17.9403,0.0962385
-10.4168,6.72173,0.0801882
1.17113,20.9036,0.0559975
-13.5278,2.07076,0.05
1.26231,3.64463,0.090896
13.8754,5.78716,0.0526692
12.7713,16.6474,0.0871791
4.71469,11.8962,0.123448
5.95521,18.6382,0.05
-2.05083,6.25138,0.05
-0.200945,19.0244,0.0822181
5.37987,11.81,0.0914346
10.7908,5.62874,0.0734103
13.7129,22.3669,0.0945366
3.16375,15.297,0.0698058
11.1511,19.1541,0.05
13.6411,21.9727,0.127177
-3.89252,22.1852,0.113623
9.89738,7.67558,0.105477
-14.4847,5.69709,0.0547349
-11.4483,13.1544,0.108373
0.901657,12.8557,0.0522611
0.21366,5.45091,0.05
4.41974,29.4204,0.0929687
-6.72721,26.7909,0.0981824
10.6304,24.8841,0.0918153
-0.609652,29.3425,0.05
12.0919,18.5308,0.057714
9.31411,28.904,0.0611137
-8.59637,10.8795,0.0790732
12.0287,9.35893,0.0799237
6.17648,28.8763,0.0881232
-4.99778,28.3601,0.104897
-1.42404,29.6893,0.0956811
-0.68336,8.36135,0.111199
9.73347,7.02408,0.083126
-8.49091,5.79275,0.0519108
6.47296,0.392711,0.05
5.01926,17.4105,0.05
-0.256937,12.2513,0.0653527
10.8144,26.3058,0.075425
-14.9254,24.5369,0.0745781
2.46595,18.5107,0.0659921
-11.8675,18.0925,0.0691536
-0.894128,21.2752,0.0806643
11.5285,1.12511,0.110066
10.5778,11.3688,0.0742219
-6.61867,24.6615,0.117904
-10.6116,11.0816,0.0810395
-5.65643,10.4653,0.0555519
-8.91677,0.308852,0.05
14.6499,29.1582,0.0823179
6.99328,23.6712,0.0639577
-9.03434,11.1509,0.120755
11.9053,7.619,0.0595999
3.01727,16.3091,0.124401
14.0038,4.00745,0.0799943
-10.0768,13.0637,0.0568639
12.2537,8.65579,0.0571444
10.9758,2.79256,0.05
-10.6505,9.7506,0.0991595
7.37148,19.1664,0.0780688
5.88405,6.68995,0.0692768
-10.9475,8.90525,0.0750345
9.56472,14.2861,0.0832854
-0.193439,2.65458,0.0556574
-2.96927,17.8952,0.05
-11.3823,14.5945,0.100219
11.174,0.321302,0.0577062
6.47332,2.38981,0.0707831
-13.6347,18.6151,0.0987719
13.3063,9.89786,0.0580337
-4.22709,10.9014,0.0789152
-3.57927,22.6325,0.068041
-1.22102,15.9867,0.10991
9.07102,14.6211,0.0705674
-1.47045,24.3849,0.0990212
8.84756,15.181,0.08241
12.2187,12.199,0.0886215
-11.8199,29.0515,0.0920973
-4.21704,17.1471,0.0702294
4.95431,2.43972,0.0874905
-2.23822,13.4979,0.05
6.95455,20.7414,0.114344
-12.6468,24.0096,0.0942971
6.2942,8.63523,0.101257
2.25779,25.9813,0.1078
-11.8885,24.752,0.05
11.1586,28.8556,0.11746
6.53171,21.7204,0.129653
14.5817,18.9889,0.0803142
13.6551,7.4757,0.0898554
-1.41493,8.00792,0.0959868
-4.65307,23.3062,0.0637733
-2.76236,17.4779,0.05
-5.86352,27.2646,0.0659334
-11.2205,28.6226,0.0884984
11.2259,23.7107,0.0865306
-0.176323,23.5578,0.0973755
3.37993,21.4765,0.05
-6.87296,14.4407,0.05
-8.84059,16.1812,0.05
-13.304,24.9744,0.123319
11.5195,9.0794,0.0820765
11.2193,24.0489,0.0581332
-8.78026,0.251967,0.0979116
6.06287,18.8744,0.101853
-11.4042,17.3259,0.0985113
4.62086,19.7184,0.05
10.0999,23.4768,0.05
-10.3418,21.2627,0.0947886
6.72203,0.946567,0.102679
0.486072,21.1497,0.0847121
-7.9906,0.875524,0.0644324
-10.966,27.9494,0.0737297
-12.884,3.49083,0.104226
8.79531,9.24942,0.0934301
9.14926,29.3527,0.0702276
1.93912,13.8795,0.137258
-3.97182,25.884,0.113523
-2.64725,2.61619,0.0743163
9.44069,26.8212,0.0931647
-4.02076,13.1772,0.100977
7.05833,24.5131,0.0881797
-11.2279,8.07198,0.071614
5.14227,10.5868,0.0987555
12.1015,0.961453,0.0703406
3.8982,17.118,0.05
7.7208,7.21031,0.0792737
-0.495752,13.5212,0.0873605
-1.94016,29.2606,0.123925
8.55293,27.7328,0.140003
-5.87384,11.1514,0.0712059
-6.28696,25.8763,0.0523161
-4.07603,26.1847,0.0895804
-3.64453,29.9188,0.0582202
3.65877,0.637975,0.0968522
7.95112,9.33794,0.05
-10.7929,14.1131,0.05
6.79698,10.52,0.0909366
-9.43134,4.06192,0.0678318
14.6176,3.55705,0.0669023
8.09968,25.0458,0.076243
-6.85431,21.3242,0.05
1.15372,27.0698,0.0599279
4.3902,21.4209,0.110286
7.57005,5.6531,0.0540289
-5.07446,1.93426,0.05
1.34001,26.4017,0.0871867
-6.4211,24.7502,0.0784773
4.13834,26.9739,0.079409
14.5068,1.53751,0.0963342
8.45768,8.75922,0.0853852
9.5142,26.484,0.05
7.19057,9.04949,0.0866408
-3.28173,14.6398,0.0556558
2.77384,18.5573,0.086986
-14.4576,22.8798,0.05
5.59758,14.5394,0.096736
-13.3308,6.95163,0.110517
13.3894,25.0594,0.115345
-8.09198,29.4222,0.05
-10.0664,2.33967,0.117294
-12.7741,8.40978,0.0944894
-13.8964,15.4892,0.05
11.0225,5.2739,0.0742953
14.2422,12.0582,0.0617568
12.2557,27.5648,0.122496
-2.56835,3.59007,0.0842508
12.2951,4.95238,0.0676164
14.5215,27.8632,0.05
-11.0048,0.157026,0.0603523
-4.6335,9.64987,0.0893604
-3.02134,22.9138,0.0680775
-11.2714,18.8914,0.0831811
-14.244,10.4573,0.05
4.156,20.2759,0.0828019
14.1833,5.08752,0.0695832
-5.35403,3.01713,0.0552925
0.607474,16.4323,0.0888713
11.5937,23.5155,0.05
6.61619,1.54813,0.0905013
1.7448,14.3493,0.05
3.81166,24.7476,0.0626121
-2.24024,15.1328,0.0767657
10.9319,26.5523,0.0715602
-5.94527,28.0566,0.0783213
-2.82184,29.4159,0.0619126
-10.408,13.8321,0.0926805
9.44497,23.519,0.0844048
-6.89619,29.4658,0.0947258
11.9682,14.3819,0.0611303
12.1364,3.67126,0.0833594
-4.77419,23.6708,0.115401
-11.4144,11.9759,0.0745861
2.18168,26.3646,0.0672137
4.0842,20.4773,0.110833
13.8213,18.4144,0.0590676
-8.07354,11.7184,0.0638786
14.3258,11.7637,0.0532842
14.9288,19.8155,0.0712252
6.02785,7.96365,0.0747984
2.3825,19.2404,0.0837605
-6.31866,11.0436,0.05
7.0043,16.2229,0.057589
10.9217,4.55611,0.118282
-9.0582,1.23467,0.0964083
10.28,4.54423,0.0512603
-11.8834,28.0646,0.0593707
14.7233,9.16554,0.0682097
-7.56313,7.69531,0.0707991
0.246263,29.015,0.0699991
0.953065,26.4137,0.0599097
-2.13196,5.64726,0.0641488
-14.3836,7.38869,0.0774495
-1.25442,7.33582,0.0640111
-9.05787,19.6765,0.124384
-2.06914,18.6446,0.14777
0.66231,21.7362,0.0634013
-13.2046,10.3625,0.0540835
-10.356,13.9937,0.0771082
5.04737,24.6225,0.05
8.36905,2.85149,0.0876836
-9.80768,17.5543,0.11525
9.55293,19.6263,0.106214
-6.04977,23.8305,0.0574494
3.1833,13.8196,0.05
-6.47959,11.7425,0.0527517
-14.2856,28.9814,0.0816809
-3.46361,2.41283,0.0735781
-7.85076,8.85055,0.0936691
-14.6127,5.13797,0.0805295
7.84442,12.1108,0.0930246
-5.28195,11.1865,0.121119
-3.86539,24.4077,0.05
-5.04644,5.43436,0.0794933
8.27751,7.56081,0.0804672
14.1869,22.5321,0.0823893
12.857,11.6613,0.0904018
-5.44108,2.54376,0.05
-5.49256,8.30683,0.112731
-2.93622,29.074,0.05
-5.15677,27.585,0.05
14.4479,5.76435,0.0541906
3.07947,2.31573,0.0804224
0.318694,10.9648,0.0909366
8.22751,9.49663,0.0706399
-0.0334252,26.8802,0.0622524
-8.32821,18.7193,0.05
-5.67037,28.7727,0.0978028
7.38526,10.9737,0.133711
13.7117,13.4423,0.0818299
-0.301627,8.18108,0.110108
-1.70444,4.18681,0.0674079
1.90235,19.2217,0.0944563
0.541873,5.65739,0.0759261
-13.1435,24.8269,0.0756467
13.0474,18.7681,0.0785616
-2.48069,24.9124,0.123457
13.1048,16.0967,0.0968236
2.69731,6.04161,0.0513054
-10.4123,19.6096,0.05
-9.67208,5.72698,0.0503596
5.6156,6.94091,0.0844808
-12.2259,7.9967,0.122007
-14.9017,19.4301,0.0617753
5.82531,8.39618,0.0673067
12.5116,4.22561,0.108789
-4.77735,5.68058,0.0584296
-7.25375,23.7988,0.0763735
11.7724,2.35288,0.0877064
13.9973,10.0919,0.0644915
9.03996,0.64551,0.0907743
-6.54833,6.36819,0.0949378
-9.56174,27.1386,0.05
11.5804,20.7258,0.05
-3.9949,17.6374,0.0616414
-7.23461,23.5396,0.05
-12.8099,13.0965,0.0542817
8.87415,12.9567,0.0702555
-11.976,6.65609,0.078759
1.48599,27.0361,0.050742
-7.43002,7.78515,0.0897909
10.7151,4.00735,0.102583
-3.25955,17.0905,0.0738913
-7.60645,29.8304,0.05
-7.70275,5.37397,0.0604044
1.12462,26.9411,0.0656097
9.57715,16.9583,0.0718717
5.34375,10.977,0.0629175
2.27662,4.08406,0.0891817
-2.00717,11.6043,0.0734459
0.720967,16.7463,0.0625089
-9.12852,23.3246,0.0837515
5.7975,9.76257,0.0841932
-14.2158,20.7473,0.05
-14.2715,19.0181,0.075959
7.73149,8.30794,0.0848593
-5.94228,8.94442,0.123817
14.95,6.74605,0.05
14.6043,7.81761,0.0668736
9.7517,2.61386,0.05
4.20258,3.06709,0.0520096
-5.47037,23.9607,0.0993345
12.1699,29.8519,0.118526
2.35107,18.081,0.0861152
6.84571,13.5547,0.0927344
-6.08232,2.78415,0.0890902
0.470357,4.60255,0.106614
6.83772,7.27122,0.05
3.19469,7.08683,0.0943123
7.92215,13.3617,0.089467
9.12059,7.12775,0.0983194
10.8471,9.04637,0.0688006
-12.9268,11.1092,0.098799
-1.3251,27.2368,0.05
-7.69658,22.2246,0.0697291
3.14007,4.38312,0.0860544
7.90277,21.8137,0.0529572
10.0521,25.6237,0.0815089
9.91662,15.2759,0.056077
-3.96471,5.90708,0.0696572
14.7058,24.4231,0.0908224
7.82695,7.96344,0.107223
-7.00871,9.28821,0.0914091
12.8305,15.6132,0.0741989
-14.379,25.2618,0.0768591
-14.9443,11.112,0.05572
-14.6034,28.3133,0.0812257
-14.95,14.9335,0.05
3.47298,9.04005,0.0914352
-9.20304,11.6123,0.05
-2.63719,22.2317,0.05
13.9002,20.2852,0.109224
12.9385,0.542666,0.114556
-14.3702,26.7161,0.0584478
5.44866,8.99812,0.0968236
-0.986968,15.0856,0.05
12.093,27.4292,0.0893265
-11.1689,19.3211,0.109291
-9.56899,25.5744,0.05
-0.18345,27.3736,0.122394
-13.1039,13.946,0.0804951
10.7589,28.3826,0.05
13.897,28.4796,0.0622566
-11.8972,10.0211,0.0582286
-9.06264,14.7104,0.05
-13.6957,6.65285,0.05
-0.105255,1.79195,0.108088
8.42503,26.0745,0.054931
2.10998,27.4297,0.0622287
-2.39784,23.9946,0.109292
7.36076,4.97595,0.102617
-14.45,27.3992,0.05
4.06178,15.8037,0.0643363
-9.82769,9.60889,0.0501311
1.51885,22.0476,0.0835873
9.75048,4.43008,0.0709894
-7.34097,12.2888,0.106694
-11.0323,24.5206,0.1168
14.4426,12.7127,0.117073
11.9271,28.3194,0.0561492
13.5082,13.9081,0.0933997
7.5699,2.19504,0.095455
11.5809,8.46453,0.102179
-8.42202,5.4261,0.0928975
-10.5283,6.87991,0.113329
2.72612,18.2161,0.0793512
-7.17516,6.54678,0.0692334
0.333864,8.58299,0.05
0.127699,9.52883,0.0570631
10.7263,10.7794,0.0638558
-11.0662,23.9537,0.05
-4.46267,15.699,0.0772801
-9.25535,26.2256,0.0825325
9.41262,0.0499886,0.05
11.9839,11.2372,0.0878842
-4.74228,13.8268,0.0620666
5.04196,18.2246,0.0743418
-5.07823,4.24191,0.0527972
-9.08722,22.356,0.125117
2.94258,0.0499973,0.05
-7.54884,17.077,0.0959275
10.7804,0.55654,0.0793332
6.70979,18.029,0.0876963
-5.65541,1.79146,0.0590995
-14.6018,24.8331,0.106392
3.89841,16.7622,0.069635
7.44299,29.7156,0.05
9.63193,15.887,0.0569748
1.29445,25.8752,0.105436
-7.09149,7.38625,0.0694799
-0.662679,6.51406,0.0679084
14.9115,12.3417,0.0884665
14.1303,7.19482,0.0937789
-12.4936,11.5785,0.0646205
6.28639,17.2617,0.0989071
-8.78612,25.217,0.0899807
9.833,10.1428,0.0572288
4.88438,28.1571,0.05
-1.59024,4.71595,0.0675453
-10.6474,25.2676,0.0885157
-12.6436,12.7749,0.0865416
4.19428,19.8894,0.0695612
6.09223,14.3881,0.0781292
-14.9281,1.01408,0.071929
14.7487,10.3459,0.0844156
6.64069,29.0169,0.05
-2.74059,5.64291,0.0686049
12.2956,3.95539,0.0548485
0.765753,1.75266,0.05
9.00924,14.3576,0.100375
13.0516,5.26085,0.0960783
9.30776,23.9655,0.0905463
-0.511677,2.70766,0.0673792
11.6457,14.1969,0.05
4.35877,0.328017,0.0734287
-6.95105,11.4884,0.0726459
-3.92799,9.83054,0.0688902
12.594,10.4375,0.0751589
-6.09702,26.5416,0.077476
13.3964,21.3805,0.101352
-4.34572,26.0649,0.0600643
12.5945,26.5618,0.124729
-5.98791,0.512092,0.05
-11.4534,23.728,0.05
-3.42768,15.3353,0.05
14.5192,4.63082,0.05
6.80245,21.9426,0.0781935
14.4134,28.0413,0.0637693
-2.99062,26.0202,0.0667403
-10.7417,5.09777,0.0964274
-5.28847,22.7127,0.06457
4.5934,10.4099,0.0555821
-2.04462,17.8892,0.083765
9.82819,10.7217,0.067958
-0.857513,0.449314,0.0650946
-9.17986,0.493087,0.0753552
8.11179,12.4126,0.0726573
-5.67655,22.8898,0.11329
13.4514,15.5116,0.112829
13.9815,2.59382,0.0768704
2.39581,19.0336,0.0954211
6.87102,0.588408,0.05
11.8923,4.75835,0.0755761
8.97605,19.793,0.05
0.804365,14.671,0.0638686
-2.36163,27.3444,0.0767596
-2.26278,22.0085,0.105628
-14.6797,16.6225,0.0959747
10.1606,16.0485,0.0556212
9.71657,10.2256,0.0818299
9.59697,9.0149,0.0769418
-2.79047,0.789028,0.104525
9.4161,5.23638,0.0615697
-1.96004,9.40015,0.0746693
-11.3402,21.4131,0.0768706
2.75191,9.57732,0.0739831
-11.4808,29.0783,0.0631655
-8.80718,3.63726,0.0953521
-6.93634,7.5634,0.0637596
-6.03633,7.38352,0.0649297
4.44571,2.49331,0.0761296
-13.5911,23.6899,0.0984145
-8.97765,25.6108,0.05
14.1346,15.8094,0.113183
-3.13367,16.7866,0.0800809
8.81843,25.7251,0.0865171
-1.85051,5.5573,0.055202
-0.310535,20.3984,0.0707475
14.8472,28.7352,0.0630576
-12.7557,23.3901,0.0724175
14.171,7.74118,0.109822
-1.40135,14.0881,0.112754
-12.7393,13.6743,0.0923715
-2.36799,5.68395,0.0769528
-13.7471,14.4273,0.108549
-11.3296,22.3496,0.0662844
-11.386,27.731,0.107759
-9.45875,5.30492,0.0504387
0.91189,19.3548,0.05
8.85185,7.52841,0.0891352
0.898389,18.9193,0.0881002
-12.4347,12.4559,0.0563781
0.420476,4.75101,0.05
9.38456,1.08783,0.0954761
-12.2889,16.7115,0.0862306
4.33801,13.5829,0.141491
14.314,20.955,0.05
-7.49403,19.3614,0.0868187
10.6673,6.10666,0.0799964
8.81671,3.64633,0.0768855
6.54167,1.94061,0.0574759
-8.75569,22.79,0.114827
-7.14205,23.6978,0.0741891
14.7885,17.3471,0.0691415
-2.085,20.3419,0.0848264
13.21,8.062,0.100018
1.30152,15.0583,0.05
1.63771,25.2307,0.112745
12.1013,6.00669,0.05
-11.8706,26.7689,0.0898636
7.65213,24.1215,0.103069
11.3095,6.32936,0.081506
5.58392,10.7737,0.0695556
3.3769,7.61083,0.0781686
-9.47485,6.60379,0.117153
-13.7197,9.14118,0.0833821
-13.7679,7.44181,0.0658499
-12.0352,1.4126,0.0715775
-2.69562,3.42122,0.127206
6.00832,5.95788,0.0694194
-6.00146,10.0679,0.0853974
-2.30022,13.5764,0.05
4.13879,3.15218,0.0543337
-7.4206,11.8485,0.088804
13.3599,19.0576,0.0822331
-4.63371,20.6375,0.0677293
-12.9182,1.97684,0.110258
4.69575,18.3507,0.0892321
6.92423,15.552,0.0681561
12.5,0.893313,0.0660732
0.391769,17.3161,0.05
-5.30696,27.6199,0.103698
-8.79915,4.36759,0.0794094
-6.47699,1.59487,0.05
-4.71733,6.14105,0.0899261
-0.948768,27.783,0.05
-11.2751,1.19836,0.0660503
-13.9519,13.1889,0.0995772
9.47857,0.96512,0.0591602
12.0715,26.6351,0.0935398
11.7969,26.6463,0.0605718
-4.66511,2.338,0.0771048
-7.83358,20.1257,0.05
-9.28545,0.299199,0.05
-3.04128,13.2075,0.07489
9.4094,15.8534,0.0722512
0.730075,5.85296,0.0665737
2.37624,13.0304,0.0867608
-8.89477,25.6668,0.05
3.90218,23.201,0.103482
-6.46095,6.01399,0.0518931
-3.54706,25.3854,0.0882556
2.63698,28.7369,0.05
-14.668,5.25624,0.05
-12.9078,0.60188,0.0981892
13.4494,8.1999,0.104376
-9.10651,29.4932,0.0517687
-12.2629,9.02089,0.0617617
-12.3403,20.424,0.0926467
-12.4066,9.03219,0.0824519
-1.02185,28.2409,0.05
0.0891582,0.0626905,0.0627191
11.8487,14.9675,0.153496
10.3479,6.67794,0.108757
2.52799,27.3162,0.101128
-0.769235,27.1868,0.0998881
2.12932,2.39948,0.079761
7.15588,23.7393,0.101519
6.46686,25.7518,0.129579
-13.3381,15.8801,0.0738403
-12.3558,5.18675,0.0770831
-0.913802,21.0659,0.0885143
-3.64751,11.0267,0.078488
2.65197,21.6654,0.0621842
10.6888,22.0249,0.107772
5.93423,13.2556,0.0713621
7.63842,28.6722,0.0897862
7.28061,20.6677,0.0971077
14.9148,16.8266,0.0852481
-1.38544,6.90475,0.0653242
-8.89918,9.82283,0.0906228
13.9188,24.7195,0.0673874
-0.649303,23.8061,0.054222
-11.9623,9.30627,0.0836998
-9.02638,1.67143,0.132613
9.82027,18.6755,0.0816653
11.9723,11.0678,0.0571712
10.5044,24.5465,0.05
-2.5756,29.8812,0.0641889
0.800018,18.3862,0.05
8.04845,1.61154,0.0851893
1.36145,25.2094,0.0604219
-7.98843,14.3179,0.05
-10.1048,4.37255,0.05
-11.327,21.686,0.0982859
-10.4578,13.6845,0.05
0.328581,24.9799,0.102669
-4.97658,21.4543,0.0572693
6.94951,14.8764,0.05
3.10511,3.83679,0.0630967
-8.91874,19.1587,0.108722
-4.42971,0.109974,0.084166
0.755555,22.826,0.090798
14.0611,8.56913,0.0709592
13.2403,6.69328,0.121157
-12.6124,26.1896,0.0848053
10.118,25.8694,0.05
-10.1054,0.890609,0.05
4.53677,0.57534,0.114172
11.6678,13.0115,0.105544
2.64142,10.7292,0.0748723
8.69033,12.348,0.125953
-6.36134,14.9917,0.0730805
5.5611,2.69519,0.05
7.84256,28.5841,0.0981494
-6.92718,20.6136,0.121609
14.6851,24.2836,0.05
11.8833,10.707,0.05
2.61743,9.68342,0.0876058
8.11412,27.5943,0.0568753
-1.5565,18.7942,0.0567168
13.6816,16.9478,0.0791295
4.58455,27.6528,0.104801
3.17043,28.446,0.070046
-7.14453,3.96398,0.05
8.07205,25.7367,0.0837813
-12.5206,23.4377,0.0714958
-13.7709,20.4178,0.079027
2.78157,14.1984,0.126572
-14.7855,3.93375,0.122637
-7.2317,2.01603,0.0626402
14.9475,2.56618,0.0525288
-5.71616,23.1079,0.108363
-3.81121,22.4905,0.081845
-4.25443,26.759,0.0701965
-13.0537,25.2978,0.0939334
13.8412,29.4675,0.0739702
7.54348,5.34333,0.105623
-1.49877,6.78867,0.0969014
-11.0135,5.38553,0.0565219
11.0652,1.29546,0.0773631
-4.15871,17.268,0.0639946
11.7516,7.58137,0.0886666
-5.0288,3.85152,0.0732537
8.47305,8.00553,0.0608219
-0.97713,11.009,0.0603269
7.45584,26.928,0.0798599
7.64273,29.8018,0.0695662
6.69254,9.31806,0.0769021
-9.24169,18.7447,0.0657451
-12.7971,10.9372,0.116606
-10.9706,27.0934,0.0780196
6.28155,28.0655,0.0986859
10.1444,29.172,0.0924761
-2.95704,13.1153,0.05
-10.4973,18.9736,0.101557
-10.9628,17.0633,0.05
-1.16917,11.6339,0.108084
5.04497,8.72425,0.0662116
-3.7743,8.26135,0.0990611
-12.0842,26.9482,0.0774216
14.3415,6.40731,0.0761263
-0.0903176,14.6675,0.0814778
-7.68612,3.74032,0.0811352
5.12228,14.3673,0.05
9.11794,1.59294,0.0766018
-0.168825,3.69297,0.0610843
-2.63336,12.8918,0.126584
12.7824,19.3173,0.0526656
-9.62041,12.013,0.0803732
-1.49678,18.9867,0.0953424
11.6069,20.265,0.0803286
-12.3123,12.3928,0.0812864
-7.11258,5.75165,0.0617766
-3.68658,4.34186,0.102452
1.37043,12.6743,0.0927995
2.93977,1.91815,0.089896
8.70968,15.1003,0.077364
-4.22069,10.2212,0.0983999
10.7321,16.1167,0.0839858
2.172,4.21471,0.0743017
-6.61486,20.2664,0.0617439
-5.12292,18.6446,0.0846922
10.082,8.15388,0.0882207
-4.85123,22.121,0.0883402
10.5773,16.3727,0.0780803
9.94986,16.9927,0.101296
-2.95754,3.0592,0.121323
4.09386,12.7258,0.0895803
1.07302,10.6457,0.133653
-10.8828,13.492,0.0820675
-5.29094,17.6704,0.0803034
-9.37191,13.704,0.0762726
4.76827,27.0347,0.10425
-9.99695,5.32106,0.0679782
-3.92357,29.6571,0.0715676
14.4266,17.9751,0.0652853
-12.886,8.64275,0.0804157
-5.91961,13.9833,0.116866
-10.4435,29.1702,0.0753896
13.4588,28.853,0.0729746
12.4229,16.7638,0.05
-11.4585,26.8878,0.0897506
-9.91165,16.2882,0.0969052
-7.7681,19.7395,0.0538472
5.39595,7.65412,0.0529169
-3.87514,17.205,0.059005
-12.5525,9.97824,0.0733585
2.41983,22.2739,0.053163
-12.0151,9.50212,0.11825
-4.36943,15.1801,0.110905
-12.0666,3.87445,0.0625022
-1.89074,27.2189,0.0880627
-9.47878,15.7175,0.0799886
4.57519,29.7077,0.0822536
-5.41909,14.9934,0.100041
13.9956,15.661,0.05
5.14848,18.3606,0.0697135
12.1002,9.80193,0.0694639
-10.5636,5.18505,0.10195
-14.5385,4.3532,0.106243
-8.1726,24.453,0.0816177
-14.9056,20.2248,0.0944379
13.634,17.4054,0.0836769
10.471,18.8296,0.0780202
-3.20028,28.8192,0.05
0.757205,0.0635512,0.0635514
-13.4249,24.2863,0.05
-11.2915,12.9835,0.123593
5.16747,12.05,0.05
-11.5988,10.283,0.10482
-5.92679,13.4575,0.123952
-8.39546,14.8359,0.0715827
-5.59402,2.53319,0.103309
-1.51405,17.1476,0.0777886
3.96498,27.0007,0.0959847
1.02805,8.29644,0.05
-1.90541,11.2866,0.0887622
5.40679,5.73081,0.0946674
-0.859082,4.87713,0.0789721
6.51595,7.59139,0.0618566
5.71167,15.985,0.0626738
-7.00582,2.18099,0.0702326
12.2241,19.0501,0.0565221
0.765708,23.7672,0.0760806
0.520843,24.8828,0.110964
-10.4139,15.2746,0.104762
6.18173,19.063,0.109536
0.658989,0.707606,0.0856654
-2.53916,26.7625,0.0807318
-12.9693,26.9366,0.110811
-2.76418,29.1473,0.0585297
-7.93466,1.80487,0.0632099
-5.96424,11.4612,0.0815592
10.427,0.688554,0.08707
-12.6045,22.4714,0.061169
-0.666981,24.5929,0.119962
9.37033,2.80687,0.074436
-2.59644,2.3474,0.0559631
-4.87341,24.8786,0.110986
5.04996,21.9769,0.0971625
7.70585,27.6852,0.0625136
8.13752,20.6762,0.05
8.27121,19.6991,0.05
-0.0411643,29.4513,0.0730516
-2.89759,23.6323,0.0572092
14.7972,23.2683,0.05
-9.01494,15.3114,0.108508
-2.31672,0.575394,0.0775256
-13.6488,8.70232,0.0571114
7.03287,12.466,0.0951939
7.30962,11.6408,0.0595377
9.76678,12.3873,0.0511938
4.63169,25.0158,0.0788418
-0.396257,26.2985,0.0749694
-4.6468,14.3092,0.0503393
-6.98317,29.6698,0.126259
-9.38802,29.732,0.0757331
-4.09472,16.6918,0.05
10.6742,29.9681,0.081374
-6.87388,5.27878,0.0696869
0.428316,26.4617,0.112145
8.21605,3.83378,0.0697796
-1.2668,0.469901,0.0541594
-6.52821,26.7922,0.10082
6.93572,11.0878,0.121595
0.89143,27.368,0.0859234
-1.7375,27.7994,0.0634308
8.38667,1.05692,0.107332
-2.4103,19.5865,0.0841645
-5.02524,27.5767,0.0818012
-2.2745,6.01046,0.066394
13.1182,13.777,0.0601721
-0.68372,29.5818,0.108379
11.8941,10.2053,0.0768194
0.77436,21.0539,0.105463
-0.0297535,16.6647,0.0897252
0.949334,9.91689,0.0745031
3.68918,9.84555,0.0763613
-2.46153,26.6209,0.0806922
-13.2611,11.6551,0.11288
-13.388,4.92408,0.0606975
-5.30994,4.71991,0.05
-2.66358,7.81917,0.0768174
-1.98095,3.78184,0.05
3.72615,19.0131,0.05
-11.0196,29.5499,0.0502937
9.82386,26.1835,0.0593495
4.27179,28.3284,0.0584586
-8.72744,0.551313,0.0557516
2.81554,4.25904,0.0784901
2.36535,5.77162,0.05
12.3826,6.55623,0.0614747
7.71879,29.9253,0.0755226
12.5639,1.63462,0.0911265
9.48277,5.39273,0.0717649
-0.694137,18.4733,0.0798136
-2.11177,0.978919,0.0960744
-4.97229,21.6289,0.05
-7.60743,9.46695,0.0775892
13.6547,29.4998,0.0581952
2.95027,4.09639,0.05
4.85084,16.3494,0.0780719
7.54787,25.2134,0.0516336
-5.61214,11.0845,0.0803151
2.00865,23.7258,0.0973188
-3.1211,4.40021,0.0592361
-1.31978,10.9469,0.05
-0.576539,19.0718,0.0750547
0.0623578,21.5942,0.0808098
3.35764,24.1909,0.085806
-5.11773,8.30779,0.102834
-11.696,24.4983,0.0648621
9.63343,6.23708,0.0596854
-12.6326,18.3555,0.064181
11.0894,23.7218,0.0504327
-13.7506,8.95624,0.104112
-10.2592,20.3972,0.0579812
9.55166,28.7977,0.0815284
5.32213,11.5879,0.0666867
-2.59272,9.152,0.0926004
1.7744,22.1785,0.0698739
-2.32554,22.6613,0.0561221
3.82963,9.20338,0.0814322
-12.7128,26.7383,0.05
13.4211,17.1683,0.115864
-5.22183,8.49589,0.05
-2.48281,19.2193,0.05
1.96662,11.0925,0.077071
1.46662,27.1576,0.0722838
13.6622,25.4132,0.05
-4.97441,28.0606,0.0764504
14.8752,10.4764,0.0973245
-1.94445,25.8641,0.05
3.75565,12.0306,0.0933369
-14.7799,5.77458,0.0617247
-2.75302,21.2389,0.0594287
10.1554,11.8472,0.112501
1.7207,21.1554,0.090721
-7.41502,0.0915539,0.0882718
3.23082,11.645,0.073369
-11.9147,4.69562,0.0749251
3.66796,24.1188,0.0932772
14.0341,3.6118,0.109388
-3.1111,16.1781,0.0650071
-14.2678,23.7511,0.055589
-7.69102,26.1406,0.0944101
-13.6882,4.64445,0.0869492
2.33526,12.4977,0.119719
-1.18634,1.66446,0.0823034
-1.62567,19.7534,0.0870676
-1.43594,7.80995,0.1031
-6.09419,29.1949,0.0703387
-13.3118,1.70608,0.05
12.2882,22.8599,0.05
-6.34481,5.61675,0.061117
-11.0116,19.1181,0.0734447
0.712134,23.6199,0.0806124
-4.24101,22.7891,0.0524651
-12.1216,11.7559,0.0808095
-10.7104,22.037,0.05
-6.26332,27.1657,0.05
6.51074,7.03841,0.0858058
-6.31887,8.61916,0.0814066
2.34127,20.8305,0.130857
13.6846,28.3356,0.0701652
-4.32617,29.0412,0.0989904
-5.72676,11.8685,0.05
4.35221,22.5949,0.0598496
12.8439,9.65967,0.0735047
-12.2177,28.2915,0.0702894
4.15228,18.1022,0.05
-11.1927,17.8029,0.05
-7.14821,6.2616,0.05
10.9578,27.6366,0.0867018
8.43493,15.9949,0.0971975
12.6881,26.7107,0.0511585
2.96613,14.0892,0.087879
1.76794,3.24557,0.0974916
-5.8276,29.3224,0.0745082
-2.21612,25.7,0.05
2.21812,25.0784,0.0857092
13.9964,13.468,0.0708512
-0.498484,13.7876,0.0742689
2.7478,19.2386,0.0592481
2.76784,10.3279,0.05
13.7878,21.0244,0.0601643
2.0058,11.2577,0.0901906
-13.4617,8.101,0.0658229
2.97089,11.7158,0.0856121
14.5979,24.3326,0.05
12.554,18.709,0.104826
-1.39652,7.62018,0.0907271
5.38305,26.023,0.05
-14.8162,19.1358,0.0728863
-9.37107,25.1931,0.0519176
-14.8018,17.9526,0.082695
6.01043,19.0323,0.0644674
-11.232,8.96198,0.0930671
7.50458,16.824,0.06599
-4.95805,21.8152,0.0762932
10.8268,7.60879,0.0581631
-10.8347,8.0092,0.0692292
3.20664,6.8402,0.135961
-6.25186,27.522,0.0862342
-11.1079,14.9566,0.0910578
2.37687,27.3183,0.05
-12.6092,17.2117,0.05
-5.18254,22.7971,0.0708848
-2.73461,1.1855,0.0986323
12.8735,2.75224,0.138892
-11.9772,8.70955,0.0540458
-3.56808,14.4864,0.05
-2.13983,25.0006,0.0620355
0.788815,29.4891,0.0800722
-13.8288,25.7354,0.0561765
-5.9821,28.4179,0.05
-1.11174,3.97896,0.0594724
-1.01158,25.1514,0.0606712
11.629,20.5954,0.0891482
11.8714,25.9657,0.0757894
-10.409,11.9671,0.0848069
12.7428,8.6332,0.05
-4.67677,27.6325,0.0545859
14.8545,4.99334,0.0918525
-14.7535,25.7251,0.102539
-6.82065,12.6402,0.0737718
12.5035,0.265294,0.0690352
-6.74264,25.929,0.091024
9.94933,5.91109,0.129235
-9.21364,15.4742,0.0582393
4.12263,4.33651,0.05
6.34643,5.16151,0.076403
13.5601,11.2226,0.106517
6.25169,21.0231,0.0614836
14.6053,21.3638,0.112685
-0.760011,5.22632,0.07211
-13.9755,11.1198,0.0553023
8.03862,5.20707,0.0782735
4.83264,8.41851,0.0550731
-0.350746,28.6876,0.05
3.8706,28.972,0.0734201
3.54578,8.00382,0.0913555
-0.478386,9.06916,0.0941232
7.84272,5.37383,0.0714599
-2.46603,0.0831807,0.0832077
8.64024,2.21893,0.115635
-9.54741,14.5821,0.0690124
6.37951,8.38216,0.0761431
0.84218,1.36245,0.05
-0.0140314,6.09673,0.104214
12.4275,14.1191,0.0921658
9.1583,16.1982,0.130701
-14.2563,27.3431,0.0934244
3.75628,9.98921,0.0821908
-9.79506,21.0521,0.117014
-9.57122,14.8024,0.107202
10.2284,10.2392,0.0911429
-5.37423,1.59467,0.0632931
4.60169,13.774,0.0962925
10.821,4.16177,0.0822596
5.27739,12.077,0.0631889
13.763,16.5038,0.0965422
-13.0259,7.10026,0.0950159
-14.6064,12.0856,0.0933193
2.66437,29.7184,0.05
7.00186,8.3255,0.087106
13.7943,17.3052,0.10535
5.73214,13.5762,0.0762849
7.97196,9.61542,0.056453
11.2655,29.6964,0.0641426
2.71575,1.20978,0.063559
7.46736,19.9867,0.0614599
13.0408,25.0355,0.0654862
-9.32435,24.5771,0.05
-5.73935,7.94249,0.0650268
0.876537,0.354519,0.0630312
11.5927,7.68082,0.0550487
-2.37984,18.4709,0.102596
-7.4155,14.033,0.0581916
-8.92278,6.34434,0.05
0.487533,5.33887,0.125427
-10.7271,3.25203,0.102589
-13.6287,1.18557,0.0767521
-2.56231,16.1653,0.0611863
9.0291,29.1333,0.0817529
8.02302,6.64568,0.0999831
6.49526,4.78299,0.0713263
10.878,15.4308,0.075559
-0.768669,10.4088,0.0585555
0.172631,25.6538,0.0585011
-1.21724,16.5081,0.0970032
7.67634,14.1328,0.139122
14.2367,20.6319,0.0682964
3.08258,3.69112,0.084314
-1.21581,9.55368,0.05
0.466559,21.9862,0.05
11.7552,4.30199,0.0788437
-14.0068,21.0361,0.0867981
-3.47363,4.72925,0.0814279
-6.32821,5.91803,0.1119
7.4582,7.27041,0.0750515
-1.57537,19.4348,0.05
4.50218,13.9904,0.0948221
-1.52093,0.0499907,0.05
-14.6746,12.5186,0.092672
-13.8914,1.20448,0.088477
-13.4359,24.7432,0.0783932
-8.39124,10.1505,0.0868127
11.1967,2.43702,0.0515179
1.44032,14.0776,0.078887
-5.11794,18.51,0.05
-5.06122,27.9423,0.0702318
-11.3448,4.89293,0.0881606
-13.0765,4.92986,0.0533503
-14.9179,3.51357,0.0821176
-11.6821,0.544416,0.076078
7.20974,8.10036,0.0653207
2.36852,28.8599,0.0593097
4.16363,7.43305,0.05
-14.1302,28.9458,0.0777415
-0.658367,18.3151,0.0823341
0.824773,20.9068,0.05
5.25288,6.93476,0.0897133
-5.8162,3.22854,0.0703056
-10.1619,19.9785,0.0682804
-3.75079,3.10353,0.0549452
-12.1194,8.75701,0.0958596
10.4862,2.38391,0.0798334
-4.70056,27.0208,0.0785837
-5.5565,9.33113,0.0747652
-10.0309,20.6521,0.0737753
12.1183,15.0171,0.056939
8.3139,29.4632,0.0566764
-12.5213,16.0034,0.0861521
-6.21761,18.552,0.0683073
-13.8033,25.136,0.0707023
10.7543,12.9469,0.070179
-5.49276,13.4099,0.05
-8.34328,6.30297,0.05
-1.98532,10.5168,0.122392
-6.97719,23.1985,0.0901331
3.78471,25.2086,0.0736784
-6.97365,23.0362,0.0722655
10.1252,22.981,0.0841967
5.05933,5.58205,0.05
-7.79914,26.9535,0.093919
-14.4972,14.0231,0.0953984
-5.44755,1.12114,0.140545
13.3859,10.735,0.05
-14.8188,17.245,0.0880895
11.8355,5.88716,0.0819313
-6.52102,11.2499,0.05
1.81121,2.87476,0.0897837
-12.7834,5.20791,0.0690485
-11.4546,2.34553,0.0747387
8.41312,20.6597,0.0739097
9.34635,27.1928,0.0598736
-9.32466,9.79546,0.0852543
-3.041,21.9931,0.0611599
-3.22247,7.62329,0.0959087
-9.05632,28.5809,0.102945
-5.85647,0.542842,0.0850241
-0.631771,27.75,0.0796981
-3.03817,27.4577,0.0832066
-12.518,25.8805,0.0734803
-1.12773,16.6772,0.0923305
-12.1425,18.7232,0.0805733
10.5989,3.29534,0.104434
11.2901,18.6959,0.0992097
-3.83627,0.549489,0.05
-9.87876,14.9079,0.082869
-5.24707,12.0674,0.0808714
-6.38208,22.6902,0.067325
-3.71345,28.4027,0.0672559
5.57194,21.0459,0.05
14.6064,24.2183,0.0503157
-13.9345,0.429488,0.0938546
5.5285,24.0202,0.05
7.6422,3.14038,0.0521955
6.00153,4.29971,0.102768
7.614,23.8843,0.05
-2.53849,18.3326,0.107819
-4.14748,7.28536,0.0791588
-3.14789,21.3861,0.0761966
-11.3716,1.82371,0.118744
-9.56517,15.8697,0.0950271
-8.11701,3.99864,0.052784
-8.24336,12.7926,0.0918685
0.619906,29.5132,0.0905405
-13.9449,24.001,0.104315
-12.9264,10.8321,0.05
-14.3273,24.1198,0.05
-14.9214,24.6901,0.0786457
2.1902,18.0978,0.0756247
8.62309,8.9093,0.05
8.9584,9.28773,0.0672387
14.4348,27.5472,0.0974093
11.7636,14.195,0.0679655
-6.58626,28.6534,0.0864678
1.0405,19.6272,0.05
14.1146,14.2261,0.0786723
-2.89716,6.82071,0.0887568
9.51174,19.3096,0.0532919
10.4203,19.2523,0.0839384
7.52028,2.56049,0.095155
10.5821,29.0428,0.0592029
5.86278,19.4278,0.130935
-2.25024,10.8437,0.0647228
-9.78433,26.2233,0.0892644
-13.655,3.78155,0.128065
1.55104,14.711,0.069263
6.46147,19.0598,0.0684076
14.3647,12.0322,0.0599217
5.02904,1.81835,0.0527033
0.128794,20.4705,0.0724296
9.52205,18.1132,0.109053
-12.8677,6.22712,0.113756
0.491481,17.3238,0.05
3.84055,11.3258,0.0991198
13.2056,1.60952,0.091256
-8.42719,23.7747,0.0925881
9.67111,8.84899,0.0581448
-9.28102,3.59975,0.0501215
-1.56041,11.0488,0.0754166
10.4448,5.5661,0.0789251
-0.156979,15.8904,0.0929773
-11.2102,9.27263,0.0792538
0.130757,21.3061,0.0991043
-4.72188,15.5846,0.0513262
7.41964,29.851,0.0874156
3.38984,0.318782,0.0968701
-12.4478,29.0188,0.0743963
4.8778,1.36219,0.0589546
-7.31612,15.5669,0.05
5.11057,7.68108,0.0876278
6.21973,15.1949,0.0730244
12.9955,22.0451,0.103027
-10.549,4.51132,0.0570014
7.4556,17.652,0.08452
3.04983,20.4373,0.0679855
7.03777,26.9473,0.0563875
2.55581,19.306,0.0893127
-8.60247,16.2581,0.05
6.34025,10.3426,0.0576195
-11.1366,26.4312,0.0934151
14.95,23.0228,0.05
7.67944,28.5036,0.0837833
9.10066,8.86037,0.0792
-5.78044,15.1427,0.0502056
13.6476,18.2396,0.06751
6.42446,13.0715,0.0657135
-9.24915,13.0628,0.117413
0.631734,23.8829,0.100894
12.264,12.6302,0.070752
-12.358,23.3658,0.106268
7.6192,29.5206,0.0586238
3.42576,26.4304,0.0563648
-2.11683,7.24618,0.05
9.55575,15.0002,0.05
4.47361,17.927,0.0604286
-4.75514,9.98694,0.0984526
-6.6357,25.3517,0.109632
-8.48065,11.4915,0.05
10.465,6.33268,0.112459
3.51253,24.1844,0.0692251
-14.4555,22.0006,0.05
4.76968,29.4128,0.0667583
-13.0929,22.3471,0.05
14.6046,5.46097,0.05
14.7395,28.4498,0.0623504
-0.887414,6.0837,0.0647621
12.7331,3.52511,0.0972196
13.2552,19.4187,0.0671164
-12.5953,24.2608,0.0912504
-1.63755,15.4002,0.0578494
-7.73109,4.63662,0.0561727
13.3109,20.1345,0.0529574
3.30439,28.8366,0.085898
-3.44662,4.05368,0.0615311
-7.42649,27.7282,0.0765655
-8.70656,12.9311,0.111514
-2.0052,4.31313,0.112386
2.81401,18.8662,0.05
-14.0231,10.1837,0.0811507
13.1598,7.65016,0.0682085
13.295,4.93528,0.101758
9.88792,25.4968,0.097594
-3.22256,27.5388,0.118208
5.75232,16.7532,0.072068
-1.92689,8.04198,0.071877
6.1109,2.5929,0.0649768
-4.6399,20.1439,0.0763588
12.5793,4.97771,0.05
11.3993,5.83997,0.100321
10.2603,8.40165,0.05
12.1726,0.318735,0.0794876
-6.04789,0.401015,0.0762558
-2.05433,7.96603,0.0604636
-9.96858,20.8958,0.0991278
-13.6809,7.94939,0.0667989
-12.8496,20.9575,0.05336
8.21481,26.5729,0.0863213
5.89515,19.6309,0.074757
-3.08898,18.4598,0.0612529
14.8257,6.72952,0.0753825
-12.8536,20.1407,0.0922436
4.66051,19.8134,0.0528857
4.75658,1.92016,0.106976
3.50107,5.41296,0.0636401
13.0916,8.15405,0.05
11.2715,24.1829,0.0856515
-7.86736,6.83789,0.0562946
13.3163,7.40682,0.0604348
-6.34347,18.5787,0.0603395
-3.47419,20.9526,0.0599329
-2.79337,24,0.0760816
1.81135,22.6281,0.079799
-7.67786,6.93097,0.0994075
-2.91318,17.7806,0.077642
-0.82739,10.5501,0.059423
12.5347,26.7852,0.106468
-7.40343,23.4721,0.0564397
-5.65718,12.6337,0.05
2.40526,23.7735,0.05
-1.67206,10.1701,0.0577257
2.14381,15.5726,0.115768
5.08116,10.4187,0.080124
-5.89091,15.4205,0.0863816
-0.278751,21.0373,0.072992
12.9402,21.8752,0.0756921
-11.3406,6.28971,0.05
4.77631,17.05,0.0902893
-1.62144,14.0202,0.117569
0.730883,1.98478,0.0864196
-10.075,8.12261,0.0695091
-7.7964,10.0701,0.0768537
-1.69525,24.2015,0.05
-4.00538,17.7486,0.05
-14.9432,12.6504,0.0567554
-14.3473,20.7489,0.0814529
-11.678,16.8764,0.05
-12.3708,21.4045,0.05
-3.97911,8.739,0.0905403
-12.9724,20.8361,0.068069
12.7851,14.4416,0.0854358
-9.85787,0.481186,0.0797431
3.77446,5.08387,0.0789013
-3.93146,14.4513,0.106454
-0.394456,7.46471,0.0742643
11.9913,24.9545,0.0682972
-5.70641,17.1689,0.0935168
10.2024,27.4593,0.05
-1.18878,19.4057,0.0534483
14.0277,20.4463,0.0962529
7.74218,26.2008,0.101089
-1.90425,7.47232,0.115815
-11.4688,10.4006,0.0704428
7.38749,14.1417,0.05
-10.8036,0.075332,0.0585215
-5.19634,8.62658,0.0831561
6.25361,21.3829,0.05
2.89411,4.82649,0.0683846
2.29435,0.0920989,0.0921162
-1.46575,13.8882,0.0865924
13.219,1.30294,0.0847445
0.248646,22.8733,0.0883534
4.04542,29.4366,0.0676786
14.9446,24.4238,0.0554361
-4.93465,21.9569,0.0673242
3.63277,8.62478,0.0872403
3.22906,2.18146,0.120637
9.27826,2.16307,0.108666
-5.40456,22.3672,0.090724
3.26948,0.211866,0.0641264
12.4086,11.7655,0.0754099
-7.8615,6.68428,0.0771196
-3.54299,29.9562,0.05
14.1913,1.47574,0.0836069
-2.32779,29.0002,0.0806152
9.24358,24.3274,0.0715555
14.95,12.6818,0.05
-9.66667,3.90663,0.05
13.6018,25.0558,0.0970094
7.53679,27.8994,0.0854985
-6.64831,27.8324,0.1442
4.75455,21.4137,0.0835638
-14.7883,15.84,0.0730874
-8.26657,26.9642,0.0702503
-12.7718,27.8114,0.128064
-7.74562,21.6841,0.0791657
13.0224,5.07533,0.0917234
-3.63155,14.5637,0.05
8.64058,13.3899,0.0717439
-14.666,19.1822,0.0843738
-6.07737,15.4187,0.10001
-5.53162,2.72632,0.0996712
2.25915,23.3469,0.0838007
11.4968,1.60705,0.123448
7.70153,23.0165,0.0798923
-13.0234,19.1779,0.0780975
14.1401,0.730423,0.0734517
-12.9019,23.1048,0.0658445
-4.12448,12.1846,0.0640007
-3.73638,5.01958,0.0734
-13.9375,9.32139,0.0528204
-0.77991,19.6858,0.0694357
-3.43678,20.0152,0.0827496
-3.31915,9.99676,0.104899
13.7954,28.0686,0.112046
-7.99706,6.77447,0.0856975
7.21197,28.3985,0.05
0.394512,13.9416,0.0505044
-3.78726,1.37164,0.0657209
3.67222,0.219776,0.0533581
-3.05844,22.5039,0.0614564
-8.35101,4.76414,0.0657521
-8.89526,0.158947,0.05
-6.97191,2.55447,0.103443
-13.1604,8.29324,0.05
12.3986,5.2021,0.135953
-10.1671,4.22195,0.112971
-14.6079,4.97303,0.0844832
-12.0281,13.1327,0.0647591
-8.16708,18.4258,0.101804
8.33983,21.9746,0.0801842
11.9556,19.3916,0.125096
-6.4704,7.76671,0.107485
-12.8618,1.20181,0.0783444
12.3783,10.661,0.132956
-1.19075,25.1947,0.084897
-3.91557,8.4214,0.069477
2.47014,26.0206,0.05
2.70209,10.2022,0.073255
-5.48046,22.014,0.0786043
7.22054,0.673131,0.0979872
-14.6727,13.9472,0.0851857
6.16489,4.0208,0.116585
-9.65829,18.2934,0.0840512
7.25594,18.2328,0.0853187
-12.3616,28.752,0.0566808
-6.97048,7.44097,0.063332
5.03475,12.9684,0.0677748
6.23047,17.6376,0.0872249
-2.52338,17.8246,0.0850771
7.15447,14.6184,0.0849869
-13.3977,1.78823,0.0688551
11.1268,24.4814,0.05
12.8965,23.851,0.05
2.34943,19.5823,0.0792117
-11.8318,9.47453,0.0671159
-11.8146,25.1911,0.0518656
2.95788,19.7612,0.0743016
2.68041,13.424,0.10433
-11.3667,21.2579,0.0805032
0.124915,16.5029,0.0511373
0.54892,0.814939,0.0680871
1.72514,3.7312,0.105193
-13.0534,23.4294,0.0655645
-10.8982,13.9544,0.124269
11.025,17.5002,0.0921643
-0.311068,25.9572,0.0515491
2.25725,6.33158,0.0635649
-13.4821,20.4194,0.0790741
-7.2887,16.7577,0.0906408
9.04127,1.3859,0.05
7.79461,26.9733,0.0642163
-10.4854,18.2294,0.05
-1.05889,9.336,0.0892569
-10.4841,6.09886,0.0982733
10.3237,11.9848,0.0911358
-1.14679,16.3791,0.05
-13.7162,14.0633,0.05
-7.63037,8.86984,0.0822399
-2.83655,15.5382,0.0812302
3.28607,21.2656,0.0832905
3.1696,23.3577,0.0993133
2.17345,27.0882,0.114743
2.43237,11.6619,0.0728943
-0.382856,28.013,0.054399
-6.53689,17.0576,0.0903143
-7.78756,9.38623,0.113782
1.21858,5.06281,0.0683868
2.41931,15.7938,0.0972492
-6.33731,22.5442,0.0846372
8.58171,15.5325,0.0555747
2.42496,22.5441,0.0544765
0.509979,16.9049,0.0650876
12.8962,11.3441,0.07124
-2.99095,16.5261,0.123918
-13.1441,18.3276,0.06633
13.7537,13.3174,0.05
6.22741,10.1428,0.05
7.02975,22.9337,0.0923155
-0.574443,15.2254,0.146626
3.8786,27.5836,0.05
0.159651,28.5329,0.0952343
-9.8869,26.0598,0.103808
9.16605,24.959,0.108746
-2.17919,25.6071,0.05
-6.34748,25.5029,0.090887
5.24193,25.8248,0.05
-9.48797,9.77523,0.0793063
-12.8763,0.963734,0.0618703
-13.0266,9.45737,0.0840346
14.1736,7.00476,0.101156
-1.39143,25.8951,0.0601189
-3.83506,27.6684,0.0937757
-2.24723,29.1207,0.0595254
-8.47346,25.8131,0.05
12.0881,19.8217,0.0999032
-2.92634,25.8848,0.056416
-0.95875,16.9637,0.116887
0.180712,21.4681,0.0704062
9.19093,3.99809,0.112261
9.90892,26.7491,0.0689964
-8.91756,22.3078,0.0512369
-13.124,19.7427,0.102075
3.04278,13.7999,0.0918838
-13.5327,4.94893,0.0860518
-10.2443,7.54631,0.0733439
12.0468,10.0482,0.0616022
-7.53959,2.57178,0.0843681
-14.5768,25.7541,0.075662
2.00801,29.7302,0.0571478
5.6112,28.6243,0.134602
-6.29851,7.81688,0.0676432
10.7638,21.3883,0.05
-2.30539,27.6009,0.0693677
3.13383,2.83017,0.0700938
11.7771,6.28424,0.139427
-2.88896,0.929866,0.067384
10.4063,13.4462,0.0851169
-4.1388,13.9684,0.0571097
-2.78376,7.85966,0.05
-1.30355,23.9896,0.0682134
-3.11076,22.6442,0.0881931
-3.1796,11.4516,0.0835209
-7.16884,4.50426,0.0962107
5.45649,28.8044,0.05
8.44294,25.357,0.0977087
4.47384,8.8658,0.05
-0.451387,23.2206,0.0918861
14.4191,14.8064,0.05
13.1955,7.86685,0.071174
-14.3894,15.3067,0.05
-4.88349,3.80139,0.0804771
-8.89488,0.643237,0.05
9.07088,2.54566,0.0784697
-12.2489,25.3031,0.0505843
-4.15596,2.58837,0.0804563
4.80865,14.8711,0.05
-4.68491,20.4642,0.112935
-4.14449,23.2833,0.0501872
-8.80718,17.679,0.120945
4.90782,2.57964,0.059952
-2.23709,18.7672,0.0601493
-12.9151,22.8529,0.05
-6.47545,12.1029,0.111556
2.83708,4.11165,0.0642166
0.207513,7.91747,0.05
-0.840104,5.93622,0.0901223
11.9333,12.7338,0.110146
9.21259,11.8541,0.0838717
-10.7087,1.70813,0.0885419
-11.9972,13.3059,0.0924681
-5.23731,20.3961,0.0618117
2.89753,10.3393,0.05
-7.56155,19.073,0.0503553
-11.6501,17.1241,0.0922135
11.8265,1.09224,0.0588102
-9.28489,12.4244,0.0729664
-7.85643,1.39394,0.091272
10.3845,15.2271,0.092084
-10.2662,6.85028,0.0710424
3.16437,21.3594,0.0703766
-4.91044,12.7763,0.111606
5.80288,29.8744,0.0679524
-12.1938,28.6697,0.05
9.29721,22.6288,0.109089
4.20416,21.4325,0.0759808
-7.20688,22.5269,0.104748
9.99581,9.81402,0.0995479
11.9141,12.0488,0.05
14.671,9.42207,0.0784536
-5.70891,10.6353,0.122382
14.1232,3.47964,0.05
1.36217,1.26253,0.0985848
-1.55951,5.14955,0.0844035
12.8694,15.4751,0.0692589
-5.24094,8.1598,0.089736
10.6177,18.2345,0.060882
3.49277,28.0931,0.0837697
-11.48,18.3144,0.133922
12.6361,0.65304,0.05
7.29994,2.76837,0.100735
5.06557,3.57014,0.0580946
14.5119,14.0451,0.066179
-4.70748,16.5458,0.0605696
4.52327,5.45805,0.0676528
5.97897,26.5193,0.0749795
-9.4264,1.99632,0.0603036
5.99891,29.7708,0.0730462
7.93084,3.12454,0.0808703
-5.99812,13.7133,0.05
-13.3175,9.25302,0.0776874
0.958556,22.0738,0.0676315
4.81563,8.95968,0.0589095
2.83064,26.237,0.0799937
9.34695,12.4659,0.0813804
-11.6892,18.9897,0.129196
12.8889,3.9035,0.05
-0.440568,2.60383,0.0584767
-13.9901,11.8621,0.120482
-0.186979,19.7333,0.0894002
-1.45424,28.0395,0.0832129
-5.00281,8.09752,0.05
6.9456,19.9468,0.102722
-0.508507,5.85627,0.0621477
-14.0262,12.2376,0.0807293
1.97121,11.5607,0.0579296
13.9464,27.5292,0.0839558
-14.3564,8.18397,0.0655634
-14.6354,29.9216,0.100286
-1.02475,12.5629,0.0750117
9.10887,21.5441,0.0859214
-7.11586,14.7285,0.0758358
-3.22424,7.38669,0.140701
12.1459,7.64791,0.050352
5.40813,3.59172,0.0801455
-11.6864,25.7181,0.0869235
-2.45396,29.614,0.05
-11.5354,17.5984,0.0680547
12.4024,8.61209,0.05
9.00867,5.07118,0.121875
-13.9446,8.44084,0.0850748
5.34379,4.64816,0.105078
4.96879,14.1841,0.0589709
2.22045,0.213487,0.05
-4.10309,25.4033,0.0651346
-14.2919,6.29531,0.110199
-12.628,22.6345,0.103687
-3.49598,0.363775,0.0725108
12.7318,24.7256,0.123918
-4.0916,10.9457,0.0636298
-11.1257,5.53418,0.0906447
-13.06,3.3211,0.133726
13.5607,9.31216,0.0825275
-7.11353,19.5126,0.0799337
2.89632,20.5437,0.118824
13.7088,19.2773,0.10606
7.01866,17.5028,0.0782924
-0.951771,14.3543,0.0623926
0.195155,9.83604,0.05
-3.54154,24.9696,0.0850067
-12.9642,8.75339,0.0550663
-13.8868,28.4492,0.129766
-6.76132,6.0604,0.0748919
-11.9995,16.9432,0.0511411
-10.8909,24.4199,0.0567955
-12.5725,16.5153,0.0821117
2.04688,9.61343,0.0977009
6.03346,9.52163,0.10966
-2.80894,29.5805,0.0891178
7.19788,18.3551,0.05
11.0481,27.7666,0.0714457
0.263137,8.39065,0.05
-1.60341,22.2264,0.0907842
-14.2307,6.4658,0.0705726
11.6543,25.8466,0.0983295
4.04232,21.4476,0.0865602
-2.09354,22.6056,0.05
9.65828,3.70887,0.0588222
8.82258,3.37158,0.0778685
12.7172,4.95162,0.0903573
3.02879,6.40091,0.105927
-10.2397,28.0168,0.05
1.72978,28.8873,0.05
-5.12255,4.05978,0.0576255
5.26695,23.3823,0.05
-8.59211,25.8636,0.0787255
-4.80489,12.5063,0.0763572
11.0449,27.5177,0.05
-7.26968,26.569,0.0903197
1.05891,2.88074,0.108131
9.85176,6.86723,0.05
-10.3599,3.78743,0.149851
13.7176,21.4319,0.1076
12.5219,5.91525,0.119307
-10.9025,14.8227,0.0629659
7.87987,14.6703,0.134077
11.9467,16.6915,0.0698752
-4.68672,7.85871,0.0805412
13.8531,5.15087,0.0596386
13.1259,21.047,0.05
0.278577,26.3365,0.0829912
9.58467,15.3693,0.0909217
-12.7656,15.0616,0.103444
7.75796,15.4338,0.113932
4.47859,5.27934,0.0794217
-10.7435,17.7645,0.117197
-3.82705,7.4374,0.0636658
-7.06778,6.20218,0.05
14.1208,15.2176,0.101843
-6.14561,10.3771,0.0855173
-7.30422,23.6501,0.0806009
-11.5443,17.8832,0.05
2.39304,13.5783,0.0789835
-0.0284715,13.3886,0.0841455
6.31982,20.8652,0.11045
2.33587,17.6337,0.0929502
-9.92133,14.5626,0.096022
12.9675,14.0782,0.058896
-14.1244,6.89203,0.114616
0.0351275,14.7344,0.0606621
-10.3991,17.0648,0.106441
-2.33473,9.36783,0.0991651
-10.6701,29.5534,0.0896447
-3.07421,19.1528,0.05
11.1255,25.0866,0.05
-10.5241,24.3501,0.05
1.35799,29.4301,0.0701124
-0.197543,13.4679,0.0971468
-11.9033,7.63181,0.0734732
-3.2287,3.81917,0.0659704
-10.9871,22.3759,0.0738793
1.33737,5.74807,0.0618986
9.29795,29.4153,0.0911195
-6.33329,2.89401,0.0536539
4.20565,7.1882,0.081608
-14.5094,29.5207,0.0691935
11.6974,5.62075,0.0566434
-13.4896,3.06497,0.0931062
-8.5806,4.56931,0.114763
-3.29908,13.9186,0.0623871
-0.11412,0.826718,0.0791723
10.2399,0.507413,0.0800537
1.7012,23.5366,0.05
12.1743,28.2816,0.0985853
13.4843,2.60208,0.0791145
-10.2504,25.8803,0.05
7.10825,2.61835,0.0583356
5.98605,12.3855,0.0750026
3.92405,20.6148,0.0819482
4.74898,8.4821,0.05
10.9308,26.9439,0.05
-6.63812,26.9535,0.0872683
-5.42522,12.3132,0.067029
-9.07631,20.1995,0.0728992
1.43851,28.4204,0.102321
-12.589,24.9837,0.05
7.94073,15.4994,0.0802583
4.81881,2.91207,0.0504489
11.1573,19.5918,0.0874016
-13.6423,26.1163,0.05
6.69646,2.72214,0.0743499
7.67443,10.0701,0.134633
8.34819,21.7342,0.0628423
5.87514,21.8177,0.106343
4.07851,19.053,0.0735012
-14.9472,12.026,0.0527983
-12.7014,14.7497,0.0906025
7.06672,18.2663,0.05
3.77629,19.3101,0.0589503
-8.12527,0.396192,0.0850971
-0.361416,25.5916,0.0588619
7.02369,25.9324,0.05
-12.4802,17.0479,0.0590228
14.4396,21.7569,0.05
-1.29661,29.9749,0.0594698
-12.7074,7.4152,0.0645807
-14.7617,4.10567,0.0509308
9.87607,12.3389,0.0649179
13.0387,22.7389,0.0796151
11.2179,0.995184,0.0947322
14.2045,12.9066,0.0782966
13.2605,21.815,0.0710914
9.09866,19.4206,0.05
7.92477,15.6496,0.0707904
-3.43954,5.05191,0.0752301
2.3916,26.4714,0.094984
-12.501,26.4518,0.0944001
-7.71617,13.4341,0.0904448
-8.79526,0.632457,0.05
1.75847,13.7942,0.0625119
-3.91723,24.7218,0.0805013
-0.638406,23.0566,0.100779
-0.188821,5.57526,0.0708341
7.98374,11.783,0.0525915
-13.2845,24.7816,0.0704875
1.97165,11.6686,0.05
4.06737,12.0292,0.0685386
-11.1511,16.1287,0.0563055
11.4109,21.7043,0.096194
-7.25157,18.5424,0.05
7.82684,3.78276,0.0990865
-6.69722,2.4042,0.0601309
9.06807,28.6731,0.05
-8.68753,20.7018,0.0706696
9.37926,15.5439,0.05
1.87087,5.14631,0.0573787
7.52048,10.2253,0.0840015
-1.1259,28.7115,0.0560134
8.78956,4.06341,0.111831
9.18783,11.64,0.0660801
-8.39117,19.954,0.0536391
9.40101,14.6179,0.0734912
7.15781,0.193704,0.075362
12.1735,19.4064,0.0818318
9.34756,28.5788,0.068977
9.3435,28.7454,0.0976071
-10.2519,25.1634,0.119872
12.0991,8.91897,0.111728
12.1822,9.5534,0.0960166
-5.0876,15.4194,0.0663931
3.85333,25.0229,0.0817855
8.96029,1.06013,0.100815
9.02815,14.8088,0.0819495
10.2687,7.85545,0.0576235
11.2226,13.2034,0.0737352
-12.0952,0.697487,0.0500577
-13.3122,20.9587,0.108502
-0.424551,19.8828,0.05
-13.0657,18.862,0.08778
10.5868,1.79421,0.084706
-3.82625,28.8814,0.05
0.260811,5.73869,0.0920157
0.884927,15.2217,0.0681715
8.82133,23.8586,0.117673
7.02483,20.4108,0.103125
12.9205,28.9295,0.0507523
14.3766,13.84,0.0758337
10.1161,26.4514,0.0521328
-3.32991,13.1162,0.090749
3.62535,25.4684,0.0804215
1.91318,7.9007,0.0865822
14.8085,17.6648,0.0675549
3.66159,11.765,0.0631976
5.14744,9.86016,0.135066
10.395,6.88206,0.100726
-12.2928,25.2102,0.0521543
9.64485,7.12342,0.05
-12.2554,21.6772,0.120037
12.6981,15.2176,0.0510357
-1.81551,13.9196,0.101034
12.1765,0.475918,0.0672026
1.14263,15.4904,0.0701025
8.16662,29.1898,0.05
-7.64403,19.782,0.0772923
7.28761,23.0008,0.0810452
4.50956,0.755825,0.0684148
10.1692,4.3164,0.0865265
2.03936,8.51581,0.0824259
-8.55306,2.88226,0.0661551
3.25759,23.2258,0.0591964
2.80267,10.6941,0.0901577
2.45002,5.48159,0.0651565
-7.62958,21.3068,0.0645124
11.9592,8.35587,0.0960571
-8.46662,15.7248,0.0649079
5.63555,16.7888,0.05
12.8298,26.8852,0.068421
-13.4798,15.4857,0.0760457
9.53622,22.3793,0.118125
-0.348384,22.12,0.05
4.58204,1.82572,0.0852571
14.7545,10.1668,0.0948222
2.34363,24.0192,0.0751076
13.708,12.8279,0.0691216
-2.61701,21.9256,0.05
0.449296,21.4189,0.0981153
6.91289,0.434458,0.109554
4.09357,20.6925,0.104569
-2.36836,6.14846,0.100495
-3.07802,12.5746,0.115218
-12.9608,12.7609,0.0803728
-12.3882,4.07435,0.05
9.77018,4.88242,0.05
-10.2349,23.682,0.05
-2.0648,9.913,0.0821376
-1.23116,20.2888,0.0704315
10.9838,4.95543,0.0692738
-11.7524,10.88,0.0865728
-5.08667,19.622,0.0730878
-2.36334,20.6543,0.0771451
-12.7645,8.77445,0.0987104
14.95,28.9881,0.05
12.2679,4.80143,0.0857547
-8.61243,6.0638,0.0579846
-2.36497,25.0416,0.05
-1.25814,19.861,0.0719458
7.98302,7.35867,0.0746354
7.83028,19.969,0.0513147
-6.45056,11.1166,0.100775
2.51535,17.7313,0.111311
-10.8498,9.76371,0.100576
-7.90668,15.5606,0.104071
8.43269,15.5229,0.0936386
-14.1138,4.75919,0.0807996
10.8875,5.07534,0.0844846
-4.22913,7.40414,0.0649705
-11.9665,23.5472,0.0528609
8.47885,26.4594,0.100414
11.0013,11.4595,0.130826
-13.4128,13.0235,0.0540764
3.28313,12.944,0.105617
14.2199,23.427,0.133851
1.72593,1.11995,0.0997711
-8.451,13.5377,0.101173
-8.74351,25.7099,0.106565
1.19647,29.9034,0.0760914
0.0803572,25.5642,0.0701278
-9.07206,13.8006,0.0661612
14.7387,28.1479,0.0706339
-11.7437,14.8028,0.132157
11.6207,10.9153,0.142034
9.98239,22.4593,0.0823404
10.8209,0.703964,0.0735591
-9.53029,3.07207,0.0930061
4.97711,5.21172,0.065116
-11.2362,17.475,0.104242
0.897845,6.37612,0.0786293
3.82876,4.45618,0.0761978
-8.02322,17.814,0.0556939
3.83352,16.1926,0.145877
6.7814,4.01255,0.0940413
12.0021,29.8361,0.05
-12.4719,5.65616,0.05
10.9406,20.1341,0.0920379
9.04186,5.88824,0.0847049
-2.9082,12.4304,0.107556
10.3669,23.686,0.108137
-1.67594,0.354952,0.0846854
-7.3321,8.47822,0.0700852
4.52245,13.6466,0.0536516
-6.43988,17.1674,0.0561454
-14.4668,12.8222,0.0735948
9.734,7.55952,0.0720637
14.4201,26.9681,0.0851058
6.77546,20.5294,0.05
-1.89814,27.7252,0.0835949
3.63335,2.37255,0.0540642
-8.67082,1.5351,0.0605739
5.63714,15.7171,0.0724312
14.1579,2.47419,0.05
3.25118,20.0402,0.0835792
5.59278,16.2006,0.0502902
14.8011,27.9734,0.0604196
-11.2291,11.9951,0.0865028
13.407,15.0491,0.0646106
-6.19749,15.2663,0.0940695
4.82096,25.3092,0.104595
-0.228935,16.6591,0.109529
2.69957,19.3482,0.0604908
-8.75368,10.9931,0.061404
-2.90084,20.9383,0.104683
14.5097,7.27135,0.0638627
12.8055,12.3978,0.0678868
13.5444,11.0375,0.0792253
13.7651,23.4219,0.0733087
-4.69144,15.2474,0.05
-12.1995,14.2403,0.0537653
-6.81529,10.3403,0.05
-3.19641,11.6435,0.10536
0.816446,27.7457,0.05
9.8247,24.2195,0.0914464
10.5431,0.799184,0.073309
6.9481,15.9312,0.0740655
-10.1265,26.2466,0.0646221
1.35762,19.5696,0.0971343
13.1258,13.4896,0.0789506
13.0455,27.5063,0.0901094
-14.0981,6.52427,0.0743558
-13.599,13.7118,0.0914417
-11.2909,3.52904,0.0647969
-3.89474,4.0031,0.05
-1.53611,11.5744,0.0617022
-9.11412,28.967,0.0660864
1.27918,8.79639,0.0705896
14.779,20.9788,0.10677
-2.11701,29.3908,0.0522493
0.64562,0.273183,0.0662545
5.32129,6.26034,0.0677128
12.5741,10.5876,0.0762199
0.643422,15.6722,0.05
10.3573,18.2751,0.0880247
11.2566,23.0972,0.0733977
-11.6611,23.9374,0.0712389
-0.582566,6.75934,0.0821192
-8.28499,5.25457,0.126641
-4.40705,18.4237,0.0755778
2.70009,2.83903,0.100813
10.3559,20.5203,0.0957394
-1.69254,5.25838,0.0874808
-3.21958,18.0704,0.0706361
-6.12621,16.3828,0.0796507
-8.41571,22.8448,0.05
10.9787,7.16449,0.0754652
12.0473,12.1713,0.0850492
-8.73043,14.1861,0.0975893
-10.1009,24.7707,0.101212
-6.4107,13.9632,0.05
2.83222,11.5957,0.0978271
-0.384359,18.9961,0.0547079
6.89486,15.7412,0.123286
10.8296,15.2369,0.05
0.274977,23.0566,0.0967758
9.50582,28.4857,0.0856189
-5.24212,0.433504,0.05
4.01718,26.6204,0.0715993
-12.4588,16.7689,0.087886
5.97218,17.3981,0.05
4.24035,17.7985,0.111492
-9.74078,9.93484,0.07205
-3.68697,22.1377,0.0973477
4.87147,28.2593,0.0530235
7.98142,28.4576,0.0785566
2.31792,25.4473,0.0877986
-7.97964,10.8862,0.05
11.6031,25.3775,0.0722703
-12.6967,29.2631,0.0808132
-2.18902,4.44785,0.115525
-13.0321,16.9296,0.0899111
3.02226,10.9752,0.0945868
-14.258,10.3505,0.05
-14.9057,21.089,0.0752605
-14.5667,14.3978,0.0589994
-3.88068,4.98624,0.0747129
8.94438,6.4532,0.0754763
3.41837,28.2453,0.0855463
2.77289,20.8665,0.10834
5.27246,15.8423,0.0777877
5.75159,21.5547,0.110936
-2.96823,29.9157,0.0823687
-7.44908,19.5531,0.106989
-9.59412,23.509,0.086831
-8.48786,8.53124,0.05
-2.71361,28.0518,0.144055
-8.55948,11.2817,0.05
12.9184,3.37363,0.10254
-0.500888,18.0375,0.10413
-12.7446,1.14966,0.05
-8.07984,24.2211,0.0574603
-13.6778,28.5176,0.0901682
2.41214,21.0546,0.103802
-7.98963,25.4696,0.0613986
10.9153,16.5992,0.0693029
12.3929,4.88697,0.05
5.92858,7.42695,0.116498
-8.75591,2.22589,0.0947358
-7.9836,0.0800665,0.0800783
0.93866,13.5298,0.0723548
5.50583,8.40702,0.0736979
11.3148,27.9985,0.0956865
-6.74526,1.70075,0.0959399
-11.222,2.93998,0.05
14.3744,20.6175,0.0701344
-9.39655,26.4298,0.0684875
-10.6488,20.1879,0.0900336
-10.8729,13.6237,0.05
-7.40994,26.5649,0.05
3.95744,12.3295,0.0779254
-3.6605,27.1319,0.080277
8.33062,19.1656,0.0935094
14.1879,14.3362,0.053564
-13.8362,3.29432,0.072934
-6.71347,17.1071,0.0930703
7.14398,26.9407,0.05
1.0687,27.6992,0.056946
-0.356969,2.06913,0.100123
-9.46115,15.0721,0.0589363
14.9323,9.68231,0.0676879
-5.50219,25.6911,0.0629277
10.34,5.64119,0.05
4.10674,24.8383,0.0803665
-13.5584,0.913544,0.0881614
-11.293,8.75896,0.118909
-0.48881,11.4132,0.0791575
0.160698,5.91361,0.10953
-2.16701,23.6121,0.0913001
7.88664,10.299,0.05
-11.4154,25.9801,0.0643861
8.61118,24.5324,0.0646687
-4.67888,24.9473,0.0953233
-10.9325,7.79721,0.05
-5.54605,8.83441,0.0714136
-12.9292,0.187979,0.05
-14.0296,16.8688,0.0895249
5.84928,21.3415,0.0538565
12.6276,20.7001,0.102096
-0.25872,24.5594,0.0866222
-10.3668,3.45009,0.0676454
-5.73194,4.15849,0.0911595
-12.648,9.54083,0.0560603
-5.93021,26.3005,0.0862116
-9.09932,27.7558,0.055831
2.27894,0.452724,0.0594507
1.80239,15.5815,0.05
-7.02485,23.7604,0.0586896
10.7562,3.73889,0.05
8.00962,25.1633,0.0718351
-10.3219,17.3524,0.0715503
-1.70134,25.1387,0.0915819
-5.46867,26.0595,0.129014
-14.1645,24.5362,0.0834088
10.8598,28.344,0.0580466
-8.07352,21.6802,0.0679544
13.8626,26.8227,0.072658
-14.6453,17.0384,0.0564885
-0.832863,23.1928,0.0562851
0.29315,19.1573,0.109683
10.1598,27.5895,0.0671025
7.43329,24.4764,0.05
-7.11017,2.98813,0.05
9.74921,21.3743,0.0881117
2.66619,8.02946,0.0607238
2.76508,3.40452,0.0840616
-10.5278,3.9594,0.0833831
8.92253,14.676,0.0877339
0.420298,5.77735,0.0720872
-5.4257,9.25099,0.0786315
-10.9512,23.4522,0.0739099
8.36825,21.0907,0.0656935
6.76422,22.1131,0.05
6.06856,28.2826,0.05
-14.3774,10.2477,0.0973223
-12.6652,4.91361,0.0863218
-14.0604,26.0281,0.0560586
8.83097,11.3615,0.0885365
11.411,27.3619,0.0635699
-0.244483,17.4554,0.0705674
-13.363,15.4384,0.05
12.4254,3.85466,0.0875212
-3.523,25.724,0.0914671
3.35994,23.5497,0.05
-9.96643,21.9803,0.084514
9.35906,10.9449,0.0689338
1.48963,5.67997,0.104898
13.3501,25.2649,0.0938105
13.0821,29.1759,0.0757394
0.908712,6.93306,0.0727503
5.01275,16.3557,0.0839615
-0.421948,18.6208,0.0552964
-8.4184,23.2464,0.0772125
-1.43073,28.4562,0.0717566
-11.4874,14.8062,0.0915869
-5.81077,28.3256,0.093191
-11.0421,10.6714,0.0587254
-11.3553,28.536,0.0717531
4.6526,20.3991,0.07717
10.794,0.412363,0.0655071
2.43794,24.6455,0.071589
3.00364,20.0057,0.05
3.62991,10.7055,0.106726
4.09347,21.3118,0.0585409
12.7701,26.5989,0.0547842
6.29946,2.1487,0.0715517
8.76353,19.5022,0.0635982
-12.6501,7.52833,0.0621993
-10.6517,4.82697,0.05
11.9544,27.556,0.0582163
-12.9753,22.7732,0.05
-5.95317,23.3986,0.068375
-14.9287,18.3415,0.0713449
-13.7275,11.121,0.0867925
14.7615,22.0782,0.0726195
-5.56827,13.9334,0.078911
11.1217,12.5982,0.131203
-10.4351,21.093,0.0988294
14.5654,3.8261,0.0601103
-8.04961,18.7598,0.103635
-13.4926,28.3612,0.0652825
4.95893,5.67324,0.0856429
-9.93407,27.6168,0.05
-10.3182,22.6281,0.0591462
13.5022,13.6335,0.0929096
-7.62848,27.0465,0.0738393
9.56118,28.3277,0.0600365
-14.9329,22.569,0.067076
5.48843,1.90987,0.0692892
3.47468,17.7032,0.0757374
10.4723,26.7118,0.0939247
-10.0971,6.77553,0.101933
7.4698,13.3373,0.115194
-5.10061,10.0769,0.0861841
14.4121,19.136,0.104
-3.86944,22.6242,0.0621396
-3.31239,5.56602,0.0632872
4.42628,1.63377,0.11
2.0089,10.367,0.0661097
-14.8003,2.34746,0.0858202
-12.8501,17.2342,0.0888976
1.30192,2.47763,0.0798081
14.6558,11.4306,0.0789932
9.74463,10.3741,0.0692183
-9.01575,10.5208,0.0777675
-10.9763,12.3867,0.0873325
-10.7913,3.91933,0.05
11.1156,29.3474,0.0893866
7.44716,21.401,0.05
14.6707,6.63147,0.0600713
-3.97553,9.70835,0.0622222
-0.685749,27.0161,0.0818557
11.0931,27.262,0.05
4.44197,21.8725,0.0843353
-4.79486,1.70896,0.05
-0.472493,14.8021,0.0579074
-4.49211,0.491119,0.0908152
14.3546,26.0739,0.103369
13.2531,24.0882,0.0599002
1.35168,28.1632,0.0709358
9.64305,4.02006,0.0948643
-12.8327,17.6103,0.0956897
4.0073,6.40567,0.0637411
5.40426,7.33584,0.0763601
-2.98701,6.69711,0.0640546
14.2501,14.4429,0.05
-7.92763,27.3606,0.0536832
14.95,7.89007,0.05
-14.1754,15.4712,0.05
-3.3491,6.70514,0.0736712
-3.93442,17.8287,0.0570629
-3.82366,19.2166,0.0818699
-13.3015,28.9787,0.0996924
-12.6756,9.98716,0.05
5.06138,16.4918,0.060505
4.03938,8.59692,0.0554843
-3.49591,16.0422,0.05
9.26877,6.55368,0.0891874
3.17515,15.1778,0.05
-11.2463,10.8194,0.0921872
-12.5351,23.0104,0.0921625
10.2294,7.48565,0.067336
2.50184,16.1513,0.0763869
-5.09404,12.8155,0.0761465
11.9448,3.55746,0.0548347
12.9306,19.4511,0.0739741
7.03476,19.7147,0.0617871
-0.616715,24.7768,0.0706683
-11.8437,15.9288,0.0615419
14.4168,29.0478,0.0980349
-11.9126,0.184622,0.0717753
0.172755,7.64269,0.0978341
-0.890617,11.339,0.05
13.5655,28.4826,0.11902
-1.01614,26.4604,0.0569816
-12.8963,0.795212,0.0955043
-2.55677,14.5729,0.0607999
-14.5713,27.8831,0.0837034
-12.0597,14.1232,0.0811996
3.40071,23.3721,0.132244
8.12904,14.3626,0.177556
-0.530271,25.9225,0.05
-2.63235,24.5001,0.0747611
-9.40538,15.9339,0.077172
-0.521993,28.6874,0.0569966
-8.77929,3.49285,0.05
1.91007,29.6868,0.05
-9.53418,9.37781,0.117702
11.0405,7.71194,0.0642947
1.66366,3.40516,0.0931509
4.202,17.9843,0.0778718
-13.2714,7.66143,0.117475
-14.7368,8.18659,0.0730031
-3.96046,13.8232,0.061574
-7.3752,18.1444,0.10669
8.98659,17.2495,0.086462
-2.44428,17.6531,0.103804
-3.18088,4.0067,0.0741041
-14.261,25.5549,0.0775219
-7.36081,28.1772,0.0601629
-10.5167,23.7838,0.05
5.27572,23.2669,0.0656238
6.23583,21.2571,0.0769713
-2.79922,19.5472,0.0645823
-10.3144,9.55066,0.0866854
-13.9561,9.73776,0.0995925
-0.257722,19.1682,0.0723999
4.73352,3.4398,0.10222
-12.1008,13.9054,0.062393
-11.6906,3.24193,0.05
-0.323207,11.0929,0.0620036
10.2259,8.50775,0.061545
10.4169,2.22645,0.0921968
14.0178,3.44092,0.0622842
6.5576,0.110029,0.110036
0.162276,13.3773,0.0595277
1.77679,21.5784,0.0644478
14.8274,23.6709,0.0734778
-4.47577,2.32847,0.0953818
11.5746,17.104,0.0626397
-8.74398,6.8478,0.0654191
4.9059,4.94039,0.0530668
-10.2309,24.1222,0.106219
-0.618546,27.3223,0.0976288
-11.5801,0.0617796,0.0617956
0.567779,3.31747,0.0746544
-2.70339,24.6027,0.05
11.066,7.26843,0.0602915
8.03678,9.00095,0.05
13.8052,23.8744,0.0600849
-0.284167,29.8516,0.0729924
3.04997,25.9898,0.0907769
6.77739,15.9271,0.0966861
-2.57674,9.34672,0.102771
-4.29834,15.4438,0.0628664
3.53837,25.3007,0.05
8.51271,3.71187,0.0818664
-0.872171,22.4741,0.116889
-4.205,20.7692,0.116014
7.89018,15.0448,0.0703431
-0.847242,7.49864,0.081686
14.2966,27.6438,0.0712835
-1.3353,28.588,0.0859835
1.42288,20.4704,0.0603065
0.709603,18.4289,0.05
-5.36085,6.10164,0.0747
1.11256,9.90052,0.0895346
-3.15998,0.20461,0.070962
14.4674,22.3217,0.05
0.117249,8.22287,0.0830078
3.66344,28.6462,0.0787033
1.53153,1.61606,0.107291
14.014,12.8872,0.0753688
11.4985,10.1265,0.107206
9.95157,23.469,0.0984583
-0.536885,20.496,0.0905878
0.0114616,12.7588,0.0956984
9.42677,25.7016,0.0773166
-1.58683,15.6093,0.107536
14.3551,3.1034,0.0718103
3.49688,28.5756,0.096838
-5.89537,20.731,0.0546103
7.28065,27.8067,0.0629684
-9.40481,26.2738,0.0744914
4.9,24.8736,0.0873695
-5.11307,3.11082,0.0599815
1.75541,12.2488,0.0527435
-12.2343,12.009,0.0553751
-11.0726,19.6876,0.0779804
-8.9281,2.17788,0.0840258
-0.966942,13.2345,0.0522463
13.4163,9.56898,0.05
-8.88286,12.7834,0.103669
-7.69879,27.5799,0.05
-12.2791,6.82649,0.05
-4.9114,12.5995,0.0651781
-14.3071,4.80936,0.0977413
-13.0659,12.4128,0.0585116
13.4454,18.7604,0.05
-10.7194,10.1799,0.0655935
13.9108,6.73069,0.0524069
-6.76732,23.4645,0.05
-5.59327,24.2583,0.110379
8.26133,25.059,0.0858294
-4.45873,8.24162,0.104958
14.7865,16.9785,0.113566
-7.90256,23.9942,0.05
0.0873492,17.4438,0.05
9.03091,2.27962,0.05
1.81136,8.42173,0.116434
-11.7895,7.24733,0.0898268
10.1804,13.2327,0.130097
-0.423031,5.30657,0.103984
0.0196968,0.426092,0.11507
11.2199,20.6523,0.0736495
14.7762,12.656,0.05
-12.7517,6.40124,0.0954688
-0.660459,23.5353,0.0883827
-12.883,29.1172,0.069869
-4.04111,8.40633,0.0569625
-2.58653,11.4231,0.0609081
13.3454,13.9317,0.0710765
-3.16825,22.4647,0.0551464
-9.5625,0.667851,0.0845196
-14.9331,11.9072,0.0668767
-12.6634,0.781429,0.0840744
-8.90728,17.0583,0.0890644
-14.8009,15.4405,0.05
1.28031,23.0727,0.104984
-1.46523,5.51305,0.0839346
5.17876,25.0376,0.05
4.74944,28.1877,0.0883376
-12.332,0.782747,0.0715824
1.21437,15.9157,0.05
13.6389,20.7506,0.0834542
13.1868,10.026,0.0601754
-5.42142,17.8286,0.05
-3.42314,24.249,0.0619579
-2.94198,12.7242,0.0869687
8.9392,2.19642,0.073828
-4.94076,20.2067,0.0827757
13.4145,9.34285,0.0668295
0.58872,19.0621,0.103043
-2.00878,20.8398,0.05
-14.9183,15.993,0.081651
-8.39928,14.0224,0.05
10.3888,7.85778,0.0625194
6.61188,4.7078,0.05
-1.49137,19.5551,0.0967593
-9.48556,4.71855,0.0505523
-11.5189,5.19451,0.123792
-1.75169,3.51099,0.0662334
-2.69025,21.5094,0.05
-8.22597,0.0499997,0.05
-2.56314,23.3066,0.0742552
-5.89884,12.7591,0.118294
-0.910691,15.8173,0.0595929
9.61534,27.8051,0.105355
6.95826,2.22733,0.0712625
3.95294,5.37861,0.0627368
-0.781089,16.1836,0.103545
-0.361196,25.167,0.0770198
-12.2905,19.8105,0.109098
-7.05481,15.5174,0.05
-0.878208,10.1154,0.0906084
12.6629,1.90678,0.0824709
-11.6434,23.1868,0.0815803
1.61989,22.1822,0.0846811
0.471793,12.5268,0.0831262
-6.86675,24.9728,0.0587141
-1.22406,11.8581,0.0746567
8.16124,11.6583,0.0847388
9.90439,23.2891,0.0730719
-11.168,26.7164,0.077719
-2.58363,15.4565,0.0578273
3.28623,10.7684,0.0621569
12.5738,4.58178,0.0844027
13.7131,28.2139,0.0548785
11.9295,9.04191,0.0977268
-0.0675039,16.9814,0.05
-8.29649,7.60961,0.0976
6.45609,22.7313,0.05
14.0776,13.6877,0.0707646
12.9376,6.48522,0.0688742
9.98326,16.564,0.0738463
2.36304,17.1124,0.114248
11.7903,16.7281,0.0908089
-3.81298,2.05314,0.0502141
-10.9453,14.1993,0.125151
-0.264559,10.5294,0.0749375
-7.10738,19.1068,0.0654379
14.3987,12.5158,0.0846691
-7.60101,22.2967,0.05
9.79788,23.58,0.0910787
8.06116,23.3827,0.05
-3.61005,8.30553,0.05
6.95715,24.0538,0.0579833
-6.71926,2.28798,0.0520181
9.67005,28.4313,0.0873729
8.42412,29.2733,0.0665623
-5.1531,14.5573,0.0827185
2.49154,21.7341,0.056372
12.7292,10.5306,0.0890004
10.9581,17.2974,0.121316
12.0265,6.31336,0.05
-14.6978,12.785,0.05
10.9481,25.1996,0.0719809
-3.54754,11.9777,0.05
-0.575596,17.6084,0.05
-5.97057,28.2998,0.0686807
8.51834,21.9051,0.0500008
-5.30015,16.8234,0.0673017
9.8505,20.4702,0.05
11.1633,3.83196,0.0513062
6.79603,3.24523,0.05
8.1023,7.71889,0.0709829
12.2141,16.3422,0.110015
-8.12056,0.205519,0.105685
-9.87618,5.57388,0.0652979
-0.100006,0.955468,0.050368
12.0509,25.4895,0.05
4.49627,21.6043,0.0745135
-4.77844,9.57277,0.0748056
-7.59486,28.1984,0.0521798
1.95692,25.6513,0.05
-11.3481,24.9662,0.0783673
-2.97306,21.2958,0.0904344
-11.4909,26.1472,0.0805331
-6.77005,10.6474,0.0906003
9.69489,5.62107,0.106964
7.90123,3.39541,0.107242
-9.5619,13.0736,0.05
-12.2044,21.3915,0.075631
1.61702,11.463,0.090023
1.81849,17.5291,0.0862568
3.71615,28.3277,0.0828294
12.8723,24.1125,0.0796474
-14.4763,7.92121,0.0615957
-3.27417,19.8326,0.0895649
11.3859,24.661,0.0551688
-8.64966,1.08567,0.0852958
0.975561,23.0727,0.0981968
-12.629,17.3097,0.05
-7.66282,6.44611,0.12016
-13.7264,5.23699,0.0767377
-9.40355,24.3355,0.0788899
10.5699,16.0393,0.0957561
-14.3397,13.354,0.0858006
-4.31328,18.5581,0.0883295
2.42704,18.2265,0.077998
-1.37807,4.21668,0.078621
11.602,18.9686,0.0743251
-13.9709,12.4396,0.115051
-6.23955,17.9165,0.054251
-10.9975,23.0095,0.0557403
-0.957936,18.45,0.0552428
-13.7925,18.7453,0.103073
2.99953,19.247,0.0970418
8.8741,9.36948,0.0501789
0.0255951,11.5043,0.0921721
-2.97854,0.286635,0.0676877
-4.80225,4.86535,0.0718355
1.07547,29.598,0.0661991
12.5141,23.1113,0.0697804
-13.3137,26.3985,0.0952365
6.62769,24.8065,0.0785598
-8.43007,10.9592,0.0762828
-4.69845,5.24108,0.068612
8.63716,24.4207,0.05
6.75969,25.7611,0.0807594
-14.7342,9.21108,0.100838
2.16919,5.2009,0.102247
14.1443,14.4395,0.0558566
-5.45933,11.3211,0.0917837
-9.67369,13.8962,0.05
-12.353,1.94496,0.131905
-0.042181,7.68793,0.103278
10.5051,25.8202,0.0973796
5.47643,9.63925,0.0549818
1.66319,12.1992,0.0519464
13.6021,7.23054,0.0510824
5.5664,24.4316,0.112596
-3.045,16.6915,0.05
7.21925,19.8153,0.0849692
14.0523,1.38963,0.0799546
-6.77404,13.1082,0.0680552
9.78544,18.8325,0.0791079
7.03768,15.585,0.05
3.175,16.4322,0.0756619
-12.3565,25.6929,0.065598
-11.2778,6.85404,0.05
-4.37309,21.8378,0.122667
-5.46345,3.78479,0.05
8.49097,24.6547,0.106708
-4.00935,27.9832,0.0771575
3.22771,22.3703,0.105357
-11.9302,16.5766,0.0839082
11.1994,24.975,0.083859
-5.35353,17.3804,0.0670652
-1.3371,5.37898,0.101524
-6.91844,27.9787,0.0770426
12.5316,25.363,0.101181
-4.16778,2.1384,0.0802208
4.5503,9.29631,0.0508011
-3.25367,11.0293,0.0752404
-10.2855,5.07908,0.111986
-14.8115,19.2886,0.0799107
-5.24071,1.00803,0.0952394
14.8492,23.0511,0.0547209
-0.24664,1.66677,0.0807636
-0.430838,21.5322,0.126297
1.77418,20.288,0.103902
-6.01013,11.5845,0.05
-7.0008,26.7244,0.0519102
-9.84099,28.6647,0.05
5.53027,18.9779,0.0738598
7.99717,1.78462,0.0953323
11.0655,1.1316,0.086507
-4.82673,18.4818,0.114146
-1.65759,16.0515,0.0679819
10.6854,29.1364,0.0776823
14.9007,17.9214,0.0993289
-1.08189,13.5456,0.05
11.7173,2.85726,0.0986954
-14.6177,29.3993,0.0935039
-13.2785,21.1335,0.0694459
10.472,20.8186,0.114894
11.3451,16.8799,0.05
3.05815,17.8332,0.0960434
8.73936,0.304853,0.051389
-6.88664,26.1129,0.105069
-13.0558,3.66854,0.0895733
13.202,29.096,0.0683725
-9.99188,6.65519,0.0579332
-1.27878,21.2822,0.0946414
-3.30132,3.04335,0.05
-12.9759,28.8342,0.0953935
-11.8696,22.7706,0.05
-13.4622,6.45997,0.05
-5.36844,20.2551,0.05
11.6637,27.3056,0.0524828
5.58434,23.6592,0.0956339
0.143203,23.9753,0.0781235
3.45003,12.8564,0.0828775
8.82425,23.2601,0.05
-1.98332,29.0316,0.109109
5.27401,8.94009,0.0872076
-0.203283,8.31898,0.0592739
-5.38922,9.04198,0.0602256
-0.119398,17.5405,0.0806652
-1.74709,2.34923,0.0629574
-11.5553,16.9401,0.0882932
11.6323,18.8402,0.0551563
-13.7773,10.9936,0.05
-13.3649,23.1915,0.0586354
2.19375,19.1401,0.129983
0.375108,9.70186,0.05
-13.5762,2.19667,0.0762216
1.99591,1.23598,0.0999688
10.6698,17.6928,0.0619636
13.4622,6.86919,0.0817999
-0.500047,2.22875,0.0892629
-1.68667,10.314,0.0869026
-11.0039,26.9196,0.0778443
13.4939,17.8271,0.0673421
10.0998,14.7265,0.0780322
13.4725,14.32,0.0994465
5.34347,9.16914,0.103959
11.4014,14.13,0.069878
7.41974,18.7158,0.05
10.1059,27.4856,0.05
-8.46066,23.5962,0.0890419
3.57623,20.498,0.0781973
-0.572692,17.8605,0.0868905
-8.16191,17.5715,0.0816444
-14.6606,15.7476,0.0845385
14.2254,24.6189,0.0962278
13.1741,3.42319,0.0924689
-12.3924,12.7698,0.05
-13.8318,4.71301,0.0721652
-14.2461,5.73699,0.110142
0.890425,2.93446,0.0669472
6.16909,6.15383,0.0633672
-5.53662,29.6072,0.100974
-8.71251,12.7411,0.071856
4.62378,16.1923,0.05
-11.9504,12.4079,0.104213
-12.6887,12.9918,0.0645986
-4.84127,16.4982,0.0814396
-7.8706,23.8363,0.0797451
10.8571,18.2642,0.0918099
8.22668,15.1608,0.0638545
-4.4732,23.2236,0.105929
11.5706,7.81038,0.074604
14.359,25.0191,0.107069
-10.1235,0.71103,0.05
-10.1697,8.04969,0.05
5.21802,20.1079,0.0905562
0.661673,11.8688,0.0924422
13.1044,8.29375,0.0903011
6.93612,12.1217,0.0794128
7.95661,25.8094,0.0526278
2.07864,7.82832,0.0940154
5.66456,2.09911,0.0721166
2.86925,21.543,0.0891319
11.7267,20.4246,0.107646
-11.3169,22.1538,0.113523
14.9041,13.9088,0.0821041
11.2417,7.37633,0.123495
-3.50556,24.033,0.10007
-3.47617,11.8646,0.083781
10.6477,13.2862,0.113418
-6.63307,13.6287,0.122476
8.26666,18.5036,0.0875039
-4.72764,21.3223,0.0545065
-9.2893,25.4066,0.0729944
-3.74836,18.1598,0.128057
1.33724,25.714,0.0613224
13.9153,7.88902,0.0775736
-1.00271,13.6239,0.0613938
-10.2589,21.0964,0.0774175
-12.9072,20.3082,0.0836159
2.58482,28.4358,0.05
9.19463,9.79555,0.0656751
7.82674,24.0949,0.0680773
10.1076,3.56982,0.0815367
-12.7988,13.8044,0.0507082
-7.8499,9.18463,0.0972331
-11.5453,1.85003,0.0570874
11.5352,29.2026,0.05
1.91253,8.55389,0.05
9.98015,26.6392,0.0619753
-14.6784,23.7978,0.05
2.1304,2.70968,0.0671717
-13.1713,14.8904,0.06529
13.8537,13.3795,0.0676534
12.4234,23.541,0.0605213
-11.4753,3.55669,0.05
-12.6898,19.8573,0.0701024
-3.22775,11.3206,0.0559975
5.06522,5.47349,0.0587178
4.24409,27.0554,0.0540652
-12.7653,20.6618,0.05
8.46884,21.992,0.05
11.1868,15.2622,0.0775335
-9.81608,22.4317,0.0978181
-6.08401,26.7903,0.0684326
2.03707,19.8539,0.05
-13.3973,4.59,0.05
0.993241,13.6531,0.0624632
4.87025,23.5085,0.0805512
2.76341,27.0837,0.0703483
0.614827,25.7099,0.110099
11.9342,18.404,0.0561136
-0.12137,11.2209,0.0837863
-5.41552,25.3012,0.05
11.4545,20.3453,0.0643544
-13.0285,7.34511,0.05
-13.1789,24.6781,0.0773338
2.05157,14.9004,0.0813788
14.3371,22.6112,0.087388
12.2265,14.2542,0.0688809
-4.12102,17.7538,0.0657553
-13.86,14.0166,0.0661748
-10.9216,0.0604018,0.0604291
-7.57603,4.68056,0.105001
-9.73914,21.4816,0.0616985
-2.77047,12.0537,0.0618238
-2.27121,22.3733,0.110883
-10.687,19.8137,0.0694864
-13.6788,27.8463,0.05
7.28523,23.9752,0.0701051
-4.62912,29.0213,0.0897672
-2.35264,11.9413,0.0878059
11.6474,15.7537,0.0858106
11.4328,3.23731,0.0708985
-9.4808,0.774706,0.05
-9.29808,26.3559,0.0545928
13.7663,29.6031,0.0809522
-4.08003,4.68417,0.0668154
11.3489,19.8789,0.0754601
-0.178367,1.10799,0.121124
-0.216411,15.745,0.05
3.384,3.40122,0.112562
5.22348,16.4979,0.101717
-12.7253,25.5463,0.0706012
-2.84609,14.8826,0.098377
13.6335,22.9626,0.0869161
-3.38869,22.2506,0.05
12.8633,27.0355,0.0855035
6.11025,7.81426,0.0958093
4.07475,21.6248,0.0935597
-0.663725,23.9744,0.114722
-10.4394,5.36355,0.115529
4.05632,22.4009,0.0756202
8.7214,19.2711,0.0633961
11.0798,10.5687,0.0561064
7.13544,25.9568,0.0643422
8.75827,26.465,0.0817428
11.5539,13.5134,0.095067
-1.63174,3.4263,0.0806093
-0.310567,22.2201,0.0570439
-9.89397,0.663735,0.0930037
6.92432,2.06952,0.0900725
-11.6884,25.2293,0.0583662
13.3084,11.6465,0.05
9.1068,5.29714,0.0777573
-6.07707,28.9339,0.08749
-14.9177,12.7871,0.0822547
6.70254,6.94187,0.0617562
12.0726,10.8839,0.067651
-9.06333,14.9198,0.0797457
-14.0548,16.5323,0.0705862
13.4791,16.3876,0.0878377
4.971,27.56,0.0647686
6.24088,6.43002,0.0732092
2.8677,10.0967,0.0697036
1.2427,17.4238,0.0586695
13.1915,7.07918,0.125539
-4.15396,6.72961,0.0940891
-2.56125,19.6668,0.0868231
8.61986,22.9373,0.0879658
-3.60784,17.3621,0.109758
14.95,16.0144,0.05
4.30014,10.9851,0.05
-4.50464,10.6408,0.0556538
13.2286,28.3977,0.0806774
-1.38265,25.3928,0.0663013
5.47885,22.5858,0.0921159
-3.05252,16.3215,0.089815
-1.54646,19.3221,0.0662972
-7.2804,21.9483,0.113748
9.6493,2.707,0.0884259
-6.81757,16.7555,0.108982
7.45021,24.575,0.05
-1.66901,9.01319,0.0943201
7.48749,14.1429,0.05
-11.3662,20.4394,0.05
-2.77304,2.37979,0.123613
-4.13469,28.9529,0.110055
1.45304,10.8675,0.0535869
8.40918,6.48375,0.102494
-3.7791,28.1528,0.0589682
-11.7303,10.4712,0.05
1.88288,11.189,0.0506401
-8.32838,27.2241,0.0715454
0.542116,18.6991,0.0968126
0.0488001,13.8525,0.0991482
-2.04156,11.7854,0.0783913
-14.0053,5.46288,0.0930078
-3.86946,23.8429,0.05
13.9908,10.4004,0.082651
-1.59648,15.8083,0.0916572
-1.01646,10.1527,0.0525895
-12.6678,15.6388,0.0686134
13.3496,4.74824,0.0930924
-10.663,23.1131,0.0750389
11.996,5.94158,0.05
2.07482,26.0441,0.0856501
4.47963,0.402038,0.068335
-1.98694,27.068,0.05
-12.5385,17.3521,0.05
-14.6873,29.0578,0.0974471
-2.93139,27.6095,0.0837442
12.7588,20.8333,0.0848338
-6.63779,16.0967,0.101655
9.48792,0.482978,0.070483
4.49455,11.7848,0.0544978
12.1963,28.0597,0.0584366
-3.34644,6.16058,0.05
-6.35075,8.91862,0.0848372
-3.17759,0.067393,0.0674099
2.77908,11.0966,0.0829252
-2.40842,12.1866,0.094069
7.11639,0.513424,0.0927054
11.4192,0.0928212,0.0928217
-4.14265,20.3637,0.161062
-10.4712,28.9141,0.0715017
6.62295,26.3154,0.104841
10.8513,6.63616,0.109706
-13.0006,1.76876,0.113604
2.54612,16.5255,0.069346
-6.63754,15.5635,0.107719
0.286394,3.83408,0.0590101
-14.8741,1.5302,0.125921
-7.45741,18.8316,0.0970403
0.0458897,17.216,0.069936
3.31127,20.96,0.078896
-8.93674,8.73102,0.106483
-9.69747,18.0515,0.060214
-11.4057,14.0868,0.0695729
-1.95361,5.30173,0.05
-5.86357,11.9041,0.0913624
13.3404,9.21418,0.0816683
1.21061,18.2476,0.0749009
-12.9063,25.1523,0.0666933
-7.56125,24.8496,0.0783245
2.67041,6.43403,0.0552245
13.4426,4.12637,0.0869158
6.57954,17.5094,0.0658866
-11.0642,3.708,0.0812787
-14.6372,0.109066,0.109101
-10.4081,23.6809,0.0995568
-1.58073,21.1568,0.0824054
1.50721,20.3993,0.05
-11.5914,21.6858,0.0713084
-4.05125,21.409,0.0872522
6.0445,22.5151,0.0522632
-6.1493,17.4452,0.0590028
9.53498,15.8265,0.0551975
0.544357,13.6596,0.0940815
5.39529,14.3894,0.0622042
13.2365,19.1716,0.0759156
9.45668,15.1654,0.05
10.2375,17.1963,0.0641752
4.30602,15.4804,0.0651014
-11.0762,0.720736,0.094231
-14.4413,6.93763,0.0825404
8.56848,22.7923,0.0658632
5.70743,29.599,0.101956
9.26146,12.9923,0.0506132
-7.80014,23.9562,0.0592575
-4.33656,4.35776,0.085226
-2.82327,24.1644,0.0910425
10.8842,21.3063,0.0956379
3.82429,1.66335,0.0679044
-14.4935,10.3994,0.0591818
-1.62526,13.5451,0.0798614
-10.217,14.705,0.117479
0.961104,8.16358,0.0987633
14.011,28.4054,0.05
9.01056,16.8808,0.121474
7.67187,1.86714,0.0637996
-7.87683,27.8372,0.0813057
6.5511,2.25973,0.080809
5.85002,7.70003,0.0877922
-2.64032,25.3405,0.120233
-1.07,3.14777,0.0547223
13.2318,5.54408,0.05
12.2505,19.7207,0.0720223
-2.47673,28.1368,0.06084
-14.9266,25.3558,0.0733514
-1.78117,18.7934,0.05
-1.20569,28.5468,0.05
10.3621,13.1276,0.0798018
3.1758,14.307,0.0930987
-10.8814,12.771,0.097362
-1.03969,26.2797,0.125199
3.51978,9.2336,0.107686
9.851,16.1296,0.0994648
-1.86171,26.7154,0.05
-0.546095,1.03005,0.0808755
-13.5493,28.4615,0.05
7.8184,0.718415,0.109533
-7.28765,1.33035,0.112001
11.7504,22.5916,0.123404
-1.56434,25.4502,0.124236
4.63897,15.1974,0.118427
-11.8271,3.7497,0.05
-8.26732,20.9461,0.0884668
13.3628,8.34299,0.0628437
-13.9542,17.4506,0.12666
4.23568,4.09331,0.0979567
11.182,27.7825,0.0633611
5.37426,29.4405,0.05
5.98188,5.08276,0.05
-3.88622,29.0003,0.0831757
-7.23287,24.4714,0.0815907
-6.58456,2.69895,0.0742358
4.71145,29.7161,0.0542621
-11.7322,2.29073,0.0643077
-12.5272,28.923,0.05
13.8211,25.2032,0.0684349
1.78301,28.2665,0.0616475
-9.73488,28.6655,0.0560792
14.074,9.17191,0.132792
-1.72974,10.8457,0.05
-9.68353,10.078,0.0821549
10.7011,17.3387,0.0954871
3.54698,21.3087,0.05
-14.1755,1.03092,0.0858655
-11.5627,6.90389,0.102212
6.02098,10.9687,0.0858263
7.4775,8.9376,0.0861593
12.7329,7.81752,0.107827
14.2743,28.1667,0.0979416
-4.29729,2.04549,0.0791743
-4.68882,0.455825,0.0832833
11.5477,20.4456,0.0725543
-6.51009,21.7016,0.0854201
14.1198,29.2292,0.05
-4.38055,18.7425,0.102732
-9.18952,20.7859,0.0532513
6.15994,7.95134,0.05
9.68609,26.5386,0.05
4.78976,8.69851,0.0832627
14.4975,25.9288,0.05
-3.58102,7.55606,0.05
-9.51816,16.8243,0.103049
2.47488,21.3729,0.0575695
5.31698,18.5493,0.05
-14.0876,27.0432,0.0707865
3.19224,0.722236,0.0757199
13.6657,10.896,0.0837502
-8.26203,6.0775,0.0966139
-13.9324,6.06223,0.112842
-1.36493,5.74103,0.0798918
-10.7174,23.7007,0.0650349
-1.6824,27.1677,0.103993
-4.00361,27.6466,0.0761789
1.65216,2.68522,0.0855426
8.16483,5.26592,0.0609813
14.5289,24.4326,0.0702622
-9.21169,2.85745,0.0779145
5.67933,10.5792,0.0719271
-0.709171,29.3327,0.05
-0.975705,27.1614,0.0720846
-0.139122,16.5271,0.05
-5.32218,24.8483,0.0854608
-9.33163,6.07323,0.095724
12.8082,16.4408,0.05
8.02509,10.1272,0.0787781
6.9521,16.6772,0.0986497
8.37579,0.827555,0.0755901
-6.69507,20.6249,0.05
9.407,11.1281,0.120416
-11.1281,9.66019,0.0505752
-5.14726,7.40923,0.0871078
-6.01979,12.5475,0.110515
11.4227,28.9917,0.0658231
6.45006,27.0895,0.0568241
0.67864,1.80175,0.05
-13.1577,21.1661,0.05
-11.0772,0.892553,0.0550039
-4.91306,15.8229,0.0662024
-13.3541,28.787,0.0988944
5.36325,12.9433,0.05
-0.15946,29.8016,0.0613439
-11.1081,24.2881,0.05
-2.2126,12.124,0.05
9.19301,22.1371,0.05
-9.64926,20.9194,0.0801772
-5.21044,1.64137,0.107053
-3.11611,5.18172,0.0857459
-0.822549,23.0535,0.0833901
-2.8533,16.7718,0.0702032
7.81294,23.1156,0.05
7.09124,29.0075,0.0809179
-3.23616,1.98949,0.0650826
2.97208,23.3894,0.0989381
-3.76734,26.6181,0.0978169
11.2116,11.4542,0.0795543
10.8608,19.3226,0.0526456
-1.12219,20.6921,0.0541851
6.94984,15.2356,0.0774231
-11.6516,25.9491,0.05
3.41815,9.67372,0.0831764
-6.31954,16.1122,0.0907557
-14.1811,25.3027,0.12524
9.4094,25.9968,0.0883176
14.5424,29.6916,0.05
-13.8803,28.996,0.0748389
0.200886,3.7162,0.0803488
13.9035,11.108,0.0890475
-12.8222,20.4301,0.0650275
-12.5258,20.8664,0.0785857
-0.300081,3.04132,0.115965
14.2146,25.9815,0.0643935
-3.69013,13.5,0.081226
-14.1492,9.7814,0.0983725
-5.54353,11.4657,0.05
-6.0035,6.94129,0.05
-9.72313,0.589649,0.0932487
12.423,11.2955,0.0886501
8.42021,0.449257,0.101599
1.94683,20.3396,0.0762717
-6.01549,9.68538,0.100123
0.417979,19.5072,0.0613113
-1.1978,22.3847,0.05
6.89093,24.1894,0.0929061
-0.280544,16.1996,0.0713914
6.4628,28.7652,0.104021
-8.69751,23.3419,0.0563968
12.5698,18.2572,0.05
9.12539,14.0927,0.0821908
9.76681,25.1938,0.05
6.54592,19.3547,0.0511888
-7.53399,26.1328,0.0626555
-0.916262,5.80683,0.0600172
3.45709,21.0273,0.07717
12.7397,14.7449,0.0739074
4.95927,7.77629,0.0911427
3.87193,0.696086,0.0824365
8.97644,11.3043,0.0660557
10.0709,23.7925,0.105367
9.43018,17.9323,0.0938496
9.64778,11.4687,0.05
7.09283,28.8766,0.05
13.1975,18.8162,0.0790117
14.95,17.7805,0.05
7.39101,16.4952,0.0609794
0.662445,9.06839,0.0591158
-8.93568,26.5444,0.05
-3.46558,6.82327,0.0922324
0.150863,16.2275,0.05
-13.1706,10.8557,0.0547658
13.5669,3.87975,0.111562
-0.743678,7.86394,0.0574111
10.5519,9.25489,0.0835394
-4.9093,9.81925,0.0958
-10.7529,21.5256,0.0574211
12.7817,29.8135,0.05
6.82371,23.4225,0.05
-11.9382,20.3128,0.0910391
-14.9401,4.76342,0.0599284
-7.48371,13.3686,0.05
-8.02094,29.3074,0.0849481
11.7079,8.17355,0.0870182
9.55104,24.3176,0.0860037
5.37303,18.6722,0.0794536
-13.6807,19.6368,0.0859955
-8.0675,13.1563,0.0554029
3.97189,27.9636,0.05
-2.0597,12.5636,0.05
-7.53601,20.204,0.0566216
10.6727,0.165941,0.0621083
-6.8764,21.6177,0.0702267
5.91914,23.0066,0.05
6.70086,19.1151,0.0598357
7.81912,25.3817,0.0889962
9.53531,6.14105,0.0776144
-12.7068,5.89945,0.0502708
-10.8237,20.8666,0.0921827
8.55861,19.0028,0.109628
1.91084,1.84463,0.0561116
12.1981,21.2458,0.0760469
-12.1954,15.9888,0.0719754
7.65039,6.42972,0.0604438
-11.8924,10.8557,0.0554651
-9.07402,24.6038,0.0655913
5.04292,22.2842,0.116265
-3.71844,10.8787,0.0856333
-3.34445,1.90972,0.0694319
-5.39123,26.7604,0.106045
-0.273568,24.9112,0.0896455
-7.35556,29.5354,0.0675283
-12.6543,15.8864,0.0909912
-8.8363,7.93348,0.0525657
2.34408,24.9682,0.0815726
14.2215,29.566,0.0616346
1.28052,29.01,0.0725702
2.14499,5.52673,0.057831
-0.677258,11.6693,0.0845243
-1.74941,12.0487,0.0749216
-11.6961,11.6124,0.100801
-14.6221,5.4436,0.0606267
-11.1846,19.798,0.0793505
6.63067,13.0591,0.132826
-5.82828,18.6728,0.0729251
1.58128,24.1025,0.0836801
14.5493,23.7283,0.0669372
0.527819,10.4365,0.0858387
0.530758,14.9743,0.0923492
7.09591,10.737,0.103074
-3.66015,23.8048,0.10785
11.7431,21.12,0.05
3.24303,22.7508,0.0519915
3.90249,6.46097,0.054761
-11.8598,1.96351,0.096172
12.8961,5.57954,0.0982745
6.70363,1.80296,0.05
-1.47026,19.2114,0.0680994
-6.14982,10.9596,0.0891424
7.47858,18.4692,0.0918817
-4.51646,0.629784,0.05
-1.21245,26.3783,0.0736703
-14.4835,7.27666,0.0726628
-7.8895,2.95437,0.060935
1.98729,14.7619,0.0680557
1.39968,20.7105,0.0660727
9.90765,3.86828,0.0845897
-3.60156,26.5632,0.0768017
-0.563983,6.02688,0.0630815
4.23025,20.3861,0.05
-14.6472,23.5295,0.0814187
-9.59381,12.9549,0.0728654
6.03063,17.6524,0.113161
0.408924,27.9752,0.0594698
-2.78265,23.3906,0.05
1.68338,13.0684,0.0813976
9.06121,24.3297,0.0802188
-1.05892,21.8263,0.0685434
-8.30419,7.10096,0.082258
11.2077,11.9927,0.0934805
11.7149,20.766,0.0903735
-6.42305,24.5762,0.095552
-10.6632,19.5725,0.05
0.661543,14.7967,0.05
8.54586,29.3538,0.0793642
12.5703,23.2301,0.05
7.2393,14.0292,0.123083
9.75617,13.4136,0.0511331
4.3019,26.6338,0.0634407
-8.46781,12.5271,0.05
-10.5715,4.40101,0.05
8.82867,6.53078,0.0638355
-0.155204,14.9853,0.0719042
-4.54615,23.4069,0.0830638
7.76881,1.26703,0.051425
-10.6006,2.03576,0.0546471
-10.357,4.78369,0.0581903
-11.2817,29.7376,0.0750851
-6.81028,19.8257,0.0748266
14.508,3.69387,0.0840658
-4.15128,14.0748,0.05
-9.7962,28.508,0.112898
-13.2951,6.22361,0.0831996
8.99641,9.57612,0.0754286
-13.5894,7.76602,0.0733814
-9.06793,10.1981,0.124102
8.63094,26.382,0.070235
3.18729,0.483579,0.0606434
-12.6544,7.83832,0.0802256
-4.83867,21.545,0.107773
1.42604,9.94066,0.0579742
-4.23959,21.1653,0.0917714
-11.5291,0.559029,0.0776374
13.357,5.74653,0.05
-3.61463,22.8834,0.0648854
-13.2131,7.19884,0.106428
1.00683,26.5206,0.05
4.25368,0.394396,0.0509239
-4.08879,14.4553,0.0509208
-9.50504,28.7705,0.0868862
10.2283,26.3516,0.0980073
-5.79964,12.2769,0.05
-10.0757,23.5248,0.102975
-4.37067,20.7109,0.0596191
6.84184,13.3892,0.0728094
3.06117,26.6711,0.0642687
4.79393,19.3132,0.0725907
-13.451,23.5464,0.102219
12.3601,2.91966,0.05
-1.3203,13.0104,0.109538
2.30017,8.3147,0.05
10.2792,17.4488,0.112387
-3.16285,16.6316,0.0777317
10.6552,23.7774,0.05
-5.13562,24.0146,0.05
-12.3979,22.7474,0.0607567
9.41763,24.9885,0.0564926
13.3329,3.00167,0.0547997
6.64177,20.6106,0.10645
-5.24039,9.4083,0.05
-14.95,23.551,0.05
-2.69886,10.0485,0.119525
-4.00995,4.23601,0.0951716
12.6516,8.39086,0.130109
-1.41037,9.42084,0.0816957
5.32764,26.1062,0.05
8.91159,28.6045,0.100413
-6.28365,12.1161,0.0806936
11.4268,8.40843,0.0616337
14.3524,8.27809,0.0928532
-6.22767,18.0572,0.0869832
8.48048,25.5535,0.102317
-1.8033,17.2498,0.0703952
-8.24783,6.59804,0.124265
-8.69281,22.0272,0.137655
11.6175,16.2918,0.0854037
13.7732,13.5589,0.05
-3.32965,24.1209,0.096566
12.7723,12.5198,0.0585536
7.23388,29.7857,0.10946
-12.8523,7.39987,0.0539715
-13.3171,26.6957,0.0910618
-11.4575,2.48619,0.065961
-4.10333,9.81351,0.103284
-10.4226,5.80532,0.0766703
3.39293,1.2457,0.110161
-4.679,6.85102,0.0845524
10.3236,28.2272,0.0838277
-5.81663,10.8137,0.0860371
13.8291,4.56089,0.05
7.544,16.1316,0.0816202
6.64294,5.99816,0.0918052
-7.93097,7.11373,0.0605932
-7.1582,24.0993,0.0957031
-14.6916,27.9953,0.0808318
-13.4691,7.83633,0.0659585
13.3044,2.15236,0.0974632
-2.96297,0.403283,0.05
-7.53355,17.3501,0.0729595
-3.34158,10.3082,0.0848714
1.07782,5.4367,0.0682452
-3.31476,29.3094,0.05
-2.89215,19.4802,0.05
13.9906,23.5054,0.108481
-2.81852,8.38213,0.099812
-7.42423,13.4767,0.0592458
-11.3493,27.2365,0.0896325
-1.866,25.802,0.05
-6.21844,11.9674,0.0816262
0.533973,20.0188,0.0917832
-4.04404,12.8885,0.105193
13.3068,21.1793,0.0508559
2.88456,18.9634,0.05
-9.48528,3.53541,0.0731171
-9.01644,11.3779,0.106945
-3.68846,23.6213,0.0749997
-3.79457,3.67874,0.117243
-7.16459,1.04512,0.0784264
2.24394,28.8647,0.0653625
-4.09582,23.3965,0.0730236
2.51912,2.2897,0.05
7.45549,24.0668,0.101035
-10.6532,13.0833,0.0998347
-1.39386,5.19798,0.0881773
-14.9043,21.3747,0.0956578
-5.59982,9.48891,0.0888566
-9.0055,8.4851,0.0737001
-13.6957,29.421,0.0605107
2.17816,7.38667,0.05
0.350132,0.667675,0.0685104
9.58793,7.42357,0.127474
14.4526,8.42934,0.0885866
-9.57498,12.8335,0.05
-9.70928,8.16211,0.05
2.6587,7.01143,0.0616177
-14.5592,9.24365,0.0771333
3.11041,29.789,0.0854518
-7.83036,23.2028,0.0692241
12.9111,24.6784,0.0615654
9.91728,27.1812,0.0758215
5.0676,16.7109,0.0509457
-14.4603,12.1701,0.0754677
2.7938,9.14032,0.07491
7.61166,21.9889,0.0800945
-6.85412,19.7088,0.05
6.11672,23.1906,0.0575757
12.5832,14.3918,0.122615
11.5154,25.219,0.108887
2.74487,25.1472,0.100161
4.66226,6.84793,0.05
-3.63961,26.8307,0.05
5.43719,6.28097,0.05
-7.71057,2.05753,0.05
-1.51042,16.0476,0.0792427
-0.911628,2.38804,0.0511575
7.32932,7.72119,0.0617935
12.1408,15.178,0.0673019
9.86079,17.1575,0.0860069
2.73759,26.4535,0.10142
0.0538336,17.7846,0.0545524
-3.19664,6.75542,0.0868665
-9.42984,29.2302,0.0794809
5.67327,0.0775957,0.077606
-14.6311,1.86601,0.118055
-3.15799,20.389,0.0793578
4.67771,24.1108,0.0692619
4.01507,16.3557,0.0981508
2.82045,23.7986,0.102415
-4.55792,22.606,0.0931729
12.7181,6.83925,0.0732136
-0.761,26.5806,0.0643595
-5.02352,29.1169,0.0661849
-11.3394,2.61891,0.111697
-0.911885,18.0167,0.0702388
5.55235,27.1294,0.0553562
14.5946,16.6599,0.0523793
-3.99387,15.4754,0.05
5.05568,9.16487,0.0644885
4.47122,20.6675,0.106736
-8.38063,4.03804,0.0694107
11.4408,26.338,0.115522
6.79563,9.16583,0.101636
-3.95667,11.4092,0.0584629
-13.5441,7.25391,0.0837781
-11.9316,19.096,0.0851831
1.99823,9.28671,0.05
-7.77075,27.7089,0.0662621
7.20819,3.59456,0.0597753
-12.325,13.8002,0.0579794
-12.8594,18.7625,0.126482
-9.84121,16.0331,0.05
2.33024,6.58057,0.0988013
3.79288,21.8375,0.05
11.3987,19.3474,0.0743523
2.44994,21.9757,0.0819961
14.5561,0.089947,0.089956
13.2509,12.322,0.0658949
8.20832,24.3258,0.0959147
14.1374,21.6375,0.0657625
-2.13016,16.1282,0.105186
-5.85525,20.0482,0.05
11.9305,22.6059,0.0572504
-1.07496,16.545,0.05
-6.12997,25.1496,0.0784717
-10.727,17.2408,0.0760898
0.373508,28.3581,0.05
-5.95166,25.669,0.0788261
0.365828,21.5658,0.0708521
-12.6212,16.6382,0.05
-11.7165,5.44418,0.0935284
-3.13076,13.5183,0.0806377
8.33357,8.66684,0.0693335
5.87528,7.08245,0.0923093
7.35927,28.6422,0.0749029
-4.84983,25.7928,0.0717664
5.81649,6.30199,0.112276
-14.5511,22.5325,0.0931771
4.30528,28.1945,0.0530485
13.9461,15.1447,0.087497
-5.1436,16.8914,0.103383
-2.76089,23.1541,0.0583524
-8.99413,15.7747,0.0858246
12.6962,17.5228,0.05
-9.62371,18.7184,0.0872652
-0.16288,12.1117,0.102951
11.0723,22.2321,0.0910957
4.35223,4.22962,0.0813927
11.5642,11.1539,0.103169
-3.3633,17.3313,0.0671354
12.8296,23.9614,0.0773304
2.99678,20.2404,0.05
0.821695,24.7258,0.118691
12.8595,12.8922,0.0705306
8.99723,0.783147,0.0533884
9.37658,4.54599,0.0580977
-8.15385,29.7674,0.0796821
7.33337,8.46855,0.0508791
-2.19235,17.352,0.100556
11.6877,24.132,0.105361
-3.79951,17.8599,0.0814064
4.16541,22.3086,0.0672929
8.11393,13.3377,0.0871026
-7.64019,9.61303,0.0721133
14.8053,27.5113,0.0639766
11.9114,22.7396,0.0778046
-9.45344,21.8251,0.0974018
2.87229,28.5092,0.104092
-3.60463,10.7439,0.0563109
4.59728,8.50701,0.100392
-12.3035,7.20856,0.05
-14.3866,9.24838,0.0955743
-14.9492,17.1872,0.0508269
-0.206486,9.90344,0.0990504
13.8133,27.3622,0.0996351
-5.14787,22.3848,0.067711
3.41057,7.87826,0.0931685
-7.74366,10.6037,0.0722317
13.3762,26.8239,0.06703
-12.3249,21.2543,0.106964
-12.814,27.1288,0.136258
0.288999,2.50497,0.0776504
-3.3059,26.85,0.0674225
-8.7234,9.9108,0.105941
-12.5947,2.52615,0.0556573
-8.60841,15.1019,0.0777964
-11.3028,23.653,0.11824
2.8627,17.0645,0.0730635
4.23153,8.20088,0.107779
-5.54377,7.74067,0.0825975
-13.3181,7.86041,0.0869132
-4.11123,27.8125,0.121583
-12.9455,7.87041,0.05
4.97546,28.0069,0.0775425
-5.81048,28.1479,0.0844724
7.58221,22.8652,0.112774
-7.50746,1.11512,0.0562467
-2.87806,17.6078,0.0986214
-10.8304,7.71347,0.0820402
-9.58778,26.2536,0.109594
4.73005,17.2516,0.0659178
7.22731,21.2299,0.0757965
-11.4549,17.1042,0.10404
-4.91464,1.66258,0.0784959
-1.40279,1.02699,0.0676237
5.16709,15.4278,0.0898113
6.98208,19.6161,0.05
-6.89071,17.2995,0.0909031
0.31115,17.0847,0.0713961
4.80379,12.4596,0.05
-4.34317,19.2731,0.111769
-12.4775,20.6992,0.0953848
11.4321,5.3924,0.0780017
-13.3252,4.4961,0.0684158
-5.23653,23.7625,0.0744113
-4.56123,0.796893,0.107348
-11.0146,22.0411,0.058229
1.36643,17.4045,0.0665485
-1.04249,2.44983,0.0935813
-3.52573,9.42711,0.0668863
13.5794,18.1028,0.085376
-9.98551,21.7263,0.05
7.66623,5.09809,0.05
-6.98492,16.7019,0.0667329
14.538,9.95695,0.05
10.3789,3.6159,0.05
9.92058,0.0872563,0.0872742
-11.5308,9.80583,0.067092
6.36947,13.8667,0.0553874
-6.43091,3.06432,0.131806
12.9035,2.38943,0.129119
-11.0484,8.83139,0.05
5.2772,18.4575,0.05
4.5626,27.4401,0.109
13.0078,27.6637,0.0717302
-14.9439,19.6498,0.0561005
-11.6619,14.3347,0.0625055
3.15169,25.6136,0.05
9.62206,8.55843,0.115587
-8.01323,17.4755,0.0856871
-14.4184,27.9172,0.05
-3.3611,18.2501,0.0664482
7.9916,6.86037,0.117
12.243,9.76555,0.0779116
-13.1825,5.76362,0.0725
7.24605,23.5746,0.0672042
5.53852,15.8016,0.05
3.75624,0.382499,0.0678541
8.39006,8.28643,0.10538
-2.82832,19.25,0.0538422
-5.04586,13.9991,0.0610826
-10.181,8.62712,0.105913
-8.46796,8.15688,0.0826382
-10.5421,1.17272,0.0818822
-4.34587,5.72033,0.0943939
0.219901,2.63223,0.0671674
3.81655,22.79,0.0638954
-10.012,5.16159,0.0921998
-13.358,0.377299,0.0510608
4.92317,23.1545,0.0626701
0.419913,23.8472,0.113905
-3.3502,18.5575,0.0932373
-2.01925,14.8574,0.0929411
-13.0385,25.1385,0.0661755
11.7703,9.83398,0.09651
-11.2157,15.529,0.121893
12.372,17.2424,0.0564076
-8.87786,8.91194,0.0837692
-14.0218,21.5101,0.082955
6.49976,9.6982,0.0871958
8.73469,28.7501,0.108686
10.5272,22.069,0.0554584
12.4633,0.436301,0.106662
-12.3119,3.16771,0.05
8.07108,4.08936,0.0609948
-1.93745,6.30294,0.0745606
-5.81114,28.004,0.05
11.0087,1.92944,0.0689187
14.949,28.684,0.0509728
11.3407,17.9341,0.103657
2.73347,16.5887,0.11875
-4.68659,29.847,0.0965517
-0.301105,2.34151,0.0862611
0.503664,18.2362,0.081964
-9.98845,22.314,0.0961876
-9.43549,26.8282,0.110128
10.1972,12.9422,0.0619952
12.5518,4.41449,0.0843267
-10.9021,9.93681,0.0802429
7.21521,11.0439,0.0502691
-5.2142,12.8539,0.05
-3.82565,7.71407,0.089984
3.20254,10.0527,0.05
11.5022,7.40009,0.0588068
0.338571,12.0579,0.05
-4.34654,29.2418,0.0984395
-14.95,4.22542,0.05
14.2602,19.6494,0.0980874
3.9054,11.9863,0.0628195
-0.4145,4.26201,0.0853237
1.16445,0.464615,0.0737915
-13.1836,21.4987,0.0529723
-2.65571,12.1431,0.0836768
14.4735,3.32133,0.0567658
-2.82819,16.9433,0.103063
13.4692,0.0499998,0.05
-1.11239,11.7887,0.0568219
1.53585,15.9558,0.0569196
14.7147,8.12111,0.114959
14.0625,27.8297,0.05
-13.4452,28.1166,0.0858165
-9.72484,29.1479,0.0569834
-1.74433,5.09976,0.0793853
9.85986,10.4046,0.05
-1.7384,4.67106,0.0872638
7.96165,15.8471,0.130158
4.35002,20.2855,0.106353
3.30852,13.4888,0.0613868
-0.752571,10.0127,0.05
2.38776,7.30727,0.05
-2.83902,11.6949,0.112336
2.37164,23.6624,0.0660045
14.9225,24.7262,0.0774483
-7.94109,8.47807,0.0812523
6.7834,3.55878,0.0680215
-6.98622,10.0218,0.0606188
8.39492,25.0881,0.05
-0.852282,27.8093,0.05
9.57142,3.78332,0.0555799
-7.42634,5.40868,0.0751813
-4.28492,11.3003,0.0756355
5.35721,6.84184,0.05
-2.49175,22.0449,0.122982
11.4629,0.297116,0.0583033
-2.37255,3.00315,0.05
5.96325,28.2842,0.0553284
-4.0705,23.5304,0.0632483
7.42812,22.971,0.0625847
2.69749,19.7157,0.106309
4.775,14.4301,0.0734499
-7.97862,12.0356,0.0575694
11.7284,5.38861,0.0602267
-12.2062,9.93373,0.0986065
-9.40546,20.2373,0.082877
-8.58807,15.9346,0.0697037
-2.10682,2.94741,0.0835808
7.08456,12.7777,0.101194
-0.507493,6.51366,0.0872785
-12.6161,12.5964,0.0941116
8.13032,25.3791,0.083227
-13.7907,23.7385,0.0973972
4.77056,27.2794,0.05
1.75551,25.5707,0.0976259
4.33502,26.9742,0.0676786
7.08182,6.31242,0.05
0.335004,0.885995,0.0586993
-1.16839,12.5396,0.0704879
10.1992,16.8585,0.0959395
9.68388,20.5143,0.122339
13.7015,10.0024,0.0627746
9.15399,3.40903,0.067965
-10.007,0.352794,0.0805572
5.41989,29.8315,0.05
4.58677,19.9957,0.112312
-8.53154,27.7712,0.0639113
-1.56748,28.3715,0.0890571
6.77075,3.82843,0.0903882
4.62986,6.07601,0.0500245
-12.9744,20.471,0.0926044
10.2408,17.6897,0.131499
-2.87299,13.3398,0.0637616
-5.53737,7.03888,0.0599277
-14.95,27.6087,0.05
12.2814,27.1837,0.0842227
12.563,20.496,0.0606615
-11.9227,7.86337,0.0545897
-3.6427,17.1692,0.0862547
10.5312,12.62,0.0784018
-3.99841,12.0591,0.113887
6.60293,12.2853,0.0548738
2.22865,21.8694,0.0887887
-14.7854,24.5941,0.0767054
-10.8966,11.8617,0.102473
-6.93497,17.8586,0.0722264
-8.76106,1.37155,0.0756865
7.89876,22.3979,0.0812234
6.87718,27.0142,0.107992
-13.525,0.236215,0.0721844
-6.49192,25.2082,0.0858965
-6.1275,26.3867,0.0804332
14.5666,21.5483,0.075861
-11.9998,9.17793,0.05
6.07131,11.9393,0.05
4.68051,7.27111,0.0912884
14.283,14.015,0.0757442
-0.96556,27.9606,0.128377
-6.98189,8.7295,0.05
9.63979,11.3235,0.0953957
-12.4031,23.722,0.083374
13.5216,29.5084,0.0751642
3.73974,11.4762,0.0819764
9.40645,13.3945,0.0940364
-4.8053,8.95562,0.123188
8.87059,11.7494,0.05
-7.09015,25.6329,0.0618539
-1.93926,23.4375,0.102662
4.64493,4.78978,0.0969873
-7.96142,16.6061,0.05
1.40583,22.3226,0.0657292
9.27856,9.49319,0.0751205
4.39358,14.5808,0.123398
-6.22093,1.0672,0.0923772
-13.411,25.2457,0.1396
5.35764,10.0969,0.092917
-5.46913,23.603,0.104143
-12.9465,15.1558,0.0922312
6.54097,13.6973,0.0619642
11.9429,8.78679,0.0920582
-5.05828,2.80073,0.0640396
-3.71499,12.2426,0.0686383
-14.9239,16.8436,0.0737486
-10.4169,25.228,0.05
13.6534,17.5581,0.0702954
9.91699,1.06325,0.0611749
2.16708,22.3397,0.0557786
-2.78643,12.7306,0.05
-8.72089,0.963588,0.056049
12.8621,2.5637,0.05
9.49967,18.7822,0.113117
-8.97581,0.730382,0.0689404
5.50005,0.489872,0.104275
1.3665,8.08876,0.0942127
-9.49196,21.9831,0.0651739
-0.495433,26.6155,0.0823741
-8.93527,0.0499977,0.05
-8.29596,3.72562,0.129106
0.864424,27.5013,0.05
13.2731,16.1143,0.0723281
-10.4451,14.5036,0.0765565
4.57093,3.15749,0.0875411
-0.900536,27.675,0.05
12.4837,26.3,0.0680225
-2.90185,12.1345,0.05
7.51195,7.45341,0.110617
6.11934,10.6129,0.0781863
12.7346,3.35298,0.0749157
7.34812,13.5201,0.104365
13.178,13.3615,0.0593538
-8.40241,27.5425,0.0690172
-1.84292,20.4112,0.0637718
13.057,29.6148,0.0977048
-12.079,4.41112,0.113347
7.22357,7.59645,0.101737
9.56053,25.9891,0.0629736
-9.30424,9.12882,0.0696841
7.61975,4.99073,0.066989
5.72502,3.01179,0.101595
-9.80479,20.8684,0.0669313
-4.08334,19.9047,0.0903251
6.2397,29.5587,0.101227
6.62568,4.82828,0.0667457
-13.8641,25.6066,0.077283
-4.11514,7.13297,0.0766295
-1.81726,10.4289,0.0672516
-0.880043,3.03037,0.0758039
-5.56307,2.12432,0.113573
-9.97793,11.0837,0.0654565
-10.0189,10.3237,0.0905221
5.26236,4.25233,0.0850503
8.0619,25.9076,0.0872275
-2.46924,23.4896,0.0759712
-8.32864,6.95735,0.0634172
-2.97998,25.5737,0.059943
-5.58236,2.89597,0.0774367
6.77703,9.43976,0.0712482
-8.87171,5.4466,0.0985547
-2.85623,24.4157,0.0913425
-9.97855,9.20513,0.0608411
-8.56274,12.7942,0.0870394
-6.40127,19.301,0.0709315
10.5644,6.73639,0.115496
4.64515,19.4308,0.087389
-3.55855,1.60029,0.0562417
8.24262,0.471546,0.0774004
-2.11584,13.9087,0.0971811
8.3488,29.3623,0.05
-10.7051,11.7886,0.0950756
10.0289,27.0068,0.0789781
-8.6312,17.9014,0.0782577
0.0937491,10.0726,0.10896
-13.5314,21.6875,0.111358
3.05909,14.5655,0.0714067
-13.5531,18.0161,0.112787
-2.57226,22.7842,0.05
-14.0633,0.605161,0.0949964
-10.5013,12.9767,0.0858039
12.4316,14.5084,0.0686471
3.38707,3.73265,0.0818003
-10.0905,1.92881,0.0784245
-9.9346,21.4583,0.0942293
10.7835,20.9418,0.0923945
-6.85972,3.40408,0.076373
-13.7036,4.84681,0.113116
4.46678,27.0534,0.0795356
0.146956,3.87343,0.0858858
5.1946,26.4246,0.088557
-14.8805,13.9493,0.119537
-0.371573,26.6623,0.05
-2.14377,24.6457,0.115713
-0.446238,11.5666,0.0660511
3.40711,21.3596,0.0699914
10.9033,8.88803,0.0982316
4.45024,25.311,0.077549
-9.30753,5.55777,0.0637713
8.09965,3.55275,0.0811141
2.58738,0.326075,0.0543754
-10.8089,25.2598,0.0731564
13.1169,23.5035,0.0709783
-4.7764,9.72024,0.0699223
11.8509,23.0596,0.0783109
6.50828,21.1385,0.0570306
2.0131,16.6389,0.0959947
1.09959,4.07357,0.0684013
-3.80167,11.9723,0.0855664
7.7785,1.16612,0.05
14.0642,19.6,0.104085
1.7923,13.6263,0.108738
-8.69095,28.2362,0.116199
14.9178,8.88173,0.0822067
9.01576,8.01386,0.0724049
-9.60007,5.91187,0.110461
13.3037,24.2613,0.120468
-12.2611,11.4481,0.0927478
-9.19838,8.2419,0.0760059
13.4595,21.5656,0.0942098
10.2643,2.14136,0.0825309
-7.59589,16.6166,0.0511396
0.708155,7.84801,0.083839
-1.02244,4.31322,0.0726061
6.94934,21.9537,0.0691147
6.14044,2.72795,0.0723457
6.55922,20.354,0.112844
-9.08459,2.03535,0.113153
-3.08763,13.7768,0.101054
-5.30595,0.0956796,0.0956871
-3.08147,8.32364,0.0893895
11.8134,3.03931,0.107191
13.7154,19.4478,0.0645083
3.568,29.6764,0.05
3.30713,18.1922,0.05
-11.4937,23.2734,0.0913722
10.8829,25.332,0.05
-7.32952,24.5896,0.0710685
9.95309,21.0033,0.0596565
-6.86405,14.5899,0.05
1.02453,12.8963,0.0771584
13.5435,19.4027,0.101385
0.190239,24.7279,0.116938
0.913061,8.9407,0.0647728
-4.51576,14.4687,0.05
11.3829,5.02227,0.0733083
7.30443,5.38065,0.113812
11.3497,29.7867,0.059327
-2.45351,25.4931,0.106904
9.6756,24.9007,0.098562
-13.6478,29.821,0.0612003
5.37452,26.3947,0.0837132
6.81925,14.8963,0.0795045
-12.0406,23.6563,0.062428
-11.2819,6.72633,0.0777689
7.753,4.64695,0.05
2.46237,29.6105,0.05
5.72665,27.6639,0.0646561
-7.21653,7.77854,0.0616382
2.92477,8.73009,0.05
0.640287,26.1719,0.0761825
-12.5474,17.5397,0.05
-13.2985,27.116,0.0703871
1.93247,8.71379,0.111151
-5.51321,3.25385,0.0953996
-5.76591,16.0723,0.0547589
8.83007,7.30746,0.05
12.5718,11.345,0.0681024
-13.6639,3.00778,0.0903616
-10.8264,0.840806,0.064746
10.8218,1.75187,0.154127
6.35271,11.0424,0.0886489
6.89655,14.7765,0.0630311
-6.50556,3.8985,0.0968513
-0.12316,29.9483,0.0897269
-3.46893,15.6648,0.0592213
-10.3673,19.354,0.0628327
10.525,3.43291,0.0517301
-6.37148,25.2775,0.05
4.37361,27.3366,0.0712308
-2.84806,10.9757,0.0678184
-13.1218,19.4587,0.0823238
-6.36011,26.7321,0.0777062
12.9515,18.3467,0.132646
-14.48,3.25548,0.0521533
-3.00303,24.2684,0.116592
-3.69939,2.9971,0.0632495
8.5939,0.0572419,0.0572438
-7.69606,20.5553,0.0982983
0.337149,6.27882,0.0605286
14.7146,23.5339,0.104043
-11.2703,7.73844,0.05
12.1211,27.0741,0.058724
-10.3706,0.251452,0.05
8.86374,12.1255,0.0732247
-5.93368,1.65989,0.0881401
2.77322,18.9787,0.0623797
-6.41542,20.6405,0.0534598
-1.9702,19.6126,0.0826142
7.67421,2.08605,0.0554288
9.73672,26.1174,0.05
7.58594,15.9628,0.0923219
-6.76111,3.53848,0.09034
-2.38286,21.9083,0.0507493
-11.7277,27.8765,0.122875
10.248,19.13,0.127419
8.89261,10.409,0.05
6.71077,29.9693,0.05
-10.6407,4.95956,0.0747674
13.0631,17.9018,0.0659471
-12.7809,28.8083,0.0731873
7.66075,29.4082,0.05
-1.75122,5.52259,0.05
-4.3188,10.5768,0.0834953
0.135369,17.8722,0.0651143
13.336,6.0409,0.0735775
3.55662,22.2424,0.05
-7.79515,3.60079,0.09595
-11.5418,24.4928,0.0860309
-0.104308,13.9427,0.05
-4.18633,23.9117,0.0897114
9.26332,27.6672,0.05
0.0478154,28.1721,0.05
-14.8439,27.9863,0.0625286
10.7264,24.3494,0.066585
0.967131,3.08965,0.10618
14.4156,28.3804,0.05
-12.5099,7.12005,0.0555365
-1.04568,11.1749,0.0731334
6.85682,1.35711,0.083512
-14.2707,12.5372,0.0954732
-5.50585,29.1004,0.0759882
0.470433,20.3437,0.0944998
10.5465,5.69455,0.0848741
7.18447,13.4956,0.061056
5.58684,8.2012,0.0776018
3.22676,8.28673,0.054744
12.6457,7.63959,0.0903257
7.49661,28.5776,0.0768571
-13.3323,16.3123,0.113083
2.02729,8.13001,0.0585052
-2.24504,16.7123,0.0803249
5.74666,29.9871,0.0577055
-5.71115,8.28182,0.0716304
8.63736,9.70436,0.0606783
-14.4617,21.8214,0.129248
4.15808,28.8255,0.0908985
0.578917,29.6746,0.0758917
-13.0512,15.9134,0.0664943
-0.705827,3.51288,0.0839442
-9.47667,24.6784,0.132906
5.34131,21.3042,0.0954528
-8.92781,23.4463,0.0944989
12.7121,1.74046,0.0909906
6.96527,9.29413,0.097421
-10.4636,20.6228,0.05
-10.5596,20.3616,0.105204
14.18,16.7268,0.0793792
7.82728,18.3684,0.0925314
2.06652,9.16032,0.0875138
-1.92964,5.83151,0.0905082
8.66799,2.71387,0.076932
10.9833,29.2151,0.0913878
-3.74017,23.0703,0.0603357
-7.63009,21.6165,0.0545708
-0.984773,7.91032,0.0795291
-1.2343,27.126,0.0915158
-3.42991,20.6824,0.0901701
4.2733,23.6581,0.05
-2.67414,9.84865,0.0818492
11.7691,1.41036,0.0885355
2.91394,21.2667,0.05
-13.6133,12.0493,0.05
-4.7804,16.7668,0.0933396
4.67954,28.4802,0.0784329
5.33549,12.3899,0.102126
-1.50023,14.7942,0.0940525
-8.00851,26.3805,0.05
4.86439,7.61714,0.0941477
-13.828,2.14878,0.0733852
9.06525,12.1472,0.10285
-11.09,18.6793,0.05
8.83133,18.3447,0.122535
-4.93618,1.47705,0.0672373
13.1559,20.7845,0.0741985
-5.63659,4.68368,0.122796
-1.25007,21.1068,0.0589634
-0.656632,28.627,0.0874348
-8.76881,7.12612,0.0662999
-8.77581,27.2262,0.0793704
-7.89551,17.7968,0.0715038
-6.24257,4.3936,0.0613035
-6.84206,13.8299,0.0782594
-5.36904,8.87317,0.109789
2.26289,5.79759,0.0556941
1.60443,15.2946,0.0620998
5.37954,1.48622,0.057645
1.68401,2.81692,0.05
3.7438,27.1598,0.0775776
-3.82986,28.4168,0.05
-4.4651,18.5976,0.0649898
5.52395,6.58546,0.0635242
13.4918,24.2252,0.0711036
8.03386,20.2371,0.05
-0.793458,29.9133,0.05
-1.74438,20.1031,0.10911
0.103849,28.7159,0.05
13.0681,11.0965,0.0747137
4.65521,20.8128,0.0629217
-3.18384,9.52155,0.0941892
11.5565,21.7178,0.05
5.93695,8.49329,0.0619338
3.37414,11.8225,0.102284
6.24653,1.73516,0.05
11.6122,16.8137,0.106785
9.21771,13.7981,0.05
5.54474,26.3403,0.0949894
-11.8754,8.09952,0.0598989
-12.7985,29.6042,0.0549811
13.87,7.08323,0.05
-13.9947,16.3854,0.0882176
10.53,16.5173,0.0740301
-8.19505,11.1721,0.110375
14.4725,21.4614,0.052192
11.3305,27.8154,0.0880804
8.60894,20.8281,0.0821153
4.27559,22.2183,0.0699917
9.00463,17.8354,0.0803998
5.02673,13.5205,0.0957617
-9.82022,28.79,0.0770187
-12.17,8.35465,0.05137
-12.1926,11.2648,0.0993206
11.6292,9.71647,0.0613428
6.60435,19.4779,0.0692727
-12.1357,16.8264,0.0656533
7.3982,14.5758,0.0581813
-3.72526,13.0811,0.10498
-3.8829,24.5362,0.0748823
-1.22195,12.0796,0.121691
-11.0204,9.82679,0.0812853
-9.73622,4.08492,0.0515844
-13.0759,21.2236,0.05
-5.02211,7.27159,0.0961605
-0.659091,2.14558,0.050132
4.16395,13.9717,0.0797158
-2.18509,16.8435,0.05
8.09632,26.1427,0.0817846
-3.04806,26.265,0.0844105
-0.322416,5.57912,0.0628209
4.56196,11.4515,0.05
4.26375,17.341,0.060729
0.645565,16.6044,0.0873675
-5.86943,15.2634,0.0692533
-6.47165,15.4302,0.0778264
-9.18374,27.1228,0.0524493
-7.91858,14.9588,0.0784056
-0.0390698,14.3555,0.100082
-11.8764,11.386,0.0886489
3.11676,2.48702,0.0948871
-0.576742,13.6612,0.074356
-1.92663,15.8804,0.0651492
10.1475,1.17091,0.0836696
14.2791,29.9489,0.113717
-1.94908,21.7911,0.091235
-11.973,8.89554,0.0871257
-2.86418,1.81646,0.0680077
-12.5638,2.06924,0.0548534
-4.80445,8.71091,0.0735132
4.86712,24.515,0.05
-0.43294,5.12026,0.0825953
-7.20555,6.09983,0.121627
-6.80806,14.298,0.106722
1.23586,29.7348,0.096965
-3.46991,19.5645,0.0860012
11.7323,25.6694,0.0953044
7.73581,12.2039,0.05
12.3396,21.4507,0.05
10.3873,4.83733,0.0626023
2.36725,10.1334,0.103151
-0.220018,0.545762,0.095499
-6.09576,0.129365,0.0539983
-11.2927,9.42876,0.0963958
1.11485,8.22064,0.0652284
8.68115,4.29344,0.0578846
13.999,14.4633,0.0914296
-1.48706,15.1275,0.0845121
-3.92085,9.53768,0.116997
-12.493,21.1064,0.117018
8.06347,19.9342,0.0777801
14.6202,3.08808,0.0944767
2.83434,3.25308,0.0824874
5.54843,13.5568,0.108444
-7.15643,10.6988,0.05
6.50226,6.01761,0.05
4.41713,13.8213,0.0942446
-11.1572,1.46637,0.0938649
-12.568,7.26826,0.103652
-6.1559,4.98202,0.0844753
1.46316,7.29381,0.102341
-1.56532,1.07448,0.101714
12.4714,24.2078,0.0710195
-4.19746,3.12946,0.11367
-7.19985,28.2606,0.121138
2.88255,8.22403,0.0756756
3.85098,16.5364,0.0706374
-7.05296,1.50352,0.05
10.2079,28.0405,0.05
-1.43009,1.62097,0.0657187
4.84926,11.5386,0.0586099
-8.86876,24.6473,0.05
0.230644,4.48743,0.0654574
14.95,13.1406,0.05
-14.9424,22.1375,0.0576442
-14.0026,26.9515,0.0542409
-1.77097,10.9368,0.05
-10.6795,29.9933,0.073694
6.96949,14.4045,0.05
13.0244,28.8632,0.0724604
-11.5425,16.7385,0.113698
5.27418,15.595,0.108756
-6.98868,21.3076,0.0853904
0.0233478,9.72368,0.0597187
0.152194,14.3615,0.0912758
2.14222,24.7178,0.0768751
3.05069,23.2501,0.0610575
-8.02209,24.3616,0.0944602
10.7164,9.77292,0.102923
-4.1008,23.0419,0.0798186
-2.10801,15.6691,0.0921934
-12.093,7.28766,0.0776771
11.9976,6.14386,0.121952
-5.74042,3.13512,0.05
-1.28472,9.8457,0.121767
8.31123,24.6275,0.072875
5.64516,23.1927,0.0911482
13.0915,3.55279,0.05
-1.83181,10.3126,0.05
-12.3253,11.9067,0.0815263
3.35,1.66396,0.05
8.61043,6.4553,0.0738572
-2.59317,3.91873,0.0913437
-0.533836,8.42157,0.05
5.67762,15.4552,0.0814064
-10.7048,17.9669,0.088892
-6.21364,17.1952,0.0735158
5.37196,15.0045,0.075514
14.4441,2.37451,0.093244
14.9443,18.6535,0.0557496
11.7818,17.7139,0.107964
2.48976,10.5191,0.05
-14.9032,28.188,0.0968145
-8.40922,26.1807,0.0534302
-3.61905,4.50758,0.0754249
10.5872,17.8148,0.051142
-3.05734,9.88189,0.0784893
-0.0462664,9.11387,0.0571214
11.7947,29.9504,0.0538488
3.90144,9.99474,0.0630706
2.91094,9.35732,0.0854828
-9.09435,28.7461,0.0665827
1.58988,0.0851639,0.0851643
-4.37854,21.2272,0.0603626
10.227,5.66503,0.065515
-5.37869,25.7617,0.0793045
-0.0409899,24.2208,0.0748447
9.18499,12.6935,0.0731012
12.4142,8.94307,0.05
13.9478,4.5066,0.0805566
-11.5092,8.13916,0.116632
-13.2661,22.4057,0.0514491
4.68949,12.9216,0.0749139
-6.1306,15.0881,0.0862455
13.9083,9.99014,0.05
8.75855,10.2118,0.0509557
-1.94073,14.2654,0.0522262
-1.67293,15.2983,0.05
-1.10796,25.0337,0.0914278
-6.6558,9.13296,0.11584
-1.07655,27.7972,0.0692172
11.1251,26.9719,0.0954212
-10.2452,0.95223,0.102809
-14.2285,1.68448,0.085444
9.77133,1.82492,0.100626
-11.2122,22.5193,0.101465
3.02128,15.2534,0.0791794
10.3198,4.95282,0.071148
0.988063,28.44,0.0569734
-8.36896,22.6931,0.108688
5.48365,26.9259,0.0762094
5.83317,26.8661,0.0524223
12.0193,7.74902,0.111599
-10.9825,19.3695,0.083248
-3.0484,23.106,0.0731112
-12.4316,8.76906,0.0825131
9.38076,4.93154,0.0619373
9.95078,13.315,0.05
-7.82362,11.4221,0.0566457
-4.00341,17.2852,0.0922555
-2.10685,28.8637,0.0990425
-12.6101,1.1598,0.0848409
-4.02708,24.6009,0.082846
-5.68288,9.60429,0.0533076
-4.70219,29.4217,0.0827069
-3.87323,27.9968,0.05
-10.7436,18.1003,0.05
2.76224,3.55551,0.0669766
5.619,19.9482,0.05
-7.90049,10.6375,0.0882013
-2.76285,20.4174,0.0633352
9.24281,18.4331,0.0860328
-7.92399,13.1988,0.0942496
2.64245,6.56558,0.0792748
-4.38977,25.942,0.0704012
11.1678,21.3069,0.0748787
10.8297,23.9207,0.10725
-3.76971,18.8581,0.0995015
-9.97575,12.6212,0.0944713
-11.9805,21.6092,0.0650506
6.46052,27.479,0.0794652
-1.95357,8.49971,0.0681663
6.66246,3.54977,0.0532562
10.8424,13.3475,0.0906327
-14.0022,22.7206,0.0537676
14.6526,15.8567,0.127564
13.884,29.3512,0.05
10.6834,10.3521,0.0710188
-6.3155,8.75935,0.0588145
12.4491,14.863,0.0567881
0.933559,4.44602,0.0831933
-9.3631,2.42439,0.0975076
-1.17334,11.2385,0.0694792
5.79847,22.0229,0.0951262
1.44756,16.5187,0.0582988
12.995,4.74799,0.0816375
-10.1289,6.57526,0.097074
-8.09503,16.1586,0.101294
-12.3434,4.18551,0.0698362
-4.1919,22.36,0.0648182
7.19678,12.0887,0.061028
-7.32442,8.35213,0.0562296
12.6105,28.7996,0.0531917
-10.8646,14.7159,0.0503742
14.3413,12.9985,0.0865749
-14.1007,9.09567,0.102354
-13.5677,16.9487,0.0922452
-13.6566,16.4613,0.133165
-10.1438,0.266121,0.0813295
-14.5131,26.8703,0.0586975
-3.7383,17.725,0.0667754
0.0639878,25.9853,0.106962
-2.87151,15.8092,0.0669609
-0.929446,25.023,0.0874121
-10.8502,15.803,0.0671763
2.34976,19.875,0.0819387
10.743,18.412,0.0802552
-10.0177,8.97378,0.0744882
2.86981,20.0568,0.0932525
6.9205,7.20106,0.0584998
-7.88473,17.6151,0.05
5.96862,10.5966,0.0734236
-6.74724,19.9918,0.0529985
7.33076,16.402,0.05
0.670442,9.2277,0.0965184
2.69876,27.3754,0.0796108
-10.722,25.0015,0.0711754
0.299554,1.15022,0.0548617
-13.8989,3.85708,0.100968
0.259589,17.809,0.0742839
-13.9253,9.51324,0.127029
5.60945,5.34077,0.100005
13.9488,17.6081,0.05
13.7918,22.8564,0.074485
-9.88454,5.03987,0.0840222
-0.859046,28.9191,0.0679532
-2.00094,21.3049,0.0553163
3.90572,13.933,0.084536
8.71136,14.9275,0.095467
-5.31496,21.3557,0.05
13.3264,12.0314,0.139677
-10.2434,14.8704,0.05
-12.126,22.3467,0.0823968
12.6726,15.7007,0.0818952
11.225,14.8618,0.0553259
6.69409,2.35178,0.0892653
10.0848,3.85331,0.061735
6.05477,14.0799,0.0741029
-10.794,24.5174,0.0802539
-5.12881,9.91443,0.0787058
2.72117,7.15774,0.0974759
-11.2812,21.9267,0.116381
12.9573,26.9172,0.0630733
2.73235,10.0648,0.0674205
-4.19385,26.0451,0.0930832
13.8611,1.16722,0.05
-9.75676,10.2792,0.05
-2.08127,22.9461,0.0604309
-1.07959,19.4835,0.0806339
13.3585,13.2668,0.05
-4.10846,23.1804,0.0588792
4.23033,10.8937,0.0649803
12.0864,21.4835,0.0946326
7.80285,6.62165,0.1215
2.16644,14.982,0.0595085
-14.5412,28.1437,0.05
-0.475905,27.2463,0.0639591
-3.00665,11.06,0.062104
10.9752,6.51946,0.0605553
-5.83658,4.63899,0.0821279
10.9463,20.5447,0.0544571
4.83551,28.6055,0.121639
11.9404,25.4182,0.0815065
0.565368,26.317,0.0871193
14.0762,6.22504,0.05
14.0429,11.4677,0.0947553
-3.56105,6.9644,0.078164
14.2737,9.33345,0.112121
-12.2792,25.0447,0.0834344
13.6652,3.04219,0.05
-5.89495,8.73977,0.0862434
4.1327,12.3174,0.0977506
-8.89575,1.98845,0.0814514
-7.9299,20.0686,0.061975
2.42397,1.10145,0.0795281
14.0304,11.9009,0.05
-11.0007,3.97298,0.0571013
3.121,19.9881,0.0566541
9.54704,6.9932,0.103403
-6.49307,18.51,0.104281
-9.45118,9.13284,0.05
-0.0864603,17.1223,0.0921992
8.25597,3.26569,0.0843747
11.7045,17.295,0.0500607
-9.37388,13.969,0.0721647
1.98288,27.7452,0.0715346
-11.5838,7.30608,0.0725789
11.8115,1.21949,0.0693419
-10.2599,4.43075,0.115525
-12.7482,18.5474,0.0670615
3.94302,22.8857,0.0946807
3.93267,20.7708,0.0743717
-6.91893,26.9512,0.0693579
-1.17436,8.67514,0.0694881
-13.3956,8.91866,0.092562
6.48892,2.57152,0.0728538
2.98687,8.60739,0.0874792
-7.45708,16.4599,0.05
9.10391,6.04554,0.0827484
-1.42567,15.3846,0.0877701
0.604459,3.57107,0.0717761
-4.87339,13.7198,0.107129
5.67015,6.22803,0.0516988
14.3791,23.8557,0.066388
-2.11491,5.46486,0.119042
-4.11928,27.5373,0.0785802
-11.5808,2.41537,0.0695371
-12.8173,18.2154,0.0960044
-14.4446,28.9877,0.0774663
-13.3539,15.5429,0.054948
-14.9159,14.3692,0.0841217
2.49806,10.6188,0.05
-0.0943155,17.2768,0.0625118
-10.7963,25.7234,0.0659858
-3.53036,13.9996,0.0829626
-10.4727,8.82024,0.064034
-6.07674,7.2657,0.0596208
-1.81306,9.68,0.0592641
8.28825,7.78181,0.0511341
-0.960233,9.67974,0.0911693
-4.12729,3.52171,0.05
5.34593,18.0209,0.0820647
-2.0019,9.61083,0.0716566
8.55993,21.5319,0.0794315
10.0418,9.26111,0.0611763
3.50093,7.08276,0.05
-13.035,18.4869,0.0833924
5.03282,15.05,0.05
-8.97334,28.9479,0.0759809
-6.70458,0.217473,0.0879068
-5.10984,1.11362,0.0729696
13.5315,10.5941,0.0514013
14.0611,3.82794,0.10843
12.8279,6.61368,0.100083
-5.84356,16.9499,0.0687383
0.409714,27.2009,0.0831006
-7.56461,14.1193,0.114115
-14.4601,17.9682,0.0825293
-8.23997,24.6019,0.0818182
9.17406,6.70948,0.0931399
3.40149,27.2344,0.062473
-9.44283,6.80795,0.0895067
14.5141,8.79848,0.064758
-2.62754,15.7034,0.068319
-13.2148,2.89414,0.0530151
-2.78104,27.7698,0.11018
14.0695,20.0977,0.12583
10.4835,23.8542,0.0951726
13.1309,5.96073,0.0897187
3.68045,5.22991,0.094786
-12.6148,5.61977,0.0635288
13.5177,6.31388,0.0788457
-0.705462,6.82496,0.0572048
-2.61941,26.5983,0.0768355
-1.7973,8.13336,0.086691
13.2764,23.715,0.052536
9.51701,3.51643,0.0861481
8.50047,0.812489,0.05
-4.40959,25.5158,0.129761
5.70589,28.2103,0.05
11.6208,22.421,0.0908836
-14.9445,12.9222,0.0554892
-14.3695,13.8867,0.0914132
0.0865562,16.3597,0.0970497
5.17991,21.3928,0.0886448
-2.16303,19.2708,0.0774054
8.47538,18.4306,0.0576949
-12.553,22.2013,0.0980918
-1.44738,17.5868,0.0761105
-6.32637,6.53642,0.0719877
-12.3307,14.7279,0.0742641
4.00098,15.6131,0.0821817
-12.4121,3.0551,0.05
0.320633,1.43539,0.095866
13.2926,24.4475,0.0660004
-8.7903,11.2624,0.05
5.64588,15.8646,0.0744998
9.14234,16.0126,0.0555213
-13.5203,11.9743,0.0694293
3.10763,10.5332,0.0740567
-1.14292,27.633,0.107824
-7.34,13.2085,0.0767186
-12.4934,7.85312,0.0814439
-13.8969,12.2185,0.05
-0.466037,12.9748,0.0903617
-12.9648,19.3647,0.0793419
2.23285,24.5751,0.092117
2.65162,26.1035,0.0932524
7.65376,12.5515,0.116111
8.57925,26.5714,0.05
0.240553,0.776472,0.0859271
-3.87189,10.9588,0.0720458
-0.822746,1.95422,0.0695202
11.692,14.2887,0.05
0.469232,22.5944,0.0758352
0.887706,19.6811,0.11204
6.98205,4.74938,0.05
3.11424,25.1102,0.05
-10.4416,26.6194,0.0554127
13.5978,2.34562,0.0558547
3.15268,10.2824,0.0849284
12.3385,24.6638,0.0738578
-14.2911,10.7033,0.1079
-12.4188,23.1812,0.0873447
9.28771,24.1655,0.0953426
-9.2009,17.6559,0.0755763
-6.8037,25.2882,0.069962
-9.79454,23.4236,0.05
-1.77183,6.89025,0.105662
14.9351,10.9945,0.0649218
-13.3085,1.56645,0.089669
-3.29993,19.5186,0.0900791
-2.55893,19.3036,0.0634962
-0.710271,19.5835,0.0543084
-7.55151,11.8947,0.05
14.6546,7.34339,0.0974666
-9.21593,17.0142,0.0978041
-14.6596,4.45191,0.05
1.16425,17.6182,0.0753065
-5.67464,26.23,0.0744936
2.23805,20.5467,0.120345
11.9452,6.37157,0.05
-9.96765,8.28282,0.05
-10.2057,9.26341,0.0605875
1.37664,12.2515,0.0684417
-3.07845,1.95964,0.0733166
13.4646,27.2104,0.0836295
-14.1562,2.13145,0.05
-12.2112,27.5085,0.0730301
-13.8036,4.9783,0.05
13.31,23.9559,0.0840353
-2.27756,0.106787,0.106802
-4.39199,9.02733,0.0616483
1.01314,2.7196,0.0593881
11.3387,12.2064,0.0551835
11.7477,4.59393,0.0601679
-0.0548758,7.88576,0.0778235
-4.11733,0.844803,0.05
4.05381,19.4108,0.0652985
10.8149,20.6057,0.0903942
-9.7994,19.7803,0.0764336
-10.8183,16.1958,0.05
8.7635,15.3295,0.05
-11.5871,12.9843,0.0884478
-9.68101,0.0621439,0.0621445
-9.51343,4.83341,0.0676367
13.4368,18.1277,0.0593636
-5.86405,17.7191,0.102473
-13.6793,2.84757,0.0706082
11.6729,26.7152,0.0812528
11.303,18.5223,0.0724765
-5.99925,16.3564,0.05
-14.1456,22.0532,0.0957924
-7.05731,1.63842,0.0847056
1.23683,13.0648,0.112232
2.44068,15.9879,0.0980292
13.2547,3.17884,0.0570804
11.4292,9.96462,0.0600945
-0.81807,10.8655,0.0594382
-9.15436,14.795,0.074754
14.8458,26.8046,0.107824
1.59126,21.8722,0.106199
9.97273,20.0928,0.0765741
7.04598,4.07785,0.068648
-4.91794,2.66396,0.0838525
5.54222,6.20825,0.0777497
-7.29264,6.30263,0.0990838
-3.83633,13.5166,0.05
8.41116,22.1453,0.104903
6.42372,29.4864,0.0905745
5.57338,11.6451,0.056584
-11.291,22.8059,0.0671747
-0.513612,16.2364,0.0507264
14.5708,27.2843,0.0503492
3.185,24.814,0.0799334
8.72003,6.84683,0.0851547
5.30487,20.7904,0.11676
3.69119,7.40562,0.05
11.5243,6.71405,0.09025
13.3566,13.1225,0.0941519
7.75291,22.3679,0.0676823
-3.09328,17.4829,0.143879
-4.12223,17.4,0.0729794
10.8669,6.83298,0.0877362
10.0793,14.8529,0.05
-3.66,21.3331,0.0951498
-9.05036,23.8049,0.069509
7.06127,0.0844626,0.0680417
5.63218,1.61683,0.0714611
4.88743,21.3999,0.05
0.192231,23.5183,0.05
2.2157,21.5651,0.05
4.50061,23.93,0.0910045
-5.55547,22.38,0.0607244
-10.6348,19.132,0.05
-2.76691,16.5109,0.100639
5.01912,13.99,0.0605043
9.76533,4.28934,0.0705379
2.17967,27.6069,0.0806401
5.50398,5.14142,0.125525
13.8055,26.2388,0.072898
-13.2742,18.2226,0.100834
2.79701,11.9423,0.0914044
-5.00076,10.623,0.0956227
3.01143,12.8564,0.0558589
-6.10602,6.34705,0.0867919
14.7728,22.9067,0.108648
-12.1581,0.234069,0.0948777
-7.79334,22.1256,0.0504416
3.66014,15.4724,0.05
13.6213,15.3786,0.0787993
7.00517,17.0015,0.0892569
6.1916,13.6228,0.05
10.063,15.7181,0.0906439
13.3497,17.8448,0.0713561
10.8259,15.1205,0.0664424
9.21279,12.2816,0.0967466
8.22346,18.3149,0.106051
3.23911,7.96944,0.101033
12.6388,16.5915,0.05
14.47,25.6473,0.05
8.11043,2.77961,0.0628232
-1.51446,13.3831,0.116399
-11.6465,24.3693,0.0733446
0.352835,21.1987,0.0562212
-1.15187,5.05847,0.05
-13.6264,20.4035,0.0660784
-6.45073,26.2389,0.108753
-2.3421,3.90221,0.0676379
12.4352,18.5611,0.0848889
4.49525,6.53321,0.118691
10.6048,22.4505,0.0716648
-12.3565,2.58407,0.0517569
-12.9453,19.6436,0.100687
1.64474,8.12684,0.0949388
-6.51551,23.8072,0.0941309
3.60085,13.552,0.0569186
-2.3503,23.311,0.138627
-3.6357,15.6682,0.0702841
12.8176,22.8117,0.107793
-1.54727,19.9881,0.0946114
-12.9274,21.5307,0.120424
6.82587,26.1964,0.107059
-7.4138,9.70783,0.0755484
-10.3347,0.0583272,0.0583408
4.87631,0.837336,0.05
1.05461,14.1423,0.0620027
6.59073,23.3871,0.05
7.99486,23.8434,0.054469
-8.30062,28.407,0.05
-1.66213,26.7446,0.0594197
-3.06246,29.1757,0.111082
4.49299,17.0574,0.0675023
-5.95776,29.4891,0.0807675
3.96546,0.579319,0.0672274
4.98963,29.7825,0.0656894
6.23092,14.3347,0.0704735
-8.4867,21.923,0.093315
8.72832,10.5521,0.0777476
11.8374,15.6937,0.113487
8.90601,18.95,0.0550793
2.75816,1.70382,0.0705462
1.9495,25.7769,0.0757894
-12.0534,14.7015,0.0861692
4.85804,8.54915,0.0780152
-1.34321,10.4542,0.0705435
-5.35938,3.16695,0.0812861
-5.85786,29.5735,0.05
-10.0452,21.1758,0.0791029
7.99438,10.404,0.100507
-5.47859,21.4213,0.125358
5.56637,15.5776,0.0839902
-14.5418,17.0122,0.05
-1.38324,8.65252,0.0641278
8.43869,12.2035,0.0776006
0.301392,21.4493,0.0516924
-13.651,28.8774,0.109057
-3.46851,28.1029,0.0717897
12.9546,7.46598,0.05
-10.5348,27.9652,0.05
-14.0951,4.48369,0.0764711
-9.99408,11.3811,0.101648
4.43132,16.1837,0.0741901
-0.401059,1.70324,0.0652219
-8.20523,25.941,0.05
5.47803,13.0757,0.05
-6.47386,10.2374,0.0857454
4.20138,27.4224,0.090201
9.94113,1.50558,0.0697905
-4.39234,14.3183,0.0718982
-12.7431,7.67299,0.107401
-4.1987,4.24367,0.0937309
-7.60529,3.30858,0.0961472
-12.2691,4.06793,0.069276
1.45143,15.4651,0.0831713
3.79118,5.69719,0.05
8.39242,12.5453,0.122272
1.53466,11.2546,0.0674562
12.8331,15.23,0.0801381
7.45177,8.52286,0.0793878
-0.167863,16.1544,0.05
-6.19169,2.89942,0.069818
-0.249241,29.3201,0.0606865
-13.1129,11.4736,0.121332
-12.7185,19.4956,0.0543024
-4.04747,26.0332,0.0537742
11.5607,3.30194,0.0724933
-2.07919,17.2012,0.0529185
-9.9744,13.0157,0.0562112
8.6672,6.28379,0.10313
10.7278,23.234,0.0619211
-14.2325,10.5567,0.05
7.6759,8.81422,0.0786676
-6.10296,2.25876,0.104683
-0.730288,19.9104,0.0581159
10.1162,9.07554,0.0766547
-6.4351,29.6264,0.0703727
-14.7953,8.32004,0.0727179
-0.660025,22.2171,0.05
-9.3168,8.08531,0.056875
2.54665,0.752341,0.136272
-6.07516,21.2333,0.0958047
-12.8809,24.4278,0.0686875
3.25338,3.58787,0.115271
-6.83101,20.7692,0.05
-1.12635,0.573579,0.05
3.49952,12.7181,0.0639964
11.1738,25.8939,0.0878497
12.3687,28.0423,0.110826
-6.20632,5.60723,0.0776964
5.63272,12.8555,0.113173
-6.82554,21.1923,0.0849497
6.51406,22.0093,0.0635506
14.4142,5.10562,0.05
9.2967,15.9853,0.101224
14.3258,6.10599,0.0715963
-6.84445,6.19252,0.0808442
-5.16825,7.27374,0.05
-3.65722,28.2721,0.070619
-11.5263,1.50494,0.110119
8.16291,13.0198,0.113514
-9.37832,29.3719,0.0712922
7.55226,29.3023,0.0662
-9.16812,8.9775,0.0875771
-13.3782,14.1169,0.0552432
9.21644,18.7502,0.0668126
-13.6144,8.41085,0.097771
-0.835531,12.5646,0.114219
5.97531,9.96266,0.0614702
-0.0857189,27.7785,0.124841
-3.91564,26.4276,0.05
11.9256,11.3668,0.0542186
-9.16149,15.7707,0.074496
5.80474,21.2038,0.090843
-14.3659,25.4264,0.0882758
5.23375,0.661926,0.05
-14.7739,0.51029,0.05
-0.99265,12.9909,0.05
-7.1461,23.0326,0.10022
10.794,29.8252,0.0921194
3.21141,27.6068,0.0930032
-14.6241,19.8059,0.0679963
6.74881,19.9237,0.060204
-9.08678,23.9329,0.0636318
-6.51783,1.50361,0.05
-6.55066,5.25813,0.09103
-10.1914,27.4896,0.0923535
-3.19068,15.1717,0.115043
-5.44206,21.8242,0.051559
0.297878,20.5662,0.05
-0.329007,27.5031,0.0724302
8.87487,17.7234,0.0910041
-2.68852,28.9322,0.0835106
2.43004,2.66223,0.0916061
14.0275,9.63163,0.107888
-5.32924,19.8358,0.0932244
-4.14938,9.38158,0.0564573
-6.67149,20.5207,0.0567843
-14.1421,15.0641,0.0852348
3.89337,1.78176,0.0691985
14.1099,4.41719,0.104535
5.86354,28.1336,0.125343
7.83492,28.3362,0.111704
7.45134,18.8561,0.0937975
-5.38519,0.910522,0.0791268
-12.251,3.25107,0.0532706
10.1536,5.37631,0.0799614
1.04407,7.9651,0.0599613
2.99134,6.0395,0.05
9.53881,24.9901,0.0646331
-3.99733,29.1324,0.0894071
-9.7868,10.1749,0.0585093
-1.07717,14.4143,0.0645807
10.9478,19.7437,0.0549357
-8.11453,13.6266,0.0822412
9.55919,9.72383,0.0637208
1.58079,8.27281,0.064434
-9.01204,16.4762,0.0822998
1.46164,22.1945,0.0740298
-13.8698,11.3505,0.0909433
3.73315,8.49708,0.05
2.60842,22.0704,0.0812257
2.49347,6.49274,0.0865626
8.50276,26.9519,0.0546237
4.54405,10.1758,0.0964448
-10.3456,25.5107,0.0518386
1.85602,12.5255,0.05
10.9402,12.7341,0.0954935
5.09984,5.32005,0.0985934
2.52167,12.849,0.05
14.851,1.86579,0.110921
3.8296,12.3251,0.05
8.3008,13.7383,0.102638
-9.41556,17.0389,0.103347
3.60738,1.74471,0.0715757
-2.43698,12.7861,0.0964453
14.8304,14.6181,0.0684155
13.3028,25.7041,0.0656893
-1.85614,9.53368,0.0932654
4.57199,2.80465,0.0744536
-3.4259,0.0572644,0.0572856
10.4687,22.3184,0.1145
-0.0344883,18.9944,0.0815948
-7.70225,7.4115,0.102377
7.43189,7.67673,0.05
-5.16715,1.88938,0.0529847
-12.9394,9.60417,0.0867257
10.7136,3.19189,0.05
8.25814,12.1875,0.103651
9.43525,4.74284,0.05
0.806249,9.98231,0.0827968
-6.02729,10.4626,0.05
12.6818,29.81,0.05
12.1652,7.0268,0.0666069
-8.28274,7.42993,0.0650517
3.63978,9.46127,0.05
9.50135,14.9072,0.0578053
-7.4554,23.273,0.05
-7.04173,11.6628,0.123927
-0.654255,8.95552,0.115269
-7.92727,16.4986,0.0627557
-1.60725,14.3955,0.0700012
-9.54399,28.3399,0.0922304
10.6144,22.813,0.0622625
-10.7316,24.0751,0.090409
10.261,3.58282,0.0724347
1.87493,6.67634,0.0834878
-6.21055,25.3329,0.120205
-3.64981,4.64227,0.062738
8.69546,8.17138,0.0821715
10.5118,3.1567,0.050364
1.5109,10.7362,0.0518086
-12.7701,23.2133,0.104896
-4.34312,17.5307,0.0802286
-9.55154,27.8722,0.0556421
-5.89801,4.26726,0.107369
6.51018,22.9587,0.0640274
-6.61839,11.0549,0.0726323
-5.59546,18.8569,0.0747932
2.90831,12.8803,0.05
-2.60724,14.8825,0.0804097
10.2143,23.7276,0.05
-6.92915,10.6179,0.0712258
6.60957,11.5235,0.0697108
-9.74098,27.1535,0.0899108
3.98207,17.3343,0.113344
-9.26673,28.4782,0.112724
10.2868,25.7775,0.118536
9.63328,19.4342,0.10079
-8.38886,3.89946,0.0679945
-9.9235,26.2179,0.05
11.3156,22.0198,0.0755597
-10.4061,17.44,0.05
-3.53868,1.18875,0.121437
8.88698,26.8375,0.05
-0.844429,15.7178,0.05
-11.5467,26.2972,0.0795187
2.67173,26.2799,0.0842525
-14.0305,22.2044,0.0941325
1.28821,29.2026,0.102694
14.0066,23.3172,0.0804159
14.8839,11.7566,0.0767882
-1.09951,18.4712,0.0878933
-4.94984,19.2805,0.0732127
8.26966,6.27044,0.05
4.56765,26.9129,0.0934475
8.73078,10.0962,0.0678866
-3.98371,29.7627,0.05
-1.65371,26.013,0.0818816
-13.0947,11.7798,0.05
0.2462,28.8531,0.0918493
-0.0171742,13.2384,0.0664177
0.735203,29.859,0.0580294
12.0889,14.3297,0.0703946
3.05327,15.941,0.102998
-12.3974,6.87798,0.0544051
4.76773,29.5774,0.0954081
3.6093,20.0616,0.05
-3.66935,13.2972,0.118293
4.0198,3.54692,0.05
-8.60887,25.0893,0.107579
5.08845,5.71355,0.05
-10.2213,10.9772,0.145155
2.49073,1.40086,0.0871325
-1.4428,11.1117,0.0579667
2.31071,22.5949,0.0705209
-8.28453,12.0776,0.101177
-7.7542,24.7036,0.0899276
6.4759,26.3945,0.05
-0.348666,14.1272,0.0732672
-1.21793,14.8825,0.05
-7.98552,0.510759,0.05
8.94784,29.933,0.0632846
5.89158,9.40324,0.0751322
13.8934,24.3801,0.0679163
7.54784,4.70612,0.0831705
-2.88672,21.958,0.093505
-6.47179,22.4997,0.057
1.07784,28.834,0.05
-14.0279,29.0736,0.0859536
-6.60063,21.9333,0.0728607
-5.7958,24.639,0.0941534
-9.93141,19.1008,0.068883
-6.8188,2.08146,0.0752769
8.536,19.8366,0.0882962
1.73039,24.0279,0.0830429
-5.761,15.4877,0.0530574
-11.8124,7.96069,0.0925441
-5.13374,29.299,0.05
-12.6762,16.9321,0.0842334
4.14136,13.8122,0.081306
5.70752,11.2461,0.05
8.85223,20.1448,0.0891248
13.2698,14.911,0.0795202
12.656,1.13712,0.0766581
-7.40734,7.26086,0.0585239
12.5323,0.14984,0.05
14.3166,25.6767,0.0922287
9.71913,0.0650079,0.0650105
6.90744,12.7733,0.0759848
-0.603283,4.89277,0.0808177
-4.63703,14.409,0.05
-4.01397,25.0489,0.0711708
4.73641,9.56582,0.0837309
-14.4619,9.11404,0.05
-11.5359,11.8793,0.0806647
-3.74565,16.1825,0.0671173
2.74437,26.9094,0.10497
-6.66269,16.3095,0.112623
13.1358,14.0032,0.0502429
4.28113,27.7245,0.0723706
-5.41473,26.2821,0.0999975
6.10307,29.1815,0.0753158
12.6931,10.6838,0.0684246
0.936879,7.09567,0.092285
-8.20613,13.246,0.109717
-11.1656,27.6629,0.0705562
-3.00992,9.623,0.0865308
-11.1412,5.18559,0.0785782
-6.09049,27.0613,0.0791226
-6.8283,18.3796,0.072746
6.7588,10.8134,0.0709328
14.0158,29.317,0.0861312
3.59832,25.9286,0.0813826
11.6998,15.3011,0.122674
0.0668355,4.47589,0.0987683
9.4901,17.4259,0.0745646
4.796,4.82802,0.0517991
3.88488,18.8246,0.05
-14.9289,0.0710651,0.0710748
-1.92947,24.3671,0.0920923
-8.77928,15.3687,0.0692822
4.23292,21.5773,0.0716057
2.77619,18.0119,0.0573407
8.94761,18.1804,0.0787486
10.8832,29.0346,0.113471
-2.67729,13.3946,0.05
-9.87731,1.43782,0.0621807
-13.8962,2.52986,0.112532
4.67252,19.2962,0.05
11.2977,22.9809,0.05
-13.3024,0.699382,0.107737
5.30141,13.6816,0.0648451
-12.6866,14.5339,0.0731947
9.79427,10.4963,0.0627331
13.4062,16.0524,0.0745199
11.2879,27.0901,0.10102
3.64807,1.90225,0.0911521
-13.2966,14.6176,0.0522841
-6.92945,26.4799,0.0647504
-1.87416,23.9571,0.0930362
13.1195,1.44835,0.0914579
-8.01633,6.35566,0.107099
11.472,27.5153,0.0753723
1.80777,23.9024,0.0643768
3.18738,14.8631,0.0915248
-14.9091,1.82541,0.0908701
-11.8982,2.34294,0.0887556
-5.49154,20.2447,0.0735415
-7.26729,15.4284,0.0669326
-10.8345,2.01348,0.090789
4.91627,19.2741,0.0558338
6.87057,0.892774,0.05532
-10.0779,13.4551,0.05
-2.5994,27.7668,0.0546935
-4.59554,18.1859,0.0615891
-10.262,9.12051,0.0847643
-5.13117,18.9103,0.0686751
-13.3436,28.2919,0.0990281
-13.5003,8.2304,0.0692202
-1.70784,15.9374,0.0567139
-6.81351,6.90019,0.0766921
9.23936,10.096,0.0943298
12.1009,16.7842,0.109964
10.8219,8.5796,0.0883086
13.4984,0.601908,0.0914998
-3.58393,26.3865,0.0973268
9.94606,3.5823,0.05
1.10154,29.4803,0.0543389
-13.1219,0.560852,0.11984
12.2418,1.28344,0.0915731
-1.79737,21.5864,0.05
6.23773,12.5459,0.101566
6.61346,18.9742,0.106035
-7.81299,19.6037,0.089171
-0.900441,14.494,0.0863741
12.8692,17.1429,0.0787803
-9.35439,2.8966,0.0700634
-12.8446,4.15035,0.0694394
1.95436,19.5247,0.102883
8.18585,10.3491,0.098703
-7.45346,7.54113,0.11791
-3.13665,11.8134,0.0747404
-8.39179,24.1371,0.05
13.4184,19.4878,0.05
4.97305,20.1912,0.142255
8.05488,1.47652,0.05
8.47315,15.8211,0.0807788
10.6078,9.08134,0.05
-9.53977,29.3029,0.0522875
-8.15108,17.7432,0.0904204
-3.10804,6.60374,0.0888019
-7.96477,9.80929,0.0850144
14.8072,29.0222,0.0968016
8.33915,25.2074,0.0816341
-7.56041,13.501,0.0790845
-11.6623,6.39493,0.107769
0.406864,8.44697,0.104367
5.09677,18.8114,0.0927614
-7.72242,21.5442,0.0627051
13.59,9.74209,0.05
4.91684,8.83397,0.102478
7.05944,11.4127,0.057922
14.9103,3.89978,0.0896874
6.88794,16.9202,0.0534152
-7.49834,15.7261,0.0729845
-8.92161,25.2593,0.0519705
4.57241,18.4153,0.05
-9.92864,7.59263,0.0910131
11.271,25.5702,0.123819
3.69487,19.7766,0.10944
-10.3552,6.55521,0.0973754
14.705,13.2357,0.0849448
-7.09545,10.0043,0.05
1.77303,12.7483,0.066754
6.89563,10.1016,0.0730579
-11.1232,26.0446,0.05
-6.82874,26.2677,0.0601984
-0.642824,13.0059,0.0891374
-6.61828,18.2752,0.161765
10.2128,18.4475,0.0683135
-13.5181,29.1926,0.0535729
3.59534,0.149482,0.05
4.61518,17.3408,0.0729771
14.3159,18.8362,0.05
-3.33655,5.76809,0.0809067
14.906,24.9861,0.0781949
-10.0671,19.861,0.082707
-6.15325,8.38634,0.0680518
-3.60792,3.103,0.0766894
2.19943,29.8335,0.05
4.00041,27.1959,0.102438
-10.4468,18.7119,0.0755669
-1.39407,15.9627,0.0647912
-8.02734,10.4886,0.107457
3.90858,0.384571,0.0845054
-1.2571,6.05828,0.099142
3.63018,16.0361,0.0573198
-9.2302,20.5085,0.107376
8.19134,13.926,0.114702
-11.512,18.9632,0.05
-6.05348,26.1217,0.0805913
5.68345,22.7444,0.106905
0.167027,28.1172,0.0812319
-5.72842,12.1648,0.0828151
10.3471,2.72389,0.106237
-14.9047,24.3688,0.0947118
-13.4058,21.7887,0.05
-0.0272295,20.8969,0.069545
-13.9276,7.13988,0.0684244
3.20059,1.20397,0.0866945
1.05251,8.91268,0.0774681
-3.52689,24.7252,0.0657849
-13.8243,1.44315,0.0657685
3.20518,3.74594,0.05
2.54255,0.537576,0.0785728
7.97122,10.5528,0.05
1.92461,14.5484,0.05
9.93736,14.7618,0.0845231
-3.56902,20.488,0.119678
-1.43917,17.8584,0.0823268
6.16307,15.3333,0.076529
10.9955,2.04967,0.0505111
-0.0465297,6.51925,0.0642893
-6.44505,12.5264,0.05
-6.82377,4.86213,0.0687828
-4.09305,13.0358,0.05
11.6322,13.8016,0.0602251
-7.84774,19.4074,0.106085
5.24701,19.683,0.0647969
9.88838,1.23515,0.0737454
8.38005,20.1405,0.0925999
8.30116,29.206,0.0736469
12.5553,1.02043,0.0725563
-3.86769,4.12347,0.0733803
-2.73158,15.0575,0.110753
1.02214,4.30615,0.0823713
12.0202,7.28057,0.0673864
-12.5391,14.5648,0.0775443
-1.90769,17.1266,0.0821759
-3.1803,7.01007,0.0729375
7.27765,11.1526,0.0751012
-7.49546,7.35742,0.0705245
9.68716,23.2647,0.0578935
5.14979,1.71063,0.05
7.63586,13.4874,0.108656
-7.11282,26.4526,0.105
-13.2204,4.39029,0.0804577
9.22815,2.5726,0.0811089
-7.57239,16.1547,0.0824912
-12.8576,29.9333,0.0513112
-9.85423,13.9815,0.0699385
-1.47939,27.4306,0.061895
-13.4034,27.731,0.100543
1.8523,27.6199,0.0626469
-12.1111,27.3816,0.0881334
4.603,19.5912,0.0784441
7.63806,19.3048,0.0862352
-12.2214,27.8625,0.0627704
-12.8336,28.2289,0.0780748
-4.2026,10.7018,0.05
-10.7968,29.7048,0.0920723
5.63584,1.42021,0.05
-4.40034,19.105,0.0657132
14.9442,24.8577,0.055773
-10.8271,27.3838,0.06448
-4.19263,24.6471,0.0890238
12.4909,6.42835,0.106115
-6.72614,20.2766,0.05
-11.6137,22.8144,0.0973938
-9.54062,9.62208,0.0683343
-12.8397,11.8393,0.0615174
7.71467,7.44219,0.0924206
-1.82313,12.9936,0.05
-7.35696,23.2555,0.05
-11.3924,0.838337,0.100854
13.7112,11.0633,0.0895966
11.833,5.35374,0.05
-4.29443,22.0683,0.120872
-10.187,28.1466,0.0901458
14.0526,10.2587,0.0719144
12.7207,19.5367,0.0924004
-0.987863,13.5102,0.05
-1.97524,15.2135,0.0884793
-13.1166,5.99993,0.083053
10.5289,20.4758,0.0828797
13.3187,6.25478,0.0970051
11.7346,20.0182,0.0742765
-6.79285,11.7956,0.0820738
-1.68055,28.7513,0.05
-6.23929,28.0457,0.0597674
-2.3684,9.09765,0.061076
-0.413678,8.52301,0.107258
12.9193,12.2455,0.0694631
-0.697341,26.018,0.0599126
-5.68916,28.0408,0.0773682
4.68311,0.370502,0.137601
14.2059,5.41159,0.0798053
-5.49094,10.0266,0.103034
11.9897,5.74452,0.0570162
4.41498,19.6318,0.113913
7.114,21.2938,0.050063
1.29256,0.732826,0.05
9.43075,10.421,0.0833176
-3.65526,1.02083,0.0830338
-2.95134,25.6819,0.051962
-12.7223,4.01283,0.114624
-11.2149,5.93704,0.076288
-8.74851,5.19669,0.0568677
-11.4893,11.6332,0.0750695
-10.9206,26.4143,0.123237
-6.4845,29.9618,0.0534821
-4.3034,27.2944,0.0554045
-6.3716,27.9847,0.0859663
4.16675,0.0858148,0.0858435
14.3929,13.3942,0.102714
-5.09544,21.4481,0.0617517
-8.40538,26.9591,0.0686608
-2.34226,22.1898,0.085182
9.96226,19.714,0.0733692
2.07101,22.8226,0.065665
-5.35116,15.3832,0.0589361
11.568,24.2312,0.05
-2.52173,0.732058,0.0700266
4.04107,1.28902,0.0753266
11.9138,26.2143,0.05
-9.14075,9.55848,0.05
-0.647197,15.8081,0.0529528
6.45074,4.45539,0.0601785
-4.64933,10.8327,0.0608634
0.271356,9.96498,0.098695
9.97122,8.45261,0.0697869
-5.563,22.2574,0.0620648
-9.56337,2.93294,0.05
-9.13469,21.1153,0.0804084
12.7169,7.39293,0.0610062
-8.82939,5.26655,0.05
-6.74851,10.4202,0.0540697
-8.09191,29.6296,0.0539402
10.0653,18.0361,0.102581
-14.95,29.7755,0.05
12.9883,1.90555,0.05
-14.9043,10.1545,0.0957125
13.2887,29.9271,0.0845667
-4.51285,5.25329,0.0666831
4.76117,17.3982,0.0838717
-3.14147,2.09938,0.0799985
5.60757,29.3776,0.083229
-4.15188,9.63135,0.0852327
4.23704,6.55637,0.05
-8.37748,13.8802,0.093791
-11.7812,22.8612,0.0765291
8.43474,4.07783,0.05
1.3977,28.0245,0.0751787
-9.39795,19.8013,0.05
-14.5772,21.9868,0.0725161
10.9076,26.1816,0.0574432
1.30721,0.107462,0.107498
1.74869,10.4185,0.0631807
-6.3159,20.8958,0.0880186
7.94752,0.926193,0.0942204
11.1071,4.41872,0.0719723
3.01334,10.3399,0.0658083
5.50754,22.1257,0.102566
-13.1732,29.3051,0.05
-6.84622,8.42692,0.0609967
-9.34423,4.65336,0.1051
9.9274,28.7738,0.0927689
11.115,21.714,0.0917038
-3.15043,27.9507,0.0513618
13.451,2.41812,0.107852
-3.88849,24.8833,0.08351
-0.394472,1.11979,0.0953243
-3.86793,17.5781,0.0785076
-6.94998,10.9945,0.0909052
8.37673,10.4838,0.125146
-7.63386,6.22379,0.104039
-14.9265,29.6541,0.0735178
-10.0281,21.3189,0.0650126
8.0048,19.067,0.0530381
1.81751,3.43791,0.0641559
12.7625,19.9955,0.0794486
-3.19799,20.7943,0.0734587
-10.2938,11.5007,0.110815
11.8323,22.075,0.05
8.27972,17.3588,0.097596
-7.46344,8.4883,0.0616317
-12.0096,18.3945,0.060409
7.09151,23.9456,0.114551
-13.7699,11.2511,0.05
5.01638,1.67915,0.0870996
6.82159,29.9615,0.0610905
-11.5416,2.00747,0.100422
-3.40464,22.623,0.106841
2.48851,9.13479,0.0570515
-5.40032,10.8519,0.0622737
-9.9766,18.9631,0.0760514
9.50512,25.848,0.0886225
-10.985,15.2729,0.05
-0.86373,6.65429,0.05
10.967,2.5241,0.0746411
0.457899,0.333855,0.0947723
0.916579,9.44255,0.114704
-8.47862,14.7471,0.05
8.47473,24.9891,0.0771766
6.4171,23.9986,0.05
-4.76033,22.3524,0.0992507
-14.1759,26.0143,0.0601913
7.42753,26.0028,0.0740747
-12.2308,5.83393,0.0710958
12.342,19.3613,0.0925838
5.43288,15.5893,0.05
7.10692,1.65956,0.0737992
-3.61411,15.0322,0.0670713
-14.7105,9.78078,0.0900064
-2.53043,2.6587,0.05
-10.4487,0.633728,0.05
-4.15633,22.6754,0.0893437
2.1836,16.0806,0.0675801
-8.89751,11.2647,0.0572353
2.0441,22.5889,0.0696539
-9.76464,20.5972,0.0774422
-13.9113,15.353,0.0870471
-1.86356,13.2052,0.05
-4.29412,12.7234,0.13084
-8.1514,21.2911,0.0996875
-10.8342,20.1822,0.0952318
-6.39334,10.9771,0.05
-9.85918,18.0307,0.05
-11.0928,5.9693,0.05
-12.9665,13.7877,0.117789
-4.10409,6.00613,0.0641987
-7.73043,9.73266,0.0777234
-10.3868,22.3082,0.0822713
-10.519,9.11717,0.0747633
14.3768,7.06622,0.0638829
-6.02828,27.8806,0.05
14.3336,1.76627,0.10683
11.3406,18.9038,0.11473
-1.63647,26.484,0.0736419
-13.9531,5.30335,0.0534751
-0.288668,14.9295,0.0677577
4.84695,19.6897,0.05
-8.20984,7.96957,0.0894297
-3.005,0.11046,0.110475
0.411884,10.3657,0.05
6.58516,16.9298,0.110753
8.39243,20.2826,0.05
6.77662,25.0638,0.077787
13.914,21.5092,0.0851779
-7.64757,29.2042,0.0759556
6.23005,28.2937,0.111874
2.42405,16.6226,0.0850137
-7.77953,15.4457,0.0672912
7.93332,9.4755,0.0886986
-4.83271,1.36665,0.0840736
5.24819,11.7085,0.0747855
-14.6197,14.9092,0.075269
12.0771,12.3478,0.093941
-8.07617,19.4415,0.124888
12.1979,6.71428,0.121864
-12.0779,2.85849,0.05
-0.025381,8.77444,0.108887
10.4752,7.76387,0.0650463
14.1392,25.0837,0.12203
3.84557,27.322,0.0972669
-12.2926,26.2645,0.067976
13.874,3.57252,0.0554516
-3.78295,24.7687,0.0586508
-3.52623,0.239248,0.055643
-4.53504,18.7948,0.0603482
-5.75928,2.00216,0.0988518
-9.92114,6.47913,0.131814
-12.3459,18.9758,0.0702878
11.9179,2.39585,0.0630676
-5.88633,21.2874,0.0997414
-4.74505,27.7536,0.0844329
-14.5071,3.92797,0.0919696
11.4578,4.86963,0.0967279
-4.07731,0.16462,0.05
11.8722,16.1775,0.0842226
6.34695,28.9013,0.0746916
-6.19391,16.7503,0.0882386
-12.1893,5.03478,0.0679796
-10.7683,24.2107,0.05
1.21706,8.94462,0.0901453
13.7249,5.94997,0.106585
6.62036,14.7491,0.0514857
-0.0337345,16.2099,0.0951256
9.04018,13.9917,0.05
9.24833,18.6029,0.0838653
4.0786,10.7966,0.115136
3.72892,26.3677,0.0742428
7.36311,8.29226,0.05
11.7949,27.5177,0.105786
-5.25364,0.62303,0.0777844
11.0254,25.8339,0.0721944
10.771,26.5669,0.0900755
-2.35981,21.3016,0.120035
-13.0064,16.7308,0.110467
-12.3773,13.1317,0.0553316
-2.80956,28.7518,0.0675409
8.11366,12.804,0.0556878
6.70461,12.2596,0.05
2.10217,29.7815,0.05
8.1894,15.6163,0.0664094
-7.3519,27.8425,0.0526326
-9.2022,4.51883,0.0905323
-6.10605,0.904006,0.107217
0.621718,28.5321,0.0636385
-10.0369,0.661174,0.05
3.45595,5.03588,0.05
-1.84137,16.4973,0.0567203
-9.73062,26.8856,0.0801752
-13.8396,8.55183,0.0676831
-3.45722,25.9546,0.067205
0.306534,0.528736,0.0771189
11.7045,13.1887,0.0753274
-2.33574,20.5171,0.0627891
-4.13019,26.893,0.0923995
14.9453,22.6345,0.0547014
-1.06116,9.86629,0.102746
-10.4549,21.9069,0.0608374
-9.69534,17.2396,0.0530167
-11.9722,13.9793,0.0859574
-0.778599,2.56493,0.0820499
14.95,11.387,0.05
-7.91321,24.4964,0.05
-12.8381,17.3743,0.051688
-9.1567,7.26024,0.102616
-9.70986,12.8809,0.0647533
14.497,20.7288,0.0954089
-13.9544,13.4024,0.113982
-11.3407,26.6909,0.0810746
3.13926,13.9639,0.098362
-5.31336,18.7458,0.0829613
-12.0607,17.9536,0.0942415
-12.3865,27.8777,0.103034
-4.96669,20.7642,0.0697144
-9.69259,8.35065,0.0715074
-10.1231,0.604029,0.0534244
-12.5112,22.793,0.0614042
-5.21762,16.2876,0.0579786
10.5872,10.2784,0.05
-4.70511,13.6871,0.06431
-4.29949,20.1847,0.0769345
-14.4947,15.7492,0.0814309
0.0807834,28.3933,0.0651267
-8.33355,17.7551,0.0924319
-2.80515,12.16,0.05
-11.1588,22.3173,0.107501
-0.898941,2.49538,0.0569505
0.658859,17.8926,0.0668734
-6.43134,19.1593,0.0739593
-9.35834,19.9461,0.10014
-8.80184,28.1,0.059444
2.23502,4.53529,0.0695105
11.3974,27.6565,0.0843086
0.0711778,2.70422,0.0505295
-9.17684,6.71622,0.0745535
12.1774,9.93377,0.0833312
-5.01258,0.116275,0.116289
-6.42309,18.3574,0.05
-2.4138,14.6061,0.0859721
6.98774,0.611311,0.0690179
0.662063,28.8198,0.0767573
0.997787,12.6788,0.05
-6.2806,3.2062,0.0749236
-1.08229,27.0205,0.0934774
11.6047,21.1137,0.0885732
12.0149,9.65552,0.0999847
-2.82964,5.97047,0.0756038
-6.44438,24.1856,0.102402
-6.0934,29.935,0.0674138
0.192783,3.32982,0.075767
-10.7227,7.38996,0.0979794
2.10235,7.10007,0.0802076
12.8296,27.6478,0.107156
1.63202,17.2431,0.074419
-12.654,5.45704,0.0878299
-13.8583,12.976,0.0644738
10.6917,6.63058,0.05
6.59362,16.2228,0.0560773
-10.2312,4.87624,0.0979981
4.71939,3.6268,0.0853154
-2.06627,5.7832,0.05
10.8303,18.8714,0.0595069
-12.383,0.963323,0.116112
-13.8453,21.9501,0.121259
10.7653,0.0499998,0.05
-2.60429,23.7449,0.0651997
6.82519,28.8959,0.05
-5.52639,5.29617,0.0840212
4.03491,4.70423,0.109492
4.51208,8.0906,0.0589265
-9.20751,5.99681,0.05
-3.33765,11.975,0.0804
-4.73773,19.8807,0.140525
-0.720775,20.5082,0.0936167
10.7846,5.20385,0.0801429
-3.91592,16.9254,0.0622718
-14.4358,26.573,0.0989697
-8.52003,1.62054,0.112753
2.81241,16.1728,0.0764594
-5.55574,4.14163,0.0858536
-5.60304,3.98807,0.0748362
-7.25509,3.17407,0.093137
-11.4854,11.3775,0.0927145
0.972322,4.95707,0.0896696
-4.00901,2.37217,0.05
-9.67568,7.53131,0.05
-4.1714,21.8759,0.0825661
-2.42547,12.3297,0.05
7.35065,29.6771,0.05
4.55955,29.3007,0.090808
3.72777,10.278,0.0947513
13.0115,25.3218,0.117683
12.5039,4.89571,0.0613796
-12.3125,0.331389,0.0877478
-2.18444,28.6751,0.08459
-3.74058,20.0173,0.0562008
3.54718,10.2394,0.0899097
11.8583,24.8445,0.0714556
-14.5788,21.6516,0.0724055
-5.37787,11.952,0.0704031
8.79412,8.26184,0.05
-5.26396,5.91974,0.114717
-3.16507,4.90478,0.0975838
6.02991,6.42613,0.107861
1.46249,23.9673,0.0962853
4.34519,3.95236,0.0805364
10.7294,9.15999,0.0948036
-9.87249,28.9112,0.054945
-3.08452,29.4902,0.0977339
-4.0127,17.4757,0.0601545
4.08873,9.43035,0.0640153
2.54638,4.67456,0.0728127
-6.25548,8.48206,0.0696357
0.149243,15.6058,0.0633168
-9.98344,0.996661,0.111671
-9.23676,29.4439,0.0875109
-8.12784,22.6449,0.0562796
-1.64171,1.71198,0.124482
-5.8631,7.85484,0.0866172
10.8755,14.3902,0.133829
-13.7856,29.7382,0.0995205
7.09955,3.33709,0.0592701
-5.70625,17.8894,0.05
2.46229,29.743,0.0654593
7.50425,5.81558,0.121284
10.7368,15.464,0.0694163
8.93421,0.5314,0.0648088
4.46588,15.0868,0.086979
6.57917,28.9167,0.0676258
-2.84993,24.6034,0.0964987
9.3553,29.1608,0.0806569
-10.0003,28.9133,0.0728386
6.80067,4.23176,0.0580554
1.83426,11.5676,0.0672025
10.0373,1.84698,0.0679536
-0.957984,18.8214,0.0777765
9.43319,28.8769,0.0610033
6.41324,24.4623,0.05
7.37426,3.96642,0.0848224
8.27777,8.48398,0.121852
-8.16809,17.4058,0.0841489
-13.4253,29.6538,0.0594276
14.5788,2.25599,0.0861957
4.78438,16.0765,0.0984977
10.2,14.2341,0.0804084
13.0123,1.6094,0.102069
6.09021,28.1328,0.101273
6.66688,21.2647,0.084239
-13.2989,0.257428,0.0826518
7.00359,10.4869,0.118308
-6.425,1.79091,0.0735243
-7.74679,7.74154,0.11859
-12.8211,0.457676,0.05
6.6968,15.4004,0.0694243
7.26723,3.35263,0.0720894
3.16683,22.6458,0.077733
-3.42922,10.5175,0.0568931
9.15714,10.7646,0.105804
11.614,0.803541,0.0650932
3.64198,19.545,0.116988
-4.12559,14.8871,0.0864715
5.48306,4.13062,0.0734541
7.30869,14.6851,0.0830433
-7.63345,9.20288,0.0885463
-7.48574,25.0112,0.0695862
-7.51003,16.3278,0.0922712
12.4418,20.6089,0.10494
-3.07019,19.4821,0.128047
-14.0246,27.5826,0.05
6.05996,18.6288,0.0551751
14.6681,10.4833,0.0748968
-7.23974,7.28394,0.110629
6.97702,22.4313,0.0723968
-14.3095,29.9382,0.0613389
-10.8551,11.663,0.100565
9.62911,26.4363,0.0670229
0.891238,6.21026,0.0873621
-2.51481,7.71933,0.102351
4.99751,23.6019,0.0773464
-7.24708,24.8992,0.114601
8.58493,14.4513,0.0975127
-14.7088,3.44033,0.064143
11.0852,7.54652,0.107062
-7.63141,0.224411,0.10225
3.77469,7.20631,0.118786
12.3988,0.0945389,0.0945515
0.114333,27.0526,0.0623801
1.741,19.8568,0.0849552
1.66017,22.6569,0.0740758
2.9563,28.6991,0.103481
-12.5014,20.0452,0.073055
-3.34343,2.17544,0.0582551
-0.73082,4.86368,0.05
-12.6195,27.3803,0.103746
8.72905,27.3543,0.111341
5.95334,4.44467,0.05
9.17706,27.5668,0.0822775
3.32222,17.6651,0.0814246
3.86646,5.48418,0.0731391
13.3858,22.7545,0.10956
5.25571,5.32665,0.0574271
6.38369,10.5014,0.0953174
-11.5676,18.8351,0.0675232
-4.63456,18.6526,0.113166
-2.77696,21.0901,0.0912849
8.48503,21.1241,0.0557587
4.03517,29.1551,0.0561791
-3.05505,5.05723,0.051509
7.69989,23.559,0.0619986
-1.78799,16.0643,0.0630456
-8.3026,21.5895,0.0763546
11.9918,27.7417,0.0933277
-1.94653,3.44891,0.101207
8.85159,19.0399,0.05
4.61856,12.1989,0.0513052
-6.08893,5.28673,0.113698
-3.31155,0.150203,0.0900869
3.24594,9.59104,0.0699565
-3.4066,24.9743,0.05
-8.64015,4.76489,0.0896852
-1.17151,25.9363,0.0801441
12.3759,9.75959,0.0550528
-12.5205,18.8161,0.0513708
11.8609,29.0264,0.0700374
-5.99727,19.5126,0.0541138
-13.361,29.1322,0.0649638
0.234938,29.9716,0.0683725
11.2306,21.5122,0.108285
12.7929,29.0728,0.05
11.7163,10.1269,0.0847205
-10.2507,10.1483,0.0624923
-12.0247,1.07758,0.05
5.87564,17.6015,0.05
-4.37489,7.42745,0.081501
-4.62046,18.3157,0.0705647
-14.444,0.536346,0.0836583
10.4338,28.7659,0.0978912
-8.97872,29.4369,0.0878983
-13.8282,20.9642,0.10457
13.9187,2.84839,0.0572908
7.24978,20.1754,0.0655965
-1.05229,21.0685,0.05
-8.6759,29.7475,0.0742218
-1.78407,29.594,0.0700318
4.77143,23.0691,0.0915214
12.0804,15.4427,0.10443
10.2678,14.709,0.0908129
3.47502,7.52364,0.0530845
-7.76271,14.1136,0.0840613
-14.5394,13.8491,0.0802583
-4.1682,7.92235,0.0782876
10.8195,13.9409,0.0599169
-12.6225,22.7882,0.05
-12.5292,11.2995,0.0812644
-3.22817,10.4227,0.0762792
6.7131,27.3737,0.0979916
11.1562,10.0744,0.103775
11.2014,7.71383,0.0966226
13.0851,13.2601,0.0781504
-13.1433,0.345772,0.0963232
0.522529,14.7931,0.089066
-2.71473,27.4188,0.097547
-1.99298,12.9506,0.12522
4.14254,11.5946,0.118877
6.77539,26.8517,0.0837563
5.42095,19.2993,0.083717
14.9389,9.90921,0.0610802
-9.66891,22.5265,0.0665724
-10.0079,29.7609,0.0739103
5.50552,16.27,0.0612305
-6.47826,6.59823,0.0919979
-1.06781,18.0164,0.0856904
-4.16048,5.46603,0.120414
7.84664,12.2795,0.0755903
-13.5561,10.6499,0.0673384
-10.1479,6.96325,0.0925356
-7.04798,10.6756,0.0608943
-10.909,28.0735,0.0622633
-12.2721,7.38818,0.05
14.3518,20.8416,0.0695909
-0.459592,18.5099,0.05
-12.4501,5.88561,0.0754925
-0.79241,21.1658,0.0686962
12.8167,0.359155,0.105768
-3.37823,11.2535,0.108745
13.0228,20.6081,0.071612
11.9082,16.8051,0.05
-12.7204,29.3981,0.056149
-8.21009,15.5486,0.05
-14.253,9.01475,0.05
-14.0256,25.3836,0.05
12.9764,13.3971,0.0967071
7.3266,18.3846,0.0820648
3.90706,11.8396,0.0839062
-0.112068,20.7424,0.106745
4.05548,11.4186,0.0663269
-0.288094,19.4339,0.05
13.7405,15.4274,0.05
-3.53054,2.98179,0.0671146
-11.5879,21.0973,0.0606305
-2.18162,2.15251,0.0576863
-2.75948,13.6468,0.0724973
3.09768,16.6357,0.0896664
1.68556,9.22705,0.069347
13.651,15.7352,0.0859061
6.5114,6.37364,0.0969883
-0.754724,21.0102,0.0705549
12.7247,0.222879,0.0587096
12.5665,19.2595,0.0514416
5.51532,10.6187,0.0967862
-3.44021,20.3189,0.0929201
-7.65413,23.5772,0.110111
3.62532,7.33038,0.05
-13.656,21.846,0.0685067
-14.945,19.5386,0.0550349
1.8238,0.106916,0.106961
-10.4259,28.5621,0.0781054
6.07592,9.20872,0.05603
-10.4067,10.9163,0.05
14.2002,6.5328,0.112923
-3.7533,9.11245,0.0631569
-2.51936,25.7592,0.10175
0.835932,8.59756,0.071732
-8.47913,21.6342,0.105738
-14.4551,1.79242,0.0727387
11.255,23.5273,0.0691555
-0.304974,22.6371,0.05
-6.03088,14.3729,0.06346
5.68183,9.27234,0.0517554
-1.95696,16.1872,0.0777805
9.8378,12.1785,0.099963
11.2624,17.6844,0.0654584
1.42935,3.60607,0.0802287
4.95604,21.856,0.0559548
-8.47848,18.7476,0.0949888
-12.989,15.8025,0.0606421
5.46923,1.60584,0.0918723
8.4624,24.8348,0.0752546
-14.1268,0.315155,0.104572
-8.52439,22.6611,0.05
-9.99352,9.89478,0.0563379
10.134,0.589001,0.0536011
13.2311,8.36973,0.0573572
-14.5641,8.0054,0.05
10.0823,5.20446,0.106089
13.2046,8.56203,0.067963
11.3918,20.6053,0.0645364
0.945076,8.51313,0.0662528
-5.77819,9.99363,0.0835599
-0.610711,21.9319,0.0926161
-14.9484,2.02626,0.0516274
1.38211,14.246,0.09786
-9.5125,20.3545,0.05
-2.29473,2.25381,0.0941622
4.6441,0.720799,0.066627
-14.4098,8.35146,0.110225
3.09782,27.421,0.0731334
8.96095,24.6296,0.107258
9.31818,15.1343,0.0919532
3.21068,10.6478,0.0800883
3.11165,3.11087,0.0667802
7.07709,14.8675,0.0778832
12.887,21.2731,0.078264
-2.69524,4.78474,0.0782573
-11.6404,16.2013,0.0687337
-1.49084,22.3935,0.0620577
3.42138,18.2917,0.0939311
-2.98449,6.00341,0.0827247
-9.72033,12.1183,0.0647913
-13.1406,28.8969,0.0808068
9.10296,6.19611,0.0678181
-6.45855,13.2096,0.05
12.3218,26.7494,0.109375
-14.95,26.8388,0.05
-3.78817,14.6631,0.122915
-11.7975,1.18974,0.102979
2.78989,29.414,0.061389
-5.99026,24.3675,0.0584918
9.93252,7.23783,0.074573
-8.88785,25.8509,0.0951842
10.8657,29.5622,0.05
-7.42646,27.21,0.0660667
-12.4837,9.40703,0.05
-12.9183,12.111,0.0709369
-6.29832,14.0444,0.0613581
-4.05244,24.9012,0.0814167
-11.2434,5.79646,0.0671701
5.64869,22.0507,0.0572266
6.13479,1.82252,0.0918552
-12.3348,0.467298,0.05
-1.12339,25.4107,0.0760199
-3.71071,24.906,0.0957149
-3.79619,5.17951,0.0973663
14.6627,16.4646,0.114803
-6.12918,27.7946,0.0826109
-2.83865,0.0626849,0.0626984
1.48203,12.7931,0.05
-14.3064,27.9283,0.05
14.0461,24.3539,0.0869674
-2.38726,6.4099,0.0987336
6.04709,3.0502,0.0673158
-8.18751,10.791,0.0877638
12.3568,12.2116,0.05
-12.0006,21.4941,0.0512853
-14.0733,19.8495,0.0811295
-0.509843,23.4762,0.0734251
8.53613,29.1876,0.0744943
-13.2334,23.785,0.12496
0.798765,13.5397,0.0678907
14.95,5.58833,0.05
4.88255,6.55616,0.05
-9.9685,3.26369,0.0718511
-6.62168,4.0572,0.0709501
-2.84317,5.03632,0.0956293
-0.361022,17.005,0.092249
-1.97603,13.8626,0.05
8.32133,3.39913,0.05
-5.77083,1.3744,0.083473
-6.10293,12.8678,0.11295
-12.3322,29.6079,0.104942
3.11285,24.0379,0.0803474
11.7505,21.5218,0.0602824
1.22573,5.98391,0.0538082
8.53888,3.34719,0.0613786
10.1594,19.497,0.125031
-3.35366,3.72274,0.0918867
8.59154,4.92716,0.0933864
-0.181712,29.4674,0.05
4.6471,9.15989,0.0610569
-1.40284,21.1366,0.0966251
-5.89193,4.47012,0.0955817
6.15503,2.32274,0.0557244
-0.933897,3.18275,0.0858204
14.6867,23.7077,0.0719722
-4.02503,10.4625,0.0782449
11.4736,6.38577,0.0774209
-2.88875,15.1979,0.090617
13.609,11.4023,0.0797699
-8.1704,29.2777,0.067441
0.79097,3.56728,0.114787
-13.514,12.2951,0.0829979
0.911178,14.114,0.0841893
-14.95,24.9864,0.05
-14.6731,5.98694,0.0959294
-13.5459,11.1065,0.0865436
11.6712,7.46321,0.0542239
-4.11454,18.5403,0.111217
1.68747,7.54628,0.0851283
-5.14751,10.6668,0.05
6.68655,19.5873,0.0675667
13.0913,9.79299,0.0738444
6.13484,7.42744,0.0897578
-1.91966,22.2112,0.0760762
5.07691,26.5511,0.0842623
-14.367,16.2446,0.083888
-13.0709,11.8769,0.05
-12.0596,19.1841,0.0702046
-9.26035,14.9733,0.117838
4.86053,13.3117,0.0585108
4.16944,18.6269,0.0542202
-6.25207,23.5139,0.0790623
13.7222,19.1027,0.0691164
-1.59732,26.6048,0.0533291
5.95286,29.3976,0.0555388
2.78308,5.13487,0.05
-2.14807,9.09815,0.0583141
-8.00633,28.9696,0.0645333
-2.94301,29.4218,0.0593295
-10.1077,14.56,0.0641173
-9.43898,2.58688,0.0818299
-8.80981,1.1951,0.106854
1.28007,27.4277,0.106107
-6.52224,4.99706,0.0712693
3.37161,7.00802,0.0993641
6.27935,1.2617,0.0947206
2.8281,13.2743,0.0812875
14.2726,12.6265,0.0735648
12.6863,21.8927,0.0810262
-9.17189,5.19234,0.05
-1.99893,5.70927,0.05
-9.38801,0.66993,0.08999
-3.24153,5.41409,0.100259
9.16737,4.47398,0.0686928
4.20245,3.31352,0.119116
-11.2046,0.34773,0.0903902
2.56577,22.5173,0.0888673
-4.29416,19.0579,0.0504142
-0.0548053,21.8422,0.05
3.81824,4.78994,0.0693177
10.5093,0.500705,0.05
3.53609,24.4251,0.0613135
-10.6281,26.3463,0.0880386
7.6785,1.98072,0.05
12.5703,16.7584,0.0974415
14.2949,19.3413,0.0753918
2.19413,10.9912,0.0801009
-10.8922,8.74078,0.0985029
-5.39359,6.66003,0.0664319
0.829064,29.1518,0.0562505
-8.30694,29.0934,0.05
4.05198,19.235,0.110412
5.41297,17.3207,0.0532858
10.7155,25.0769,0.112866
-14.6209,6.74172,0.0635822
0.457864,8.85813,0.105219
-8.05716,17.0428,0.05
7.01104,23.7838,0.05
10.1012,5.55235,0.103388
-13.7823,8.34908,0.0774866
-11.4701,18.6969,0.101655
-12.9089,9.09695,0.0714597
-0.194896,6.41068,0.0883894
10.5413,21.6507,0.112127
13.048,9.93187,0.0716331
1.07445,20.9883,0.0725289
6.94661,17.325,0.05
9.26026,4.19292,0.0945354
7.76224,15.6397,0.092042
3.65455,23.9626,0.0635671
0.84192,28.8234,0.0616829
12.7058,7.24636,0.0859785
-14.4029,4.99411,0.0998063
6.87857,5.72656,0.05
5.0498,13.8838,0.05
13.7234,23.0796,0.0606505
-12.0033,3.23726,0.130901
3.05721,8.00998,0.0853248
10.5177,19.0818,0.112423
-4.38923,19.6334,0.0800234
3.81504,3.93641,0.110658
-2.35672,21.5517,0.130075
10.0122,9.96266,0.05
-0.431152,28.7881,0.0786914
13.1362,8.79207,0.136847
-9.89098,21.8259,0.0873327
11.9824,21.8595,0.0662741
-3.67702,5.77286,0.0636911
4.21189,28.238,0.05
-1.81203,26.2157,0.088159
7.36981,26.6584,0.0763825
13.1761,5.0507,0.0639681
11.0567,13.7458,0.114535
-11.3276,8.16873,0.0673133
8.67382,12.1232,0.0994364
-0.93712,16.5231,0.0895802
11.2479,27.6712,0.0659107
6.14168,23.7803,0.0715496
-12.983,17.3449,0.0840491
14.0992,25.6186,0.0969766
-6.81005,27.6122,0.126052
9.61526,18.9555,0.0846319
-13.3756,4.0572,0.0569081
1.10458,1.77617,0.0895555
1.69304,22.4585,0.12698
-9.05294,11.9184,0.0719707
-5.35678,7.49143,0.081528
-0.500216,1.79186,0.06777
-4.02045,29.4228,0.099589
-13.5964,17.3638,0.0802263
4.5173,6.21842,0.05
3.48565,29.1686,0.0535354
-7.21707,29.4852,0.0521406
2.15655,20.9052,0.0668805
1.90208,14.8716,0.0708635
-7.25997,19.6512,0.10436
-5.4433,6.34152,0.05
4.85163,3.59812,0.05
-1.25136,25.3519,0.0647995
7.01104,6.74139,0.0656402
5.69071,27.8903,0.0996943
12.3113,4.59648,0.120382
-12.5837,25.5948,0.058489
3.73232,12.432,0.0945496
7.33447,16.6168,0.0731021
-13.4541,27.0882,0.0877165
-0.202479,0.388318,0.0629238
12.3608,18.2699,0.121682
7.74882,3.2519,0.102115
-1.5611,14.2306,0.101266
-9.66718,23.3119,0.0580136
-9.1123,18.0204,0.05
11.1562,14.5979,0.117958
7.46857,0.384039,0.0912979
-14.922,20.0531,0.0780333
6.58655,1.30708,0.05
8.45851,14.3753,0.05
11.9578,16.9849,0.136528
-7.61298,14.4611,0.12708
-12.4141,28.8983,0.05
0.865693,10.7145,0.0847844
-8.77149,13.4268,0.103142
-5.67591,0.479315,0.0818587
1.63201,12.3567,0.10856
-9.63546,20.389,0.0760622
-12.9862,3.85504,0.104018
-4.91395,22.2712,0.0744987
6.86719,6.6249,0.119459
-11.0357,2.072,0.118767
-2.40539,12.5358,0.0570513
14.1438,23.0088,0.0643679
-0.622638,29.2233,0.0699013
-9.36452,15.3189,0.05
-1.64814,5.38849,0.05
-11.6352,23.3679,0.078862
-5.85969,8.01997,0.0780912
13.6476,27.2459,0.102772
2.80782,17.2048,0.0775535
-0.0914684,26.7841,0.05
8.70791,3.76147,0.0796657
-2.83015,25.7449,0.0846065
12.0394,28.4217,0.0957872
-11.1621,24.8905,0.122411
-6.23182,14.9874,0.0564897
5.75439,15.3199,0.0741653
6.81153,1.15471,0.123938
-10.0078,17.0505,0.0958306
3.24427,1.0539,0.0696049
12.434,27.8531,0.0892643
-10.1636,6.22971,0.0630598
14.9343,27.9361,0.0656055
-3.19584,12.7918,0.131846
6.98775,14.1623,0.05
-10.8374,8.30859,0.05
7.10032,26.5903,0.05
2.70457,6.14265,0.05
-11.7034,18.0769,0.0957279
14.3009,4.37408,0.0913201
1.7409,20.6002,0.114108
-11.3757,15.2512,0.0974889
-13.4547,10.7692,0.0741491
11.4026,4.07467,0.05
4.15446,10.9971,0.0632569
14.6843,3.70178,0.09246
10.8227,4.71105,0.0655876
-4.88926,5.51937,0.0992085
-9.84576,4.51405,0.112645
-8.98413,25.511,0.05
10.5503,17.4052,0.0693326
-5.72699,25.2151,0.0759939
-8.0009,6.56237,0.0990138
-5.65455,13.2377,0.0859127
-10.008,0.181616,0.0786579
0.889114,15.49,0.105629
-14.9471,18.4643,0.0528684
13.8058,15.0495,0.0820318
-9.41566,5.44887,0.0896953
-6.84475,27.1863,0.0783016
14.1603,15.0421,0.077925
11.4483,10.8277,0.05
11.2615,3.71383,0.101938
13.4952,22.0732,0.05
3.28541,12.3779,0.145212
3.086,26.1875,0.0798594
1.2973,29.9815,0.0514174
8.33851,18.7882,0.0718167
-9.65685,3.33604,0.0512971
-10.0779,27.3429,0.0517957
2.67776,15.6762,0.11066
13.8117,4.43501,0.0731958
5.35265,9.79567,0.0800389
11.0417,18.7484,0.05
-1.26846,18.2245,0.05
8.76421,20.3002,0.0836605
10.4127,26.2941,0.0882796
3.03911,27.0291,0.05
-12.2199,14.1084,0.07963
9.22765,3.59364,0.121983
-7.45411,27.8518,0.05
-11.4166,29.7751,0.0649254
-13.0307,27.118,0.0806739
11.8681,8.90754,0.05
-14.8053,1.99038,0.0960215
1.75523,1.32462,0.106988
13.8231,22.2415,0.0724372
8.0977,17.4316,0.070079
11.9206,3.41673,0.0879687
-0.639465,9.74528,0.05
-4.3645,3.1525,0.0549753
14.1059,22.061,0.0786592
-14.4029,23.939,0.110434
-2.21109,22.2237,0.0503151
-5.16102,3.80194,0.0679731
11.7195,7.86904,0.0854375
-5.60546,11.24,0.0753445
-14.3938,17.0658,0.107444
3.94466,2.37757,0.0873742
-11.1697,7.71469,0.05
-14.2853,3.38812,0.0511343
-0.332808,19.585,0.107565
9.26772,15.6653,0.0969488
4.4321,1.06445,0.0722532
3.54405,20.267,0.0575408
6.16811,15.489,0.0792378
-13.408,18.4867,0.0756462
2.99131,17.5678,0.0573326
12.2386,1.8636,0.05
3.36455,22.9451,0.0958919
-11.5462,26.008,0.0692882
8.87658,15.3237,0.0632006
-1.30898,28.4546,0.05
14.7025,6.76084,0.0517302
-0.804068,22.1382,0.0510339
13.2062,20.9327,0.0817115
9.48217,7.89502,0.100526
10.664,11.9822,0.0693496
6.5631,14.1579,0.138562
-5.59068,3.61207,0.0646837
0.427535,10.6739,0.0546254
13.6723,4.99901,0.05
0.0359944,8.09486,0.0615624
7.40011,1.34693,0.105746
-11.8398,2.98714,0.094725
4.87553,22.2205,0.05
0.963176,17.9864,0.0779219
1.15636,8.36583,0.0857211
-7.20148,27.8625,0.0991149
-13.7274,21.5795,0.107299
2.68393,29.5845,0.0782086
12.3888,9.4594,0.13092
-9.6469,1.15745,0.059446
-5.4208,13.607,0.0893557
-13.7784,8.04733,0.0713709
-7.64598,25.5633,0.05
14.1483,8.05486,0.130912
8.89691,17.0761,0.101006
-5.12082,15.1853,0.0701036
10.4779,0.962895,0.0965998
4.81662,11.6955,0.101625
8.81658,6.21527,0.0612114
-14.4821,1.21323,0.0689782
0.30427,4.84323,0.0981949
1.3974,2.24297,0.117461
8.59108,28.6295,0.0633747
-9.6826,10.5353,0.0667732
-1.78296,3.3658,0.0822852
-11.2798,14.9883,0.0837083
6.46688,12.9474,0.0653852
0.662084,0.152731,0.0553354
12.7795,13.3104,0.118495
2.01212,18.7922,0.102091
3.01098,5.71091,0.05
-1.59012,12.5171,0.106793
4.07286,11.7934,0.0881641
-5.67892,12.317,0.0772012
-2.33176,10.9495,0.05
-11.8396,25.8066,0.0888733
-6.75213,19.2598,0.0675801
2.14722,26.2078,0.0933496
-9.75743,3.57456,0.101614
6.83243,27.5989,0.0607183
11.3973,29.916,0.0784673
2.48485,9.00464,0.0731439
-10.5882,6.20452,0.05
-14.7609,10.5077,0.0931927
0.777295,25.0366,0.0571773
-3.85314,4.75033,0.061001
-9.40367,8.98598,0.104352
-0.0395729,26.3226,0.0742191
13.7942,29.7705,0.0886828
-6.57151,13.2468,0.0689359
-13.7971,28.6388,0.0799006
9.43606,27.1014,0.0629839
-4.85912,18.0501,0.0728183
-14.4815,12.4866,0.10305
6.39079,7.6545,0.05
-1.57166,17.9894,0.104052
2.07677,29.3153,0.05
-6.80442,2.86481,0.0619729
4.7653,29.1147,0.0680676
13.8394,8.13869,0.089329
8.93104,2.33347,0.063471
11.2547,24.6031,0.0882179
-3.29129,9.32708,0.108461
1.01338,21.3011,0.05
0.666561,13.0088,0.05
7.55195,21.0424,0.0926969
12.4989,19.3537,0.0644967
5.41007,15.4544,0.0868427
8.29392,15.4858,0.05
-12.1391,19.0188,0.113224
-13.6126,29.0779,0.0950135
-8.21504,23.3446,0.125342
5.46538,12.5458,0.0972884
-12.3614,24.871,0.108658
5.14385,22.9408,0.0731632
0.154414,17.701,0.0762592
-8.371,9.496,0.0831195
-14.8372,9.3213,0.05
14.5686,24.0293,0.0547853
2.8986,22.8128,0.0931399
0.651073,24.1793,0.05
-1.58148,5.87661,0.0753581
4.33147,14.1985,0.05
6.05836,29.619,0.0898908
7.00898,19.0654,0.128005
-5.62791,1.29064,0.0821929
-10.7744,4.19232,0.0720444
-5.95748,15.5428,0.0528257
-13.9863,17.039,0.086071
1.69459,16.8274,0.0676472
8.52344,6.88629,0.115361
8.49402,0.699934,0.0627701
11.3064,16.6871,0.146602
-10.7606,26.1264,0.0885737
-1.76621,12.699,0.115015
-7.54253,21.0882,0.113963
-8.08651,27.0591,0.0676856
-9.71266,25.313,0.0802195
9.80158,16.8793,0.0854149
5.06886,17.872,0.0924088
-6.83724,17.7186,0.0985199
-2.12396,4.1345,0.102126
11.9969,18.7759,0.102473
9.75578,6.30908,0.0759238
-13.0104,14.7969,0.117295
12.6723,26.0042,0.0971598
-9.85734,16.4373,0.0617212
9.41371,3.74187,0.107488
-6.34742,27.0688,0.0782946
0.738017,24.4257,0.109582
-1.23574,18.4497,0.05
1.18299,12.8778,0.0823733
-7.27777,17.1166,0.05
-0.835317,19.2906,0.0717926
-5.48006,11.1592,0.071438
14.0409,21.5665,0.0540777
-9.48142,18.6171,0.0696116
-5.97563,5.46352,0.0962773
-5.31267,0.321585,0.0822995
-7.83116,7.18899,0.0637628
-7.14633,8.43122,0.118646
6.00847,14.9552,0.0996767
8.22093,10.1956,0.0587041
0.50561,24.1955,0.0963591
-10.5679,3.7067,0.0732701
0.409769,20.8467,0.0850828
-0.379739,10.0006,0.05
-7.47002,26.2779,0.0654159
13.0285,0.908167,0.0879129
-13.9791,28.8511,0.100567
-2.53495,5.23472,0.0596934
-9.35644,3.34599,0.05
-9.35836,22.7444,0.05
5.84842,4.38318,0.0716134
12.1855,17.5756,0.0967161
-11.715,8.8746,0.0792136
11.8533,16.5345,0.112873
-1.99013,9.01234,0.10407
5.58692,26.5053,0.0753201
-0.741322,13.3143,0.0553618
-11.2894,28.969,0.0716616
-4.1472,8.6489,0.0693391
1.15834,1.61649,0.05
-3.36951,26.0814,0.0760192
-7.84611,2.69168,0.0636792
14.4354,16.9718,0.0792665
-4.13658,16.1227,0.0536704
-4.60822,6.05344,0.05
4.3438,19.8071,0.0752279
13.8843,27.1586,0.10745
-2.17101,11.2694,0.05
-6.70737,27.1823,0.0572417
9.93231,9.53925,0.0538109
1.63464,18.9731,0.0912969
13.2237,5.64375,0.05
-11.7627,17.2561,0.0812888
11.4708,18.72,0.0830748
-5.65055,12.812,0.0503148
0.159513,5.32984,0.0826279
-12.8209,25.8693,0.0884874
2.24007,20.0794,0.0561071
-13.5634,18.4518,0.0793375
2.70884,4.55735,0.0629296
3.79042,20.551,0.0660639
10.7118,28.9999,0.0613867
12.6895,21.1603,0.0698893
-1.4314,20.2013,0.148093
14.1947,0.336968,0.0804008
8.37804,10.9507,0.0728686
-2.99823,29.7033,0.132171
-5.98701,3.906,0.0628458
7.2865,1.64186,0.106678
-0.0606962,0.0895126,0.0895271
-5.45975,20.0338,0.139674
-1.62363,5.00386,0.0747715
11.7705,4.17408,0.05
12.8785,29.0211,0.05
-2.48909,8.98453,0.104341
0.815933,23.529,0.0573411
-11.0604,3.21116,0.093545
10.5945,1.57676,0.1329
-13.2727,15.0316,0.107034
7.85583,16.4554,0.115898
5.87788,9.87976,0.0577644
-5.04,0.318042,0.0873527
-8.49498,15.8361,0.05
-14.0991,20.4071,0.086083
-3.42221,25.1181,0.0945867
13.7067,20.0953,0.0638456
3.63021,20.3605,0.0695448
-10.5916,16.8544,0.0641676
-8.4881,15.0281,0.0633767
11.7124,0.878634,0.0587067
-5.95273,26.981,0.0803327
-11.1037,23.3026,0.08713
-7.22205,20.7012,0.0876856
-11.7513,11.811,0.105252
7.06699,24.1406,0.0820094
-14.2261,5.04841,0.0850805
-11.8622,6.41163,0.0928068
5.5045,18.8461,0.0604502
-6.29245,5.29931,0.0687006
7.71131,13.2481,0.142251
9.7186,4.65612,0.0574388
5.93156,4.73803,0.119289
11.8261,18.4356,0.056505
3.1801,22.9415,0.0885882
-10.4595,22.4492,0.0764878
-11.0045,0.540524,0.0992004
0.40706,24.7595,0.0568444
10.2928,16.5221,0.0805842
13.352,28.3351,0.0541444
6.3884,21.2141,0.0814931
8.71451,24.2933,0.0988934
-0.431807,12.2945,0.114776
1.39215,9.53296,0.0620326
12.5233,25.941,0.0646589
0.937162,11.6628,0.05
14.1899,0.883039,0.0702596
12.4525,21.5245,0.0849133
0.706165,29.9631,0.05
-5.4435,28.5158,0.121325
-1.28654,17.6048,0.0850953
12.5521,22.7588,0.131239
3.38659,22.4484,0.05
-8.85505,0.387535,0.05
12.7191,5.61603,0.0824625
-13.9226,24.6555,0.066647
-3.41053,7.02352,0.0763874
2.23798,5.96579,0.05
14.7166,6.40112,0.0501867
2.15527,27.7934,0.107473
-3.22426,12.9731,0.0516261
1.5333,14.1892,0.0636359
-8.89305,6.19525,0.102028
-13.0918,27.2694,0.0825965
-10.9005,21.2197,0.05
2.10152,15.3477,0.0976312
-7.4001,20.8981,0.0673548
-10.9265,14.4395,0.11571
-9.54103,4.56886,0.10909
10.7146,7.35164,0.10199
-12.7013,26.3401,0.05
-7.67083,22.0749,0.0821181
-3.01895,15.251,0.05
-4.63653,18.4624,0.0770354
11.4524,13.8676,0.131287
11.9866,3.67132,0.0664617
-9.04724,8.87219,0.0727365
-0.769806,27.3415,0.0548416
2.48346,11.146,0.0618791
0.195618,6.777,0.0940324
-14.9304,28.8189,0.0695855
1.67866,22.9437,0.108167
6.14587,6.99264,0.0676163
-3.51054,13.7252,0.0684249
-2.11714,3.56641,0.105972
-8.32662,2.72852,0.05
5.16799,10.2605,0.100281
5.08332,25.7246,0.05
6.7855,19.0128,0.0702988
-5.86312,12.0778,0.0774056
1.47077,24.5803,0.05
13.8669,7.25969,0.0607014
1.83997,7.15813,0.0893505
-14.8388,21.8599,0.0948836
9.15807,18.2692,0.0638723
11.8257,18.0778,0.0862907
-5.97001,8.54945,0.118333
11.6847,28.4791,0.05
-9.16297,16.1333,0.0929782
12.1564,3.92792,0.074094
2.4453,10.7919,0.131021
-8.80466,10.4635,0.0637508
-10.8076,9.45782,0.0614496
3.55564,3.40915,0.0592787
10.5555,21.2872,0.0850313
-7.81186,1.90699,0.0965275
-11.5013,27.0797,0.106763
2.54889,1.9219,0.0841508
-3.85811,20.0221,0.0614268
8.70136,23.4572,0.100665
-1.80314,15.0246,0.0578063
-13.9423,23.1359,0.102616
-1.26258,8.41616,0.089506
13.8917,25.3381,0.0808106
-4.54039,27.6231,0.0821172
1.2841,27.9389,0.0671039
-3.24579,29.2008,0.0739562
-14.0452,13.7922,0.0656987
-6.64653,10.0201,0.081178
-1.12984,21.3559,0.0715413
7.49712,10.6334,0.05
-1.66497,17.7962,0.109238
-11.9306,14.5998,0.0732322
11.879,20.7629,0.0507374
-4.60341,27.171,0.100304
-3.15867,13.09,0.0824799
-4.58969,0.186202,0.05
-2.19714,2.35992,0.05
-1.37187,1.47425,0.0712571
-13.757,25.3926,0.105832
4.07984,0.190415,0.0501614
5.55003,27.7205,0.120827
11.3204,10.3599,0.0654291
-11.2101,20.6857,0.0631684
-10.4175,7.48839,0.109306
3.19189,5.19426,0.0664563
8.21522,7.67545,0.05
-8.79966,18.386,0.0622261
-5.40661,11.0095,0.0953694
-3.31649,17.4883,0.0779047
2.9106,25.3717,0.0914774
-11.7006,6.2068,0.0842193
1.40908,24.4454,0.0983331
-4.53441,12.5478,0.05
5.45885,21.1464,0.101329
4.17255,28.3723,0.05
7.39346,27.8806,0.0590661
9.84131,14.3134,0.104073
9.25642,10.8847,0.05
-5.59564,19.5749,0.0870413
-3.96819,3.92448,0.0576036
-5.88659,5.76895,0.0861087
-10.3763,29.8041,0.117843
7.18053,26.7203,0.05
5.65689,4.73087,0.0606672
-2.32738,26.6283,0.0536515
13.4996,25.4078,0.112649
-13.2949,14.8653,0.0607972
-9.58389,5.2497,0.0863436
-7.86259,22.5434,0.0681935
12.0293,1.61826,0.123483
-0.396915,16.3126,0.0848348
5.50093,10.2838,0.1104
2.85392,13.8126,0.0974014
8.64748,25.4679,0.0853169
-12.6617,29.6576,0.0917764
14.2223,11.4356,0.0875051
-13.0743,7.90635,0.0529239
-8.4856,3.40409,0.0884333
0.62677,19.7026,0.0692773
10.9589,3.66807,0.05
13.7426,9.23615,0.05
2.96872,3.4028,0.118708
12.5659,10.7308,0.0672352
-4.65412,21.4864,0.05
7.79483,8.69549,0.0893886
2.30015,6.21488,0.0607785
-7.93434,28.8325,0.0902354
3.21054,0.34416,0.0807061
-4.75369,19.501,0.0911072
-6.63178,13.9151,0.0727891
-9.84718,4.13974,0.0721768
9.82013,27.8673,0.108636
-7.69454,0.372536,0.058844
-13.8092,6.7727,0.0952893
-12.1547,7.10842,0.111892
8.15147,29.8571,0.0511173
-1.42558,16.5433,0.0749746
8.66741,14.0805,0.082694
-4.34489,27.4342,0.0903914
1.96772,14.106,0.0651259
8.26085,17.1903,0.0627892
11.8034,19.2255,0.100116
-3.37764,16.0307,0.068821
-1.46049,21.5918,0.0848663
-6.43553,8.53683,0.0613813
0.880602,10.1639,0.0684836
-7.48329,28.0871,0.0918413
-2.33578,19.2387,0.0982921
7.77088,21.3276,0.0812187
14.4131,18.5396,0.0792589
13.2405,21.0794,0.0690184
14.1208,3.36251,0.067163
3.08056,11.5763,0.0918416
-6.79161,23.5893,0.0705529
4.27735,16.9993,0.0560421
10.2053,20.5128,0.0551115
-5.68298,3.01784,0.0806193
-5.15513,8.81675,0.111428
9.27603,29.0225,0.05
-4.1259,27.3499,0.0704777
7.82379,6.02639,0.052304
-0.460322,26.7432,0.05
13.8736,21.9212,0.0958709
3.0534,8.98798,0.112914
7.73662,14.5474,0.05
-2.39002,5.20061,0.0892054
1.29177,16.777,0.0886927
-2.22017,28.2933,0.0780744
6.90241,14.2788,0.0924561
1.03386,13.995,0.086752
12.6475,27.7656,0.102445
-12.3401,9.29793,0.100113
-14.1603,24.1707,0.0856007
12.2948,12.7533,0.0561761
-9.35378,29.1254,0.05
-2.5453,26.3751,0.0849703
3.735,26.6756,0.0730444
-14.9118,19.7904,0.0881565
7.80493,28.8065,0.124117
-0.758043,29.2279,0.0655833
8.99573,25.0125,0.0697893
-0.630958,14.7255,0.0695052
-11.1114,4.34157,0.052222
5.58349,11.3172,0.0929558
-1.00004,2.94362,0.0722789
11.0826,21.5739,0.052066
7.07184,15.8562,0.070579
11.1881,22.9141,0.078332
12.9162,13.1044,0.0555266
6.18856,2.46154,0.0870733
-14.7005,4.3231,0.0585382
13.8979,26.1164,0.0795241
4.81756,10.4429,0.0718444
-14.8249,26.8437,0.0751935
9.97732,12.8547,0.05
-7.00234,9.45456,0.075061
-4.45847,4.67607,0.0881223
11.2303,6.43941,0.0540765
9.99839,19.5865,0.0591739
12.1889,7.47595,0.0601999
8.96107,6.281,0.0975294
-4.32236,28.2709,0.0546931
-1.54455,20.6078,0.124182
-6.24369,22.9979,0.0771949
-10.8866,20.6847,0.100241
-8.70983,1.67506,0.0847329
11.7209,23.5268,0.0776489
-12.8593,16.3424,0.111598
2.83504,23.5313,0.09831
-5.669,5.81185,0.0696078
0.681444,17.1572,0.0990421
5.69892,17.3049,0.0791176
10.9169,23.688,0.125111
-1.12135,20.8267,0.0722474
-5.52441,19.4578,0.05
-9.21565,19.7868,0.068069
-8.44901,19.7335,0.0592126
-0.113463,3.02469,0.0714183
12.1035,25.5866,0.0604137
-1.6357,22.406,0.0833402
13.2033,17.8719,0.077478
7.26862,15.825,0.12467
10.9595,18.8956,0.071886
-2.26201,0.911774,0.0685315
2.18604,28.4241,0.05
6.37838,11.7023,0.10121
-0.774866,6.97205,0.105449
-13.4198,8.75072,0.0771058
-10.7358,17.4506,0.0787641
12.3749,2.72595,0.05
11.9573,27.0459,0.10743
5.78838,27.1113,0.0669885
12.2325,26.9487,0.108999
8.2956,5.31438,0.0784927
11.8258,2.54952,0.116087
11.9696,4.99916,0.0799934
-7.39262,12.8501,0.0630043
10.928,28.2148,0.0879319
12.4825,12.4346,0.0682351
8.46091,2.64,0.14294
7.81467,11.5973,0.0877036
4.99758,10.1238,0.118177
10.8079,4.94438,0.05
0.384178,15.5972,0.0862016
-13.5488,23.3959,0.05
-13.8756,27.6409,0.109978
11.7746,22.17,0.0610939
-10.868,19.033,0.0935661
5.27225,20.9752,0.0697592
-6.67139,20.76,0.0741635
-10.0043,4.10142,0.0895647
14.3211,5.15256,0.0542783
4.41894,14.3006,0.0844756
-14.9268,5.92547,0.0731592
3.19144,5.05549,0.0723204
-8.62376,14.3323,0.0833521
13.6506,13.7065,0.0724551
1.4277,10.5668,0.077506
6.35086,8.23175,0.0682337
9.64823,5.83313,0.0959611
2.04591,7.99599,0.0768151
-3.99141,6.37654,0.0791205
-3.01441,19.6891,0.0864045
-4.00259,15.0982,0.05
-3.33267,14.1506,0.0552953
5.98365,13.3726,0.0556608
4.09138,27.9973,0.0740922
-2.33783,10.7443,0.0678125
-4.31638,6.6559,0.0842808
14.0622,19.9031,0.0688894
-2.9143,23.4748,0.101164
11.9292,15.4742,0.05
-14.6912,8.48612,0.0802018
-11.0043,25.8308,0.05
-14.2149,4.00688,0.0506496
9.23853,7.83131,0.0976519
-12.4843,24.0663,0.0778095
-4.45944,14.7669,0.074186
-14.5555,25.578,0.10164
13.1795,20.5881,0.0863553
-0.920951,19.1488,0.09386
0.77338,8.98267,0.0810782
-1.70745,5.65394,0.0871748
-0.218046,17.7792,0.0685484
5.0134,0.999014,0.05
-6.3516,5.73638,0.0587086
11.4585,12.1706,0.0698217
6.38722,27.3092,0.0727723
7.19711,8.22528,0.0602354
9.35181,20.6835,0.107296
-8.30953,20.5609,0.127264
3.24001,2.6294,0.0704929
-8.10619,3.6824,0.0655228
-11.459,12.3068,0.0640567
3.36766,17.3618,0.103367
-5.45363,7.23816,0.0520489
-11.0584,16.5907,0.091848
-6.01923,21.6756,0.0684232
-10.2066,14.0541,0.0840259
-12.3873,6.72661,0.0972991
-14.4362,11.9984,0.0979045
-7.11707,23.557,0.0688145
-9.27224,22.4479,0.05
0.22347,0.918897,0.057561
-4.98629,11.2209,0.0706896
14.9339,13.4574,0.0660538
1.0585,10.4627,0.05
-8.59675,2.29383,0.0783234
14.8738,27.1305,0.126244
1.16274,14.5062,0.0973882
7.56486,16.3638,0.0561138
13.0185,8.08578,0.05
-13.4317,7.36852,0.0767449
-3.14208,18.2542,0.0522668
5.66397,11.9796,0.107267
5.76941,27.2956,0.0881215
-1.42593,9.29007,0.05
-1.84975,18.5389,0.0957925
9.94844,5.56604,0.05
-12.3847,14.5562,0.0691102
11.1652,27.9998,0.0538492
10.2639,8.98475,0.05
13.6959,23.7677,0.0926132
5.45936,29.9234,0.05
1.1253,29.0132,0.05
-9.98705,14.8252,0.0534369
0.414246,0.0778551,0.0778828
4.4543,11.4049,0.0672835
-10.7313,8.11049,0.0755112
-8.80618,17.262,0.109664
10.9189,16.0583,0.104439
-8.50905,19.0871,0.05
4.89493,9.53837,0.0771508
-13.5365,5.18643,0.051721
-2.28462,0.776062,0.050219
-7.94153,10.1071,0.0671054
13.7547,1.09818,0.0766949
2.03932,4.67537,0.0609289
-5.70659,29.5637,0.0744789
-14.3617,10.4184,0.0740046
0.20563,10.5689,0.0913229
9.99359,17.8747,0.073989
-5.04844,15.8924,0.0859518
-3.01511,0.883065,0.0672098
-12.9052,6.04557,0.0633306
-9.17123,9.12837,0.0633209
14.8148,1.29729,0.0684401
12.0625,14.9013,0.070226
10.8937,1.11921,0.083635
-12.5962,11.5274,0.05
12.1732,21.1223,0.05
4.72163,21.5808,0.0857061
4.94276,21.2589,0.101414
3.88126,19.8524,0.091779
0.760396,9.67535,0.0608935
12.0625,26.9084,0.0656772
11.3262,29.0978,0.0776267
12.5836,11.8025,0.0755511
-1.02961,7.70807,0.0767393
-1.91976,17.8412,0.05
-5.97844,28.8026,0.0766765
-3.67845,14.0721,0.0819086
-5.15108,15.577,0.087385
-11.2831,12.6057,0.0574926
-1.09233,4.66696,0.119467
3.08034,13.0021,0.105341
-10.0105,9.48625,0.0707885
-0.353774,21.9923,0.0778233
8.85891,15.4907,0.104684
13.8764,22.371,0.0676034
10.0513,17.4459,0.115531
-5.20772,7.81143,0.0720892
-8.8582,17.413,0.05
-2.07874,24.4597,0.0813595
9.79715,13.6635,0.0748391
3.90771,23.4313,0.0889932
8.97925,16.0191,0.105675
1.28223,20.5737,0.114189
-12.2653,10.6083,0.104679
-11.8549,18.4515,0.103226
8.58243,7.54603,0.0725577
13.2894,14.0943,0.0948444
-6.84565,13.0136,0.0506138
11.2166,19.4531,0.0633082
3.56024,0.491527,0.05
0.883743,19.4855,0.0836798
-13.7731,8.19524,0.0766257
14.7503,12.7735,0.070336
6.59695,18.6858,0.0526591
-5.8704,19.6234,0.0934087
12.0345,2.48074,0.0811278
-2.80025,23.6788,0.0506518
5.3173,10.4415,0.128693
12.2748,3.48351,0.10715
-3.50842,4.25685,0.0556458
8.57438,17.7649,0.0707411
7.66639,13.6538,0.0604611
0.820399,4.67489,0.0562209
-3.59264,10.4122,0.05
-3.30762,9.63102,0.0710552
8.28999,4.76616,0.0814136
-0.989387,11.3234,0.05
3.24428,15.9154,0.0897204
1.02393,22.2406,0.111467
1.09937,9.16011,0.05
5.95155,10.1987,0.102626
-13.2915,8.59975,0.0570646
12.2859,8.95896,0.0793166
-7.32391,19.8359,0.0911229
12.3538,16.0696,0.0823097
13.4156,28.6666,0.118329
-6.0771,3.16621,0.081696
14.2491,1.14857,0.0885019
7.31739,29.2948,0.05
12.684,23.1736,0.0770716
3.18892,16.7482,0.0552412
-11.0659,0.371191,0.0503063
10.6539,17.5349,0.0966865
-2.60227,16.4,0.0978742
-3.74231,10.6896,0.0916921
8.74135,22.6357,0.0726498
-11.2839,25.8069,0.0560104
2.76605,15.8749,0.0666882
-0.368582,1.56112,0.0805957
-4.37702,28.7465,0.05
-8.9327,28.0573,0.0782088
-12.9764,26.7465,0.0617537
11.8256,17.5018,0.108528
4.66093,23.7562,0.145425
-1.59741,6.02609,0.0749709
-1.26987,16.3396,0.0760149
-8.07222,2.99213,0.104728
-1.90617,18.9722,0.0879788
-9.33141,2.21665,0.05
-7.88266,13.3746,0.0863692
-10.5933,8.7433,0.0790008
-2.525,11.3086,0.0691098
-8.8177,5.64503,0.1071
-13.1573,2.78175,0.05
-3.76721,28.0325,0.0618797
-14.5926,14.7263,0.109662
-9.6037,10.9806,0.0868182
-0.266996,23.356,0.123912
-5.69814,19.7042,0.0743827
-6.67701,0.529308,0.0984235
5.05155,27.3247,0.05
9.57102,20.1719,0.0664402
-10.6829,19.0042,0.0865743
11.3548,3.51895,0.0976776
13.7981,28.5923,0.060108
-9.95926,8.4094,0.0768587
14.8883,7.38213,0.111672
4.437,23.3036,0.11822
-0.950954,8.5427,0.05
-1.51062,17.3217,0.0802457
-14.5346,3.55851,0.146348
12.9774,14.8285,0.05
3.10973,24.5135,0.05
3.07339,5.26056,0.0571132
4.87061,14.7893,0.0526499
-8.11315,8.32081,0.0795059
13.0167,5.41174,0.05
-4.62494,8.78913,0.122279
12.6277,13.8672,0.109911
-13.5389,20.2772,0.0740419
-11.4492,29.4732,0.0876495
1.52899,23.3035,0.0792978
3.91929,13.7291,0.0524504
-5.24364,26.8212,0.0535652
9.82767,5.23305,0.0629535
8.9736,21.279,0.0595804
-6.97213,10.4902,0.05
3.88346,0.827994,0.05
5.43409,25.8153,0.0753417
-10.55,29.9009,0.0809717
-0.552032,27.8799,0.0727493
-3.63664,21.9992,0.05
12.6005,12.9387,0.0656135
-7.91365,5.19452,0.103336
9.83,17.4089,0.108859
-8.02522,7.93422,0.0985428
0.696597,22.0045,0.0867679
-5.09026,10.8197,0.113217
12.6445,13.0675,0.0642826
-7.91942,5.83617,0.0753157
5.59185,1.98823,0.0604842
10.8089,23.3317,0.0619111
4.95712,9.03275,0.100342
-6.93788,28.7907,0.0878913
-10.3233,26.5438,0.0850164
6.61227,15.5116,0.0702518
-12.3143,28.8911,0.05
11.3458,21.1311,0.103838
4.40863,18.4165,0.0585522
3.47178,16.3079,0.0725171
13.6941,2.90817,0.05
-12.1417,9.12837,0.100233
4.14364,2.25123,0.148338
3.11197,20.7002,0.0678289
-7.98469,3.57748,0.0950178
-3.34611,8.44127,0.0765535
5.61029,12.5721,0.05
10.5401,7.00426,0.0889525
11.3259,28.5755,0.0647283
-12.005,6.41303,0.05
-1.82845,8.26646,0.05
2.57065,2.76165,0.05
12.2817,7.03131,0.05
-3.57883,20.667,0.059545
-8.36056,18.3416,0.109214
-1.82576,20.9442,0.0824655
-14.7473,1.30888,0.0752094
-13.0841,6.90173,0.0890735
-4.01225,7.62673,0.0946824
5.47145,20.0971,0.0567483
-10.1148,19.6586,0.12516
3.12282,25.4782,0.0883862
-13.7247,29.5824,0.0677532
-5.99742,25.1718,0.0559238
-9.19853,27.5119,0.101208
-2.50111,21.8324,0.0897569
2.74112,21.5973,0.05
-11.0596,13.6208,0.136652
-9.8076,22.9615,0.0811131
-12.5773,17.4443,0.05
-1.39949,28.1611,0.05
11.6503,2.67588,0.0946559
-0.681033,3.9863,0.0786964
-4.76526,22.9272,0.0844595
6.52353,12.7103,0.0506141
1.9148,24.6501,0.0770814
-14.4433,8.06265,0.0836491
10.6026,4.20152,0.121847
-11.0669,4.4336,0.05
-11.1354,17.688,0.0783888
-12.8823,7.07525,0.05
-3.61457,9.28955,0.0592531
-0.880604,0.871005,0.0500946
-9.48559,19.3755,0.112655
10.2603,1.50497,0.0872094
-9.04799,9.22113,0.0581875
-0.627005,21.4307,0.0945798
-13.761,2.63841,0.0609087
3.69476,24.7643,0.055465
11.8191,28.6817,0.0643529
-10.0914,21.9071,0.0603301
2.72807,17.7137,0.0737072
2.96486,5.82761,0.0754795
-5.09274,1.26645,0.0808572
-8.1189,12.3866,0.0746338
-1.91062,3.28069,0.0708257
4.0335,16.0625,0.0784701
-5.14086,3.5153,0.05
8.01816,29.829,0.085101
13.0684,7.38002,0.0926616
5.6616,18.6059,0.0869518
-13.3115,23.6215,0.0562392
-0.928256,10.7631,0.0864032
8.28047,12.0327,0.0527371
-4.11301,21.259,0.0635006
-6.39125,28.6831,0.110337
-3.05891,28.3671,0.05
11.5994,12.5736,0.0752829
-10.9188,3.83672,0.101913
-6.46716,16.0018,0.0935454
-4.35751,23.8379,0.0966615
4.33086,8.62292,0.0720635
-14.9467,22.3621,0.0533121
-0.81429,0.314195,0.0721589
-4.62084,17.7598,0.0850539
-5.00744,22.0864,0.0716493
-5.94292,24.0655,0.0730825
8.07179,17.7469,0.0525412
-0.142294,10.7962,0.086941
-9.7966,20.0515,0.05
-4.45002,19.4606,0.103167
6.22186,15.0189,0.102999
-4.8014,20.1049,0.0897601
7.31035,26.1126,0.05
-14.8146,17.4203,0.0872811
-5.22718,29.2282,0.0672333
-0.119292,19.6082,0.0528337
7.46148,8.65188,0.05
-7.64659,2.49056,0.05
0.797726,20.4445,0.099876
-9.46624,13.8676,0.0649714
8.68169,11.0764,0.0693825
-2.83824,4.55176,0.0521472
-2.92626,0.65198,0.0884416
-14.7592,18.4022,0.106845
11.577,20.8266,0.0508168
-5.76507,27.5906,0.0624076
12.3605,22.7905,0.05
-0.125463,28.664,0.084946
14.0768,8.41248,0.0864658
8.24034,26.7153,0.0582463
11.1068,8.89109,0.105316
6.78931,8.4623,0.0671543
-11.1056,5.05116,0.0600902
-8.72498,16.7393,0.109634
13.7725,3.60149,0.0501751
-4.1591,10.7918,0.05
-13.9283,29.9614,0.098592
-12.6872,0.574708,0.124046
10.8993,15.9037,0.051301
0.238896,13.7666,0.109429
7.79719,8.47206,0.0919268
10.1962,13.5805,0.0714684
9.37521,19.6034,0.0617074
-8.18353,3.55526,0.0750197
-4.63695,8.22694,0.0738762
-5.53312,0.581289,0.0936376
4.2561,2.02129,0.107657
9.06746,0.311206,0.0538494
11.9925,17.2885,0.0809644
-10.3593,5.62242,0.05
-5.08085,19.4632,0.0858392
0.920986,22.6179,0.05
-4.817,8.41108,0.101187
11.8424,3.90248,0.0786465
-13.1336,26.7319,0.096029
10.1036,17.1481,0.0773623
-0.0329916,10.2464,0.106178
-7.08444,10.3942,0.05
-10.9118,5.97126,0.131009
0.701711,5.06095,0.05
14.7992,23.8145,0.0727956
-11.4043,12.834,0.0637313
-13.3403,14.0025,0.0652439
9.82537,14.1502,0.0598524
-1.11416,7.98127,0.0680405
-5.17946,27.1301,0.0733795
11.0813,16.0145,0.05
12.6182,12.2499,0.0857731
-6.39393,8.29603,0.0734522
0.560987,6.15388,0.0501836
2.50426,4.38166,0.101868
11.2854,20.5276,0.067247
-13.6797,5.06515,0.101348
-12.0353,20.6742,0.0592264
-10.4309,1.98109,0.0881514
-12.8487,22.2031,0.0850607
10.0539,26.8803,0.05
13.9218,8.59282,0.0703168
-3.94026,21.5502,0.092359
-14.8127,22.7266,0.0661884
-6.13543,0.559924,0.105111
8.95552,21.9694,0.108826
-9.14835,6.44039,0.0635893
12.3831,22.6931,0.05
0.367542,4.39193,0.0707471
-12.44,16.2526,0.0767382
-9.06415,7.58918,0.0681744
4.64089,17.8405,0.0561051
13.5738,21.2755,0.10479
-11.0684,17.3836,0.0868244
6.07696,29.8712,0.0540956
3.43805,7.39039,0.05
-8.07844,18.5813,0.077163
-5.97559,7.13136,0.05
9.74201,7.68132,0.05
1.06378,19.9324,0.0987541
12.8144,8.52424,0.0803455
-8.53695,27.6208,0.0866186
3.75944,28.8171,0.117268
-0.738969,22.5891,0.05
-13.2079,9.6277,0.0579218
-14.5628,28.9399,0.05
4.22115,16.2092,0.137517
9.75869,21.8877,0.05
-1.48953,10.4357,0.0769459
-8.37456,27.0923,0.0679766
-0.72355,6.66009,0.0903018
4.73354,1.70761,0.106849
4.93894,11.0331,0.05
-8.47752,17.931,0.078237
-12.6116,8.36395,0.0743034
13.6315,19.5267,0.0506197
7.148,10.046,0.0735797
-11.6387,8.25515,0.0572627
6.63635,17.1428,0.108287
9.95154,19.4777,0.0584962
13.6486,2.23997,0.0614002
9.29278,17.1259,0.0724479
11.9332,7.17175,0.0719204
5.72504,21.8873,0.0590762
-3.51316,13.0245,0.0853115
-6.10802,5.52572,0.05
-2.86951,20.0864,0.106175
-9.72377,10.745,0.0740265
-1.11922,28.2935,0.0606544
0.255784,13.9657,0.0903017
12.9802,8.50797,0.0862752
-12.047,16.2254,0.132698
0.85499,7.42879,0.074046
-11.1906,7.25885,0.05
-12.1323,20.7244,0.05
6.34515,19.1273,0.0660795
4.49797,4.78815,0.05
10.0802,19.6651,0.0542963
-6.89732,28.6254,0.0823456
7.60196,0.750348,0.0689783
-7.15519,14.8728,0.0737414
-0.355598,26.1102,0.101393
-4.22345,28.398,0.106352
12.5638,6.099,0.0691493
0.238864,17.4666,0.103228
0.852359,10.9823,0.05
4.07296,23.9946,0.0948885
14.1036,28.2722,0.102668
-8.50713,10.2836,0.0559664
-14.0166,4.34399,0.0837775
-7.74884,18.897,0.0610399
-1.26933,7.99732,0.05
5.82979,10.9044,0.05
9.4269,6.5871,0.0724407
4.3408,24.5104,0.111931
-8.61663,11.1857,0.05
-11.1779,4.68155,0.0578988
9.86951,21.933,0.0697251
-2.83681,18.6764,0.0658115
-3.86412,15.5124,0.0789215
-6.11254,6.76209,0.0619695
-1.58461,3.18898,0.05
-3.33834,29.7216,0.05
4.46258,25.7965,0.05
1.76385,14.1158,0.138972
12.3258,10.2073,0.0907273
-2.09025,26.2649,0.0663742
14.5196,6.26157,0.0895108
-12.0229,6.17545,0.0658992
5.79366,8.929,0.0899003
-14.7713,12.6674,0.0848397
-8.91043,20.8947,0.064699
-2.07667,22.2845,0.0972201
-13.5658,3.45075,0.0542468
-5.27019,16.5875,0.05
8.44768,7.51867,0.0649381
9.15329,8.39846,0.0511978
5.5162,20.7972,0.0946775
4.73007,19.6739,0.0679503
-10.2926,14.9751,0.0657308
-0.252633,5.13623,0.0984217
3.13625,9.14729,0.0666603
5.83909,4.24241,0.0694773
-4.98689,16.6858,0.10527
-7.88305,19.0727,0.05
4.35871,10.0278,0.0631518
-9.05323,24.3963,0.05
6.82985,14.6035,0.06244
-0.422532,1.40264,0.0868567
-10.8542,4.99598,0.05527
-8.66157,13.1372,0.0994971
13.9436,21.7146,0.122304
-6.67629,7.21796,0.0714317
7.09867,15.7042,0.0838575
4.88685,22.7184,0.0891059
3.09947,28.9775,0.0988134
4.29652,26.804,0.106856
3.76556,1.12019,0.0748117
-4.27595,4.03932,0.0891421
-1.3614,19.3686,0.123106
2.11219,20.3939,0.0775999
2.36877,21.2549,0.101127
-3.56811,27.7339,0.105256
-1.24151,10.2984,0.115504
-4.40523,8.0299,0.0721749
-5.30563,20.1773,0.05
13.4688,24.3835,0.0849812
12.9306,29.4313,0.05
-7.87119,8.08434,0.116539
-11.9349,2.49867,0.0712621
-12.7448,21.8745,0.0545265
-8.49415,6.38965,0.124003
8.03891,13.4804,0.0741527
-4.43879,23.5115,0.05
9.09555,7.69039,0.0739325
13.653,10.6975,0.0508141
12.1221,6.8685,0.05
6.76947,13.179,0.0506074
-14.5131,5.30805,0.113315
-2.88244,29.1986,0.0703972
3.47691,20.7419,0.0749157
3.64029,11.1185,0.0574841
-2.22158,1.27786,0.106301
-9.41671,26.655,0.0640998
12.8491,16.9315,0.0672668
11.1289,19.7268,0.05
4.27274,21.9327,0.0953118
-3.58739,11.1518,0.0603201
-2.46988,27.0901,0.0645635
-11.1346,22.0277,0.0615904
-3.00221,26.9627,0.0693949
6.60005,14.5018,0.0702894
3.49947,6.30151,0.0977195
-11.219,4.80051,0.0679573
6.82001,24.4268,0.05
12.9432,15.3455,0.0794076
5.17347,15.2755,0.0617939
-13.3785,27.417,0.0786554
-2.2375,5.58124,0.05
-4.91146,11.3746,0.100233
7.48029,16.6758,0.0842019
-9.12797,25.5645,0.101018
-0.134242,28.9633,0.105026
7.64912,2.37043,0.0969968
-4.35729,10.4325,0.0658464
8.99019,8.95047,0.0633585
-11.0501,7.00072,0.0791367
-9.13051,12.4798,0.0772789
11.1466,21.1379,0.0954159
6.9836,23.0718,0.0533087
9.24825,17.7007,0.0747868
6.66727,4.16264,0.0921975
-5.39524,3.66328,0.0875268
8.81013,14.1587,0.0800599
5.75739,25.0112,0.068371
-1.69342,9.53958,0.0695596
-0.252446,21.7066,0.104662
-4.99609,27.8413,0.05
3.12863,29.6418,0.0628686
3.66983,4.03894,0.0671025
-4.69148,16.0102,0.0886286
10.7391,19.7952,0.0508092
-5.85801,25.087,0.107278
14.1276,10.6954,0.0656274
3.70243,4.34009,0.0704704
-8.90838,19.9487,0.0923207
-11.911,26.9341,0.0801795
7.99042,2.76171,0.0585403
12.743,9.11437,0.139989
-6.40021,11.4788,0.0782888
-1.30202,1.17219,0.109127
-9.74109,12.7174,0.101675
-3.89981,7.9784,0.0512405
2.4842,25.0651,0.05
7.3798,25.1748,0.120809
-13.7121,27.6221,0.05
-4.29419,28.8479,0.0809258
13.3574,22.2818,0.142237
-12.0712,11.4395,0.0973814
5.14214,7.83884,0.0732642
0.363015,8.2766,0.053848
0.352077,6.02698,0.112908
-11.8469,21.5073,0.103016
-7.17227,21.1116,0.114064
-0.717388,13.1699,0.0910234
7.7556,25.0281,0.05
7.95092,13.8823,0.05
-5.10022,22.6955,0.0599208
-12.6965,1.38841,0.0584879
6.18884,27.922,0.0721383
-2.70359,20.2641,0.101025
-4.95318,17.7114,0.0609742
9.05299,10.9826,0.0674163
-14.95,17.2881,0.05
1.73864,19.2247,0.069272
10.0077,13.8424,0.0700084
-1.51253,5.67283,0.0827014
4.14519,26.4093,0.0981641
-6.86656,26.8432,0.050664
7.84335,6.15696,0.0797135
-1.97422,18.2648,0.0808841
-4.91423,29.2478,0.104371
-10.7481,25.3843,0.0654196
12.1835,14.9278,0.0536224
12.632,21.0028,0.0977502
13.545,26.8089,0.05
-11.943,4.85205,0.0840432
9.23918,29.5736,0.0777632
-10.8247,21.9298,0.05
12.9448,26.6391,0.0623617
-2.6552,21.8169,0.0650973
-14.63,20.1255,0.0663803
12.7175,2.24225,0.108097
-11.6915,11.1802,0.0613802
-0.0314746,25.3323,0.0530669
3.30477,20.2215,0.0634544
2.46237,14.0177,0.0700843
-8.57968,2.74223,0.0763781
-4.178,22.9038,0.0783649
-8.92558,29.2649,0.080461
-6.89113,20.1231,0.0814149
13.8718,5.47892,0.133209
-13.5823,13.5434,0.0777243
13.5738,8.61506,0.0741299
-13.263,19.814,0.0541128
6.89744,7.57527,0.0647018
3.40976,16.7547,0.0790021
2.24659,28.5463,0.0863639
-9.20287,19.9272,0.0564739
2.37178,20.6522,0.05
-1.21616,0.979295,0.0970149
10.924,3.53586,0.0867293
-11.7239,29.7275,0.0851236
10.857,22.2413,0.124395
-10.3736,12.0972,0.05
3.43474,13.6257,0.124788
14.3521,0.184963,0.135149
-1.12531,16.2702,0.0609875
2.47863,20.6856,0.0619465
-3.5511,13.8527,0.0653432
-14.1789,1.55287,0.055199
-14.0482,29.4671,0.0964073
-11.9569,21.0713,0.114617
11.3244,0.8529,0.0829893
-11.7249,13.0527,0.06542
6.10571,26.4101,0.0922658
-13.2157,20.593,0.0755441
-0.529164,19.8455,0.0610574
1.37016,21.2166,0.125618
11.2997,9.22091,0.05
10.5508,28.4848,0.070048
-2.68947,5.53588,0.05
7.63198,0.440112,0.0814693
10.1148,10.7538,0.107569
-4.48148,17.5636,0.0619911
1.15624,2.7105,0.0840197
-8.98248,20.4026,0.0712279
12.4834,27.6954,0.0760283
-13.1471,7.36222,0.0697854
-3.58376,16.1075,0.0585411
6.05684,1.22083,0.131531
2.36581,27.9015,0.0626458
-1.88863,29.888,0.0770664
-9.14917,12.6057,0.05
-10.7028,2.07849,0.0561355
12.4252,19.2192,0.05
-4.06928,24.2457,0.0925501
-11.3063,28.3161,0.0770944
-7.24901,17.8522,0.0783443
6.47184,23.1171,0.098909
-8.29306,3.47179,0.0626946
9.65869,6.02238,0.0935735
-14.1188,13.7029,0.05
-1.07557,19.2849,0.112087
-11.5431,10.0688,0.116587
5.50332,13.9291,0.10772
0.0905716,8.44812,0.0532345
5.65678,8.63249,0.0789512
8.11602,21.83,0.0807988
8.48097,23.4033,0.102476
-6.52949,27.6033,0.113944
6.0733,19.3225,0.0612405
-4.04367,22.382,0.0850447
1.69562,10.5472,0.0759629
5.17577,4.14869,0.05
-4.13312,4.56785,0.0610511
0.497968,6.72997,0.112122
-12.5326,18.1356,0.0566061
-6.19933,6.47483,0.0692008
1.41688,18.2088,0.0897992
11.6884,19.8752,0.0759464
-8.4073,3.11652,0.0735661
8.56548,2.05371,0.0657298
-7.71883,2.72235,0.0672585
-8.18552,12.503,0.0594798
-0.0714621,4.72991,0.0992047
-9.73235,15.8292,0.0769945
-7.88943,17.1853,0.0566778
-8.20878,8.47977,0.106002
3.08146,3.54417,0.0621212
13.0572,2.64456,0.0740311
4.30443,1.50685,0.0659828
11.7764,27.6982,0.0756313
-9.35861,4.28232,0.0856211
-8.25248,16.8236,0.112528
-14.7522,24.4452,0.0757932
12.2285,4.4476,0.05
-13.9932,27.8189,0.066924
8.20077,9.99129,0.05
-10.9182,16.2013,0.05
11.3086,2.4956,0.074778
13.6132,8.2518,0.0599462
13.6981,0.215213,0.0622999
2.70616,8.73452,0.0803906
-9.61275,22.0217,0.0616531
-6.41048,1.91358,0.05
6.40105,3.95344,0.05
4.40899,22.2173,0.0633647
-14.3731,8.82748,0.0707087
4.60268,4.44735,0.128911
10.2734,4.70631,0.110965
-13.7883,12.4063,0.0705364
-5.73131,9.00123,0.0946724
-4.774,8.25038,0.0651675
-14.3142,29.2614,0.0805295
-6.27385,17.3396,0.0828538
-9.9102,0.265237,0.05
14.1694,13.4319,0.0944238
-0.599923,26.7969,0.071366
5.33808,24.7162,0.0876202
0.155337,24.1206,0.0676233
2.18067,3.98326,0.05
2.54303,0.231637,0.05
-9.01434,24.4963,0.0573275
12.8745,18.8322,0.105813
10.5025,13.7828,0.0872847
1.88613,22.3025,0.0969911
7.68955,21.002,0.0507037
3.27557,3.89877,0.118273
2.11399,4.36056,0.0826654
-5.49736,7.37001,0.0868665
14.5042,15.5529,0.0508816
-2.64005,26.2454,0.0756962
11.2067,14.758,0.05
14.3022,15.8722,0.0658017
-2.73577,7.99044,0.05
-3.15685,3.03066,0.0732549
1.12665,27.4569,0.05
-6.20535,18.9538,0.05
12.5925,3.4814,0.05
5.08739,14.1123,0.0795897
6.60539,19.7168,0.0618755
-6.20434,0.147683,0.0561296
14.0714,29.0157,0.0823025
8.38993,29.5511,0.05954
2.76202,1.43588,0.0500428
3.94601,19.9786,0.05
-13.6774,16.8512,0.0545364
5.72985,3.73743,0.05
12.662,14.5944,0.0948138
-9.46465,11.9986,0.0760547
10.7003,16.7735,0.05
-8.26937,27.9024,0.0821559
-11.6374,19.2161,0.103034
11.2411,15.5056,0.0501338
-7.11647,3.51552,0.05621
12.3664,14.2717,0.0721808
-14.3097,24.82,0.0646745
-0.688796,12.0555,0.0699769
-14.8935,4.60341,0.106519
-7.15384,13.2678,0.118635
-0.0765374,22.5241,0.0552318
-12.7262,29.5242,0.05
-7.16624,11.7843,0.05
14.3513,16.7055,0.0768425
10.5572,18.9242,0.05
-5.23696,21.4601,0.0802821
-14.7073,3.7243,0.0728566
-11.6652,26.9578,0.0975484
-11.4378,22.7552,0.0881834
3.3031,5.23959,0.0536404
-9.89654,23.0889,0.0742994
-0.199966,21.8983,0.0940607
-11.3504,20.97,0.05
10.5078,28.6119,0.0641095
-14.1084,13.5579,0.05
-8.28578,8.23977,0.110298
-10.2033,11.3402,0.0734323
8.92272,8.69536,0.0636022
-9.7536,6.68383,0.0792006
14.9195,22.5018,0.0804936
-1.8272,18.6933,0.0602103
-0.477989,21.785,0.05
-9.66464,24.4949,0.129737
-14.0561,7.71806,0.0617156
14.3599,14.4844,0.0673986
-4.10731,15.5337,0.05
-11.1393,18.1885,0.105166
-1.74084,4.86514,0.106839
14.083,27.6751,0.105949
11.6378,1.28015,0.0796375
-5.96947,14.1678,0.074304
-13.2105,14.739,0.0910197
-2.47418,1.79347,0.05
13.6312,26.715,0.0586438
-7.15138,20.3788,0.0653947
-3.45541,0.160588,0.050205
-0.00346347,12.1271,0.05
10.3717,14.9175,0.05
8.50422,16.3589,0.0820695
-6.70473,21.3434,0.100819
5.87078,1.63532,0.0599979
2.48821,24.9516,0.0635071
4.06237,20.953,0.05
-7.73436,19.2269,0.05
-4.43133,2.14858,0.089955
-11.7983,20.1325,0.0638998
10.7533,22.8682,0.0871743
2.95412,20.9443,0.0888801
-0.375072,5.4657,0.0622278
10.8263,27.7677,0.09895
12.3543,26.3282,0.0644069
-0.864186,20.8994,0.0851977
-3.07528,7.6688,0.0581604
-14.5121,17.8244,0.0703681
-11.7957,12.2831,0.0656329
-6.29541,3.52103,0.119086
3.17377,18.8866,0.0731482
6.18812,10.4372,0.110503
-4.5954,20.9224,0.117483
-6.89948,27.328,0.0735941
10.2157,3.21099,0.0577131
4.88405,26.5157,0.111809
11.5146,18.8609,0.0644011
-12.4283,24.2157,0.0816866
-4.05807,26.4599,0.0959033
-6.94636,11.1621,0.0767042
6.15497,1.64343,0.0796301
2.56177,16.6439,0.05
-10.4168,19.1065,0.0537291
-7.40213,2.00316,0.10829
-4.91931,19.7036,0.113109
0.839938,2.38744,0.105325
-7.06035,29.1356,0.05
1.18467,22.2559,0.05
3.61237,5.91988,0.0975863
-4.64324,6.67306,0.0969715
-9.51665,10.8751,0.05
-4.96608,24.468,0.0923965
2.99791,26.3139,0.0742438
-1.86766,0.179896,0.05
0.165641,14.203,0.0677833
-11.4789,21.8235,0.106551
-6.68137,8.73639,0.104262
-10.8512,21.8164,0.0664703
-12.3629,20.9399,0.0942821
-6.98781,9.13141,0.0667803
-9.55079,1.27174,0.0582583
-2.36327,21.8094,0.05
1.10684,12.6043,0.0764674
5.90896,22.1182,0.0508003
8.77617,23.0877,0.128976
14.3671,24.6554,0.05
10.6657,14.1947,0.0589095
5.74827,5.78003,0.05
-10.3293,20.6978,0.101732
-9.14468,27.6533,0.05
-10.9364,18.86,0.0924519
5.46061,29.0685,0.0530817
-7.3092,11.9477,0.0603513
-14.4325,13.6113,0.0671931
-5.3665,18.2198,0.060426
-12.1296,13.2169,0.0670896
-6.13468,20.8014,0.116344
-4.5158,24.787,0.0928812
8.77551,4.22462,0.05
12.8815,5.39565,0.0862003
-6.28711,10.1979,0.105111
13.2063,7.41665,0.05
9.57217,3.3376,0.100997
8.49384,0.261721,0.0998936
1.63574,17.0332,0.05
2.20884,9.0144,0.05
-12.8676,28.0369,0.11692
-2.05741,7.3571,0.0758406
3.43624,23.0833,0.0597239
-13.1996,5.00961,0.0933104
-10.274,0.164695,0.0641648
0.0832959,2.50258,0.0591313
1.90428,12.1652,0.117969
7.83376,7.32002,0.0781959
13.2151,3.58965,0.0789824
1.5434,5.96407,0.0834226
7.98225,5.8803,0.0784836
-9.01456,3.63562,0.112031
3.60702,25.0276,0.0740984
3.95401,12.1117,0.0716413
-2.59901,20.804,0.060212
2.30614,11.5418,0.101402
-6.02798,21.0177,0.124878
3.50814,14.8502,0.102618
-3.37412,16.9883,0.0795778
-6.99811,0.699458,0.05
0.692863,2.88468,0.112966
8.63887,16.4626,0.0878737
-4.02246,2.6042,0.05
4.26553,8.7332,0.0561159
6.56701,5.28022,0.0633732
-14.4246,27.2597,0.0917658
10.901,7.50119,0.0725032
1.13314,17.2946,0.110718
14.8879,3.70027,0.111086
-13.406,2.15616,0.0987528
-12.9332,15.8981,0.05
3.96774,24.3359,0.131158
5.83797,13.1256,0.0872767
-2.28083,8.16369,0.05
-1.4438,4.6225,0.0543205
-1.16449,14.6779,0.0812818
-4.8297,27.553,0.114296
2.11936,28.5954,0.05
3.69826,24.6174,0.0913955
-2.65732,5.04152,0.05
-0.611124,25.1378,0.0748805
7.71926,1.38,0.0719899
-13.3169,20.4606,0.0911529
0.812159,12.3532,0.05
-10.6004,5.54655,0.0672069
-0.266143,18.3299,0.0521875
-12.2064,12.6772,0.108325
-11.1325,28.0297,0.0661283
-10.8222,13.1101,0.0712891
-6.90885,4.41881,0.073907
9.94467,29.8426,0.0970349
8.07092,8.33836,0.0802621
12.0717,23.1773,0.0870245
-4.10848,4.96881,0.0605459
-13.1926,11.2507,0.115365
6.38804,17.6845,0.0771705
14.2793,17.2268,0.0610656
3.99374,27.7475,0.0662111
-9.07674,8.27477,0.05
-5.55407,23.752,0.0673692
6.02307,23.0437,0.058566
-2.02094,15.3443,0.05
-1.31549,16.6736,0.0954636
3.44976,8.10757,0.05
14.8975,22.101,0.0653077
-4.24938,25.8764,0.0845967
-0.272723,9.74888,0.069089
4.74003,25.0855,0.05
-1.40251,16.2236,0.0815438
10.035,25.9861,0.0598013
9.29652,16.5754,0.0972124
4.54896,23.463,0.0710639
-4.98174,8.87405,0.0711936
-12.3846,12.0547,0.0779528
10.0527,0.0499787,0.05
-5.86506,0.831864,0.0840667
-12.7027,1.27056,0.0595399
-0.723556,21.5385,0.05
-12.0127,22.8102,0.0984751
6.21157,29.8966,0.0707854
0.438549,3.57808,0.0942939
-7.98726,0.621921,0.0570301
-6.81913,2.47496,0.0687919
9.29452,26.7055,0.0932787
-12.7072,20.2896,0.11659
-8.22188,1.84162,0.0730072
-0.224533,20.1563,0.0968889
-13.1335,12.1024,0.0790939
-0.833719,8.48241,0.0818333
2.914,18.8679,0.05
7.78826,6.4231,0.077581
6.0411,11.2327,0.0781128
4.45476,21.7304,0.0582587
11.036,17.1281,0.0650097
-3.55967,28.7964,0.0821273
-13.5853,21.2507,0.0634335
-0.913706,24.4659,0.0822521
-8.67498,29.13,0.0644659
2.07796,14.6615,0.0672256
1.47218,19.286,0.0600291
1.72404,21.4679,0.0580425
13.8964,2.32338,0.066257
14.5043,1.80145,0.05409
-9.99129,27.4732,0.104629
13.9798,22.1812,0.0955082
5.3216,16.1989,0.0710287
-11.8221,18.836,0.0739628
-9.47144,15.4564,0.05
13.6568,9.47344,0.105226
-8.86704,25.0929,0.05
-7.60948,12.2135,0.0606879
2.50487,26.119,0.0543126
9.36315,17.5579,0.10852
11.7708,29.2189,0.0904737
-0.386597,27.3607,0.0811527
9.16177,9.16376,0.0801623
-10.0844,18.3283,0.126122
12.9985,15.6885,0.082867
-11.996,2.22199,0.0668261
-12.4573,25.5534,0.0730422
8.6971,22.4218,0.0530514
-2.60606,0.915077,0.118848
6.81906,17.1265,0.0751478
1.4543,15.087,0.0914007
13.4654,10.4049,0.149047
-2.72223,26.7495,0.102792
2.64448,10.3872,0.0868713
-6.56139,13.021,0.0695752
-7.38132,26.1492,0.0909015
-12.5224,16.349,0.05
14.7265,26.2742,0.0973305
11.366,22.1576,0.0711899
6.00065,27.9344,0.116458
10.3225,17.0343,0.118777
-7.05859,19.3826,0.0612359
6.19826,3.256,0.097271
9.91678,6.40705,0.0782593
-7.98962,1.90385,0.05
-8.92073,7.65715,0.0905368
-4.80813,24.34,0.110626
-2.01183,5.22044,0.05
-5.04108,1.57734,0.0740405
14.4839,3.54432,0.0674109
4.87815,14.3028,0.0903808
-14.4593,28.261,0.0721254
-7.46228,0.297219,0.0819273
-6.33917,17.4563,0.0508468
2.199,9.21351,0.05
-1.42307,1.79643,0.109926
12.1435,29.1222,0.0786899
-7.9745,11.6114,0.0818627
-6.66628,28.2094,0.0656238
1.07559,14.3154,0.112376
-10.9691,8.30592,0.05
3.38114,10.1657,0.0917718
-11.2532,21.5144,0.05
-7.41723,8.64117,0.0980635
5.2244,28.7484,0.05
11.5394,27.6211,0.05
10.4493,19.9863,0.101716
5.51192,15.7027,0.0524071
6.73334,6.33894,0.0992001
7.1613,3.46241,0.0804628
6.6054,0.652759,0.0742074
-3.24092,21.666,0.05
-10.5503,26.7431,0.0947619
9.39127,21.6642,0.0749759
-0.491648,19.7248,0.0653247
3.7181,3.32438,0.12398
14.2011,17.8206,0.0749359
5.5466,15.4451,0.05
-3.19294,1.83231,0.0979377
-8.98344,5.56941,0.0674816
3.56906,22.9185,0.103193
-14.0951,9.61887,0.0729298
3.91929,9.46986,0.0995772
-2.64715,0.625267,0.0741537
-6.88547,23.4848,0.0698856
7.60138,15.2604,0.119662
-6.86588,19.9774,0.0664824
10.8766,9.97872,0.0575779
-4.63092,18.0531,0.0691277
5.07553,5.07615,0.05
-9.2799,17.2468,0.143419
3.58144,18.0425,0.0626483
-11.0225,28.6623,0.0680241
14.3915,29.544,0.0592508
-7.06538,7.2538,0.0655211
-8.56708,10.7415,0.0619863
-10.9565,7.33671,0.05
6.18985,9.55381,0.05
13.7146,9.02183,0.0674455
-4.25607,12.9752,0.123887
5.66263,4.32186,0.124053
10.9602,12.516,0.05
-3.74369,1.64852,0.122736
7.86371,10.1711,0.0799011
14.4704,19.7579,0.138465
7.52285,8.2075,0.124139
-6.93063,3.94262,0.0684406
-13.3062,14.3945,0.0910536
-8.68982,4.94099,0.05
-1.38932,21.4311,0.0908139
1.31513,16.9556,0.0913555
3.8543,27.0959,0.05
-12.9007,7.21139,0.0723984
3.47218,15.6773,0.05
9.9582,4.35695,0.128326
0.809844,26.6192,0.06708
-8.47391,29.1627,0.106405
9.10708,9.47293,0.0758691
10.2191,8.65348,0.082629
4.39977,3.36232,0.0841617
-9.31873,3.89887,0.0577208
-6.86935,12.7676,0.0626234
2.52615,14.9659,0.05
-0.475036,24.5121,0.0882801
-0.492593,14.1651,0.0755784
5.5079,25.9621,0.0889
14.5281,24.9541,0.0635285
14.7272,24.1535,0.0868034
-5.06188,27.7255,0.0632867
-5.08419,8.49773,0.0876494
-7.59674,19.4739,0.0605952
6.77086,9.76135,0.0787599
-8.10597,10.976,0.10502
-9.69022,9.00622,0.0808831
-9.26491,22.9915,0.05
-5.79261,18.359,0.094142
7.14429,16.2202,0.0824249
0.937406,23.5459,0.0652898
9.04514,26.1836,0.0983652
-2.96425,10.9562,0.05
-10.8351,3.47421,0.05
-9.87545,12.1123,0.0904483
1.89004,4.58687,0.112621
13.0385,23.6088,0.05
-14.0436,3.52119,0.0935299
1.44513,19.8018,0.0642574
-3.78324,13.6219,0.0678981
7.34452,20.8354,0.08231
14.5453,13.2322,0.0747562
-2.28707,17.6339,0.0545618
-4.12728,2.26214,0.05
-7.42437,6.37243,0.05
-9.11697,3.16458,0.080134
-1.95829,13.6714,0.0516151
10.0703,14.2207,0.05
-6.50461,9.30896,0.116189
-11.0895,2.27876,0.094886
-13.5582,28.2478,0.0655984
3.36333,14.5126,0.112945
-10.6386,0.273007,0.0692743
6.65061,19.3666,0.0512235
-14.5825,6.43244,0.103442
3.91623,22.0873,0.111796
5.36628,0.626814,0.0871804
10.6235,18.4644,0.05
3.45369,24.7127,0.0705997
1.44984,0.76047,0.0671537
2.17421,17.6893,0.0780106
1.52743,18.3878,0.066938
-7.45893,6.25391,0.0734617
7.05372,11.6722,0.0840733
-5.54426,5.13693,0.0762143
-11.7981,21.9985,0.0992715
9.37628,29.2933,0.0534727
-2.20421,1.89131,0.109133
-3.57131,8.62914,0.120806
10.1539,6.65972,0.086116
-13.7287,9.49725,0.0701432
5.5232,15.3315,0.0659204
-3.94237,15.9482,0.05
10.5153,14.9381,0.0903032
-13.28,7.453,0.0911406
3.24773,15.0997,0.0526667
0.245834,12.4321,0.0675843
1.67655,29.026,0.0771555
-3.36098,12.9389,0.0892891
-14.5703,3.77526,0.0733201
10.6307,21.8782,0.05
-3.91888,18.2241,0.0541835
-1.22241,25.7448,0.118
2.65426,13.8127,0.0687342
-6.55792,2.43449,0.0824316
-14.3496,26.8782,0.105007
7.43369,17.2194,0.0807552
-2.14663,21.3659,0.10263
-1.11291,14.0856,0.0757307
7.63128,21.7825,0.127177
2.99748,4.48601,0.089796
-11.8904,23.6661,0.0881096
-8.08705,3.46443,0.0575034
10.1925,1.33993,0.0912532
9.86792,15.049,0.0704634
13.4056,11.3502,0.0938355
-6.54546,0.726932,0.139036
-8.19513,29.5093,0.0849771
7.15263,5.71848,0.0598852
2.2438,22.0219,0.0644093
-13.4443,15.695,0.122008
-2.02604,21.0857,0.0669735
14.2428,6.72672,0.0856314
7.25683,23.8557,0.0525936
0.278394,18.1588,0.0957855
0.419864,25.84,0.114264
-9.71388,29.5445,0.105266
-11.798,19.2915,0.0731538
4.94268,5.32157,0.05
3.97755,24.7055,0.104858
6.57871,29.8659,0.117649
6.68783,9.91624,0.0856707
-12.0846,25.9778,0.0580326
10.4219,14.8151,0.0641052
14.9429,20.973,0.0571435
2.33019,23.4603,0.05
12.0282,12.0266,0.0609614
6.76895,16.9799,0.079744
10.8873,9.15817,0.05
-13.6548,14.9101,0.0590856
1.49923,16.1085,0.0837774
-7.85245,4.46358,0.05
-10.6344,16.7019,0.0905961
8.71839,15.2334,0.0560485
-13.9234,10.5446,0.0851005
9.78356,19.1176,0.0557376
-1.58057,22.0202,0.0951657
7.99657,4.56125,0.0740738
6.05478,7.06705,0.05
4.00193,29.7115,0.0560228
-0.0222667,27.0135,0.0715009
2.31459,14.9501,0.0816388
-1.3891,21.7289,0.0697253
-12.3748,9.66984,0.0861328
7.89691,2.82452,0.0541121
-10.9175,4.46346,0.102309
-13.2261,10.9974,0.0973803
-10.0045,5.74509,0.05
12.3396,3.05096,0.0828985
3.99208,3.39346,0.105949
8.72638,8.92123,0.0539723
-14.6227,18.5652,0.0907229
7.23475,27.4734,0.117795
7.86541,14.1284,0.05
0.139061,3.19563,0.0647334
13.2419,10.3972,0.0746267
-11.4396,6.08569,0.0908552
-1.27716,8.56704,0.0620745
-11.1055,3.87232,0.0881649
-4.17646,10.0157,0.111762
-14.9091,22.8198,0.06284
4.65,1.29436,0.0796073
13.404,12.7992,0.0651042
-5.92889,14.435,0.0559764
-11.1529,29.6354,0.0641952
9.60499,16.0909,0.0781019
-1.40048,3.26906,0.064328
-2.89673,24.7774,0.0744171
-7.75565,25.0917,0.0719328
14.9356,18.5337,0.0643957
11.353,14.7042,0.105739
4.67392,27.1568,0.05
-12.0339,2.95602,0.0552428
14.8221,6.5344,0.119777
11.5518,24.0164,0.0729977
13.1037,24.2318,0.081608
-1.78983,14.9143,0.0533177
-1.29765,13.9202,0.0845453
8.26902,22.0838,0.05
13.0014,12.6727,0.0666485
14.5522,6.60674,0.0609491
12.1714,15.6441,0.116628
14.499,6.86252,0.0647238
-3.46957,21.2826,0.0631766
-12.9727,3.12876,0.05
10.721,15.977,0.0560763
8.15989,1.18486,0.0892365
10.4576,22.5907,0.05
14.2433,7.32411,0.077908
-14.284,26.1049,0.0808366
-13.296,9.07979,0.096875
11.5406,21.5963,0.0724841
5.33475,19.784,0.055309
-0.880531,24.6451,0.0998931
9.69403,10.7169,0.0662841
7.21058,28.9008,0.0702137
14.0638,22.4156,0.064615
10.8648,4.03698,0.05
-9.68895,6.83857,0.0884955
-14.3077,22.181,0.05
13.6841,10.3454,0.0775597
1.62004,26.319,0.0883731
-12.8081,1.33636,0.0647157
6.14938,9.29397,0.05
8.31366,1.21591,0.067636
4.01064,1.80308,0.05
10.2773,13.0206,0.05
3.55529,29.448,0.078908
1.55419,22.5923,0.05
-10.1694,6.05036,0.116384
-8.4353,2.7947,0.0772469
10.1988,3.74141,0.0979423
-12.3287,0.113853,0.113858
-11.7061,29.3348,0.104249
-13.0421,8.64818,0.0758739
-12.6805,22.9448,0.0673683
-4.77453,29.6842,0.0884569
4.51471,2.64744,0.0927459
-12.835,0.283718,0.0843914
-13.1905,22.5702,0.0601965
1.93162,7.48243,0.134458
5.83446,10.3423,0.0825882
-0.548747,9.86708,0.101869
-11.0299,20.1479,0.103444
-2.05198,11.2597,0.060241
-10.078,12.497,0.0663529
8.08353,18.1291,0.0934775
14.746,3.32161,0.0503998
8.20993,20.3425,0.0568249
-0.115319,9.74808,0.081076
12.8009,3.83683,0.060423
4.87777,11.9907,0.0650484
-7.11622,2.79527,0.0569792
-4.20942,13.1817,0.0877386
-7.93529,14.8134,0.0678851
-8.52607,26.8502,0.0938789
-8.2199,12.6277,0.0698756
13.3018,16.9787,0.108125
9.69577,16.7263,0.100563
9.87473,1.35814,0.05
14.2357,3.82658,0.0633775
-6.68291,22.7735,0.05
-3.34716,4.3895,0.0809683
0.102788,7.82017,0.0929433
0.710674,0.902231,0.115734
-11.7782,25.9622,0.0764925
11.5627,4.32152,0.11464
2.96879,7.46324,0.05
-6.56921,25.6662,0.0731457
-10.7574,11.924,0.05
-2.55253,8.22545,0.0988189
-7.31217,7.8782,0.0603694
-7.48737,11.1478,0.108117
6.46693,15.5895,0.0946395
13.0135,23.1002,0.0642716
-3.78606,2.56343,0.0902252
-5.30144,19.4308,0.127879
-2.49855,25.2133,0.0702328
-7.94109,10.9896,0.0604202
-1.70635,23.9188,0.0791039
-5.39072,0.214465,0.0502415
-4.97511,25.2575,0.105835
-3.23873,27.1747,0.0824892
-11.0165,16.1741,0.0520052
-12.9106,29.7104,0.0680712
-1.13334,6.59491,0.110505
3.13834,23.1206,0.0953029
-4.61931,3.93139,0.0848347
-10.2072,27.2516,0.05
4.99988,10.7163,0.0696958
-1.25518,23.66,0.0932467
5.67705,22.5213,0.116314
-9.96213,15.9572,0.0927553
9.89633,18.3421,0.0709287
-1.96818,1.66123,0.0533539
10.8934,22.7512,0.0952794
13.2476,25.8361,0.0713702
-2.01137,23.5899,0.0659146
6.14574,15.7775,0.0582156
1.37177,9.8056,0.0875649
-8.32931,25.6887,0.0836373
13.2707,23.0586,0.067995
1.45235,19.6822,0.05
8.72309,17.8079,0.0680847
-0.939579,24.1481,0.05
-11.1481,10.9824,0.0980821
-14.42,18.5595,0.111807
-0.767428,0.0500283,0.0500392
-0.0026406,17.9583,0.0975351
-8.65758,10.061,0.0579928
-1.29818,17.7723,0.0828347
7.55183,28.4634,0.05
-3.95416,4.70433,0.05
-10.4186,1.73214,0.0724098
1.56116,4.59839,0.055945
14.5057,7.0928,0.0676779
6.31497,9.1875,0.083958
-7.98828,7.56156,0.100156
12.2175,6.00193,0.0663378
-3.49002,12.652,0.0681625
7.29311,19.6917,0.0589385
9.69994,28.6467,0.130071
-9.28027,22.3282,0.0699324
-9.2109,23.1523,0.107233
-11.8633,11.2285,0.0601993
-10.8136,2.30857,0.05
11.6051,19.694,0.1235
-0.0925461,22.4092,0.0606931
-13.4123,8.60971,0.0641061
1.53719,6.88569,0.0929426
7.75389,19.4423,0.0934812
2.77654,26.7578,0.05
13.0536,1.28869,0.0812799
0.81211,23.1283,0.0744352
-4.64149,21.6913,0.0681894
3.81609,14.9977,0.05
10.5609,13.9394,0.0797943
12.1817,22.8754,0.0532905
-3.01387,7.41618,0.0682413
-12.4604,12.5729,0.0633464
-8.53875,10.429,0.0928566
-7.17606,29.1314,0.0656903
10.9855,10.0883,0.0641883
-1.41458,15.809,0.0902515
-12.3151,17.5711,0.05
-14.3738,3.30974,0.0671003
4.53911,16.2488,0.0516753
-12.1849,29.3785,0.0797489
0.204962,1.19547,0.05
-4.16798,12.4353,0.0885203
8.83991,9.04606,0.114758
-1.32878,8.21178,0.125331
1.54939,9.95134,0.0658338
-3.25505,17.3761,0.05
8.70831,25.1038,0.0686159
-6.34322,11.7558,0.0842716
1.67606,4.60448,0.0591229
-11.0617,25.0924,0.05
-14.538,2.90042,0.0780257
-2.24074,20.3961,0.0800944
-4.63728,4.99041,0.0653215
-0.860906,5.38387,0.05
-12.1887,12.4893,0.0755435
12.4048,7.31396,0.106398
3.53661,25.713,0.05
-2.86219,9.3821,0.0721008
10.6896,12.5633,0.0843668
-14.4341,10.0769,0.0628878
-6.29967,0.560006,0.0591521
-0.711302,20.865,0.0715108
-0.644214,27.4676,0.05
-7.87203,21.7827,0.0606407
13.2226,18.9725,0.0792517
-2.99207,21.806,0.0914573
7.02013,27.5914,0.12713
9.74156,19.9816,0.05
-1.72237,22.8639,0.0802836
-12.3643,5.74478,0.0894179
-10.0536,6.31715,0.0774492
-10.3199,28.8268,0.103264
8.10954,15.7202,0.0646869
-9.56929,25.3724,0.0746607
1.97333,13.6693,0.0757634
8.11958,11.5302,0.05
-2.23129,24.802,0.0633899
-3.21889,9.82723,0.0920592
7.29718,0.295887,0.097035
7.48257,23.6395,0.05
10.9569,25.5095,0.0544212
-3.53777,18.0541,0.10758
12.2339,1.62781,0.0813222
7.09492,5.35858,0.077337
0.682986,14.1304,0.0752814
-12.151,6.6106,0.102058
1.08493,7.10795,0.053713
-11.1787,28.4379,0.0993079
-4.97906,1.35428,0.0628072
-12.4489,18.6657,0.115164
2.03319,14.5438,0.0586817
5.34862,14.8354,0.0951034
-13.3369,22.1267,0.0983571
3.47591,25.5373,0.0841425
6.59657,22.8073,0.109685
9.17362,14.8986,0.0890112
-0.723814,8.16693,0.0873869
-11.8375,1.77598,0.0926987
12.9259,13.6344,0.113862
-0.115591,16.8374,0.101788
3.67411,10.4321,0.0683909
-8.87562,15.5586,0.143588
4.8929,9.98332,0.05
-3.77471,7.3365,0.05
4.9083,19.9689,0.0892925
10.1909,26.6873,0.0520533
4.84206,8.31386,0.05
-8.33316,21.9618,0.0649814
1.84003,10.321,0.0704622
-8.18735,14.2507,0.0881014
0.328296,11.1438,0.0883465
11.1494,11.2992,0.0874267
7.04874,27.3726,0.0935551
2.85994,6.4193,0.0608093
8.52129,20.5474,0.0820362
12.9847,24.8517,0.126695
2.61669,16.8625,0.0858774
9.50983,13.5371,0.0821276
-0.809597,27.5134,0.121606
-1.52442,27.1985,0.05
-7.14842,11.9342,0.100979
12.0252,20.7465,0.0963371
-12.1401,6.83093,0.0888032
-4.6695,27.9497,0.086507
10.439,10.6493,0.122009
13.106,20.3291,0.05
-13.2246,19.9253,0.0636057
4.22402,10.0464,0.0728085
2.08185,1.38715,0.073946
9.44033,16.6069,0.05
0.371241,24.6046,0.102067
12.443,21.3476,0.0922097
-9.1414,14.5114,0.05
-13.1042,7.52487,0.0984389
5.34427,16.9016,0.0650664
-9.45695,16.6766,0.0567897
-12.9517,14.4283,0.0760597
6.79464,21.7812,0.083366
-3.91565,27.4425,0.146017
-10.1252,5.67419,0.0899551
2.81175,19.5555,0.090484
-2.90479,10.83,0.0885435
-11.842,3.5953,0.105134
11.3138,10.4751,0.05
-0.41683,4.86056,0.095809
-6.1597,13.2072,0.0780297
10.3755,5.79671,0.109521
-0.0546773,27.4883,0.05
-5.16747,27.6845,0.05
-2.93896,29.531,0.05
-6.17567,12.5921,0.0516221
-2.09484,27.1494,0.0851694
0.272904,25.7664,0.05
-0.651669,25.6153,0.134631
4.67889,9.3854,0.105635
-9.79412,4.79207,0.05
-2.44503,26.2162,0.102917
12.9769,11.4903,0.0619166
-6.27906,26.2366,0.0629327
-13.3582,1.18246,0.0697302
4.60662,0.846106,0.0641778
6.31836,27.9138,0.0574131
10.772,28.6216,0.05
-11.1974,12.8043,0.0787704
-1.61954,25.0166,0.05
-3.70859,6.50392,0.0885424
-0.640643,10.0367,0.05
-7.78706,11.2901,0.05
12.94,4.9109,0.0592413
4.79423,24.3385,0.0566499
-0.935826,6.37079,0.0974796
-11.2137,5.07787,0.0512218
-7.37444,5.54559,0.0712463
-5.13947,3.00406,0.05
-4.01104,3.48942,0.0634326
-6.06511,19.1091,0.05
14.0217,4.63209,0.0650782
-2.46562,21.1599,0.0567992
1.58178,8.88321,0.0750825
-6.47177,1.03593,0.0800321
2.02337,2.3105,0.05
-11.7931,19.1536,0.0647915
-3.0057,25.1144,0.0555431
-0.687596,8.00199,0.0814817
12.8124,17.5543,0.0704834
-4.72136,17.5935,0.109275
6.51962,24.9588,0.108199
2.20216,0.742266,0.0903284
0.582297,11.9878,0.0506009
6.62658,8.41632,0.101945
-2.50747,26.9818,0.05
5.29381,7.06834,0.05
-2.52317,25.929,0.0680304
4.2208,26.0742,0.088811
-14.1746,18.6783,0.0927524
12.3329,8.36304,0.0797833
3.77248,1.96889,0.05
1.73814,14.8702,0.0505108
0.881926,20.1822,0.0743591
-4.44024,5.85591,0.0708052
12.2783,11.4568,0.128071
-11.6611,11.9578,0.0670817
6.27855,29.0301,0.0711088
-1.8635,5.68348,0.0716454
7.94993,17.445,0.078292
11.958,12.9668,0.0857143
-12.1094,15.1315,0.0634296
-5.93776,9.88192,0.111229
-1.19142,5.21871,0.115074
9.47435,8.28706,0.05
1.45711,20.2527,0.104958
5.45179,14.6675,0.0816919
4.87613,18.2904,0.100948
-14.1304,6.38722,0.0568467
1.13286,26.4065,0.120018
-7.31998,21.4718,0.125614
5.75752,12.2606,0.0659919
2.33235,7.12736,0.05
0.353406,3.72121,0.0722611
-10.6497,21.8577,0.13922
3.17497,20.8202,0.0677031
-6.21705,3.94626,0.05
13.3184,15.2619,0.0842189
8.00369,18.2857,0.0823076
-11.7333,1.62944,0.0772905
8.9636,18.0057,0.0948179
8.31674,8.79514,0.0600642
-2.74686,15.2532,0.0616995
5.33987,0.143145,0.05
6.98616,0.236494,0.101541
10.0673,13.4249,0.0928668
-10.6272,4.12109,0.0914518
-11.893,6.95053,0.0870842
9.48169,2.05953,0.119624
-3.75977,22.8378,0.0872421
-4.78931,8.05569,0.128186
6.58014,17.9083,0.0894449
9.58542,6.54033,0.0928331
9.47424,4.62917,0.0701829
11.0609,6.89672,0.0915623
-9.13287,1.10619,0.0522141
-14.0646,4.21914,0.05
-11.9888,3.46117,0.093477
12.5303,9.05152,0.0817505
11.4759,12.5944,0.05
-2.92315,7.23565,0.0506129
0.405152,20.986,0.0543044
4.88512,23.7153,0.0803191
-13.0734,0.809911,0.05
-13.6056,29.924,0.05
10.5316,4.78126,0.0921813
0.94998,29.138,0.0654447
8.10699,7.38017,0.05
-5.78667,5.89371,0.0737367
4.07423,17.9894,0.05
-9.21759,11.15,0.0625013
3.64735,21.6549,0.0906974
-5.21261,6.9014,0.0682224
-6.70741,13.796,0.0605814
-6.68351,16.5241,0.102996
-13.5956,12.6948,0.0873997
-13.935,25.0235,0.102538
7.74796,17.1034,0.0780321
-6.48513,16.4431,0.0834214
10.629,19.9799,0.0781515
11.0148,26.4377,0.0696331
-13.0705,2.89981,0.0915027
6.52766,21.2497,0.0557718
-6.33168,23.8097,0.0897096
0.84393,22.0155,0.0609728
-4.26578,22.5891,0.05
-13.1636,3.80114,0.0813015
-10.1079,3.92915,0.111441
-3.41531,9.13977,0.0816117
-13.8473,2.88006,0.100529
-7.86199,11.1914,0.0658372
-1.21034,1.85632,0.111102
-1.18846,19.6005,0.0792145
-4.53592,22.758,0.0603006
-5.82083,8.17483,0.0815745
9.82706,6.55338,0.0933899
-13.0269,20.1235,0.0819279
2.47757,18.7514,0.0666891
4.34264,26.3503,0.102432
5.45012,8.652,0.105061
11.4153,7.32116,0.0586162
8.63375,25.6172,0.0636598
14.7115,1.058,0.0692601
-1.0886,24.4543,0.0930246
-9.7916,24.8828,0.11104
-0.0736615,28.2387,0.086275
13.2266,21.2941,0.0891143
-5.13852,20.6575,0.115834
-13.7227,3.43016,0.104062
5.09519,14.9429,0.0675508
-6.33373,17.1662,0.05
-12.7394,14.3339,0.133629
-4.2928,21.2968,0.05
5.82577,14.0409,0.0993812
11.0697,3.6082,0.0759589
-4.4966,11.736,0.130231
13.7848,22.6756,0.106374
-9.60557,28.4986,0.0779616
9.93109,24.1263,0.05
-11.7258,0.816099,0.0704515
-4.02143,9.38687,0.0642763
-7.59214,1.03494,0.0603871
-9.38747,3.14369,0.0620686
-0.776417,0.901011,0.058328
-0.725701,13.659,0.0746033
-2.14924,10.4123,0.0720058
-3.40198,23.1435,0.05
-3.60467,4.21329,0.05
13.3111,18.3669,0.0966921
11.4667,29.1115,0.0617891
3.70606,12.226,0.108322
-9.52279,1.15192,0.0647951
4.38083,28.9782,0.125162
10.6138,11.4877,0.05
-11.841,5.94521,0.0561723
-2.19856,26.8437,0.0722052
1.17859,16.424,0.0617245
-1.76881,24.7085,0.0868079
-6.59355,12.9058,0.05
-5.27198,24.6784,0.0916765
13.7926,2.18012,0.0945343
-2.66128,11.9995,0.0600643
6.74424,18.6667,0.0958544
-5.37752,29.2631,0.0871051
-12.3341,3.64396,0.119838
11.6399,12.7661,0.121413
2.93052,26.5649,0.104112
7.94068,17.5729,0.05
7.43893,8.37891,0.0651415
5.18187,17.6069,0.05
14.2752,15.1548,0.0647332
11.8643,8.55997,0.05
-12.8196,5.93669,0.05
-9.72374,4.67334,0.0880209
9.38385,12.3119,0.0769703
3.58501,0.344648,0.0989649
14.9191,19.2011,0.05
-4.61999,28.8673,0.0645195
-10.9541,5.51114,0.0824155
-10.9816,28.5061,0.0776184
1.81682,28.3934,0.0697069
-4.27542,16.7433,0.05
-8.14609,28.0524,0.0870135
-9.58254,0.275397,0.05
-0.966097,20.7355,0.107825
-5.51358,12.5756,0.0864668
6.2047,19.4362,0.112448
9.17547,15.4473,0.0666628
0.0660776,21.9183,0.05
-8.92391,16.0701,0.0770599
-11.3842,3.29583,0.0560789
11.5452,5.07002,0.0958957
8.63138,6.0513,0.132107
-9.2475,13.8253,0.0974809
-12.2475,15.7344,0.05
4.02537,26.2882,0.0558714
10.4425,9.84017,0.05
6.8831,27.3068,0.0846752
13.4622,4.29429,0.0821574
-11.3047,5.4753,0.0977814
-14.8031,23.0571,0.091536
-9.34713,19.5756,0.0766916
1.49533,5.8371,0.0523442
-3.48108,29.1237,0.0583032
-6.26286,4.76895,0.11618
-4.64014,4.14837,0.0879852
-11.2896,18.2641,0.0630613
9.90611,0.242872,0.0690521
-5.0702,6.03331,0.0907711
-6.11519,19.9228,0.0816261
-8.8882,27.6307,0.0785228
-12.9327,24.287,0.0813774
-3.74158,18.6854,0.0754641
-6.02835,5.65089,0.0983755
-5.15159,23.6548,0.0627619
10.8822,26.4269,0.0633533
1.69311,20.839,0.123069
11.3816,23.7402,0.0719069
1.45796,1.13751,0.05
8.17272,27.7771,0.135128
5.06535,0.366127,0.0714598
-14.371,23.7736,0.05
-9.32001,18.2938,0.0837492
1.92788,9.51395,0.0573973
1.05395,18.8208,0.096017
-13.7014,28.3339,0.088482
-14.7984,11.113,0.085075
2.00323,6.71318,0.05
-7.74988,13.9802,0.05
12.3175,14.9732,0.0879469
10.6263,2.76442,0.0777951
1.99853,0.663262,0.0740863
-11.0168,20.8404,0.10272
11.9632,20.5136,0.0505813
-11.1124,18.8356,0.085285
-3.82703,6.24149,0.05
-5.60245,27.8858,0.0531592
9.08074,25.2854,0.118317
-2.00344,0.227901,0.0935124
1.58974,4.20262,0.0745096
14.95,22.2037,0.05
8.28533,24.0353,0.0705912
-2.15444,1.42453,0.0550067
-4.07635,0.454909,0.0529952
-4.5457,9.39029,0.0694111
12.5494,9.90885,0.120071
13.6298,17.2497,0.0619941
14.7184,18.7366,0.112472
-2.7155,15.4391,0.075193
-14.3968,16.0136,0.0575964
-4.51759,23.7678,0.0781304
-0.23271,28.4482,0.115699
2.78068,2.14032,0.0791066
12.2883,8.05293,0.0764801
7.0443,27.1596,0.113526
-11.454,7.53726,0.0790464
9.96123,11.073,0.108538
-13.3915,3.78398,0.0820345
7.66929,25.7981,0.0795106
-11.2198,27.1843,0.05
0.224687,9.14175,0.120174
4.34032,15.0158,0.0573056
-5.06834,12.0035,0.0972839
4.36618,27.5321,0.107801
-3.01907,9.75923,0.05
6.31071,2.31987,0.0999937
10.4008,29.5279,0.0837764
12.8231,19.0217,0.0905341
7.27579,18.7145,0.0939546
-13.7773,2.03635,0.05
5.89038,19.1561,0.0986525
14.8914,13.288,0.108627
2.13336,12.7535,0.0903587
14.3605,1.38099,0.110313
8.27913,15.9731,0.0600957
13.415,0.482517,0.0542348
3.21045,8.59005,0.13585
13.1084,17.0849,0.112583
-1.03853,25.657,0.0857684
-14.9423,19.2061,0.0577188
3.29364,24.5269,0.0893711
-6.9338,25.9296,0.0841767
12.3423,18.7617,0.113328
-6.21764,5.44197,0.0879621
-11.2561,14.4733,0.0747532
-6.6448,19.2117,0.05
13.971,8.70261,0.05
3.02633,5.006,0.10005
-2.38645,28.2831,0.088505
2.63265,18.8592,0.122131
-14.5371,2.66427,0.101245
-0.333722,11.4662,0.0847369
-1.24275,20.09,0.0709679
7.08671,29.8951,0.0739281
9.22014,3.27474,0.081732
11.1103,18.4725,0.05
11.7917,13.7725,0.085088
3.97648,18.3433,0.110139
11.1151,3.94819,0.0745087
-13.9564,7.84763,0.101742
-11.1356,3.04668,0.0873033
-4.14593,8.45986,0.0607312
-0.156846,1.3876,0.0595814
-0.615336,21.5928,0.0678708
-0.800498,5.47173,0.0566324
0.797127,3.03713,0.0717819
-11.8591,14.4602,0.0674565
-14.3607,0.0830019,0.0830234
-4.00546,4.06435,0.0765382
-10.4289,8.59808,0.140357
-12.6843,25.7183,0.100771
12.7547,26.1718,0.0896126
8.5336,29.0499,0.0631989
7.86155,7.65466,0.126999
-6.71297,12.2613,0.0587331
0.896594,17.1978,0.119905
2.1346,12.2012,0.115137
-10.547,0.114117,0.11413
-12.7584,15.5444,0.0622365
-1.60014,9.39659,0.101168
-11.853,23.4883,0.0651775
-5.56102,14.929,0.0500188
-8.07564,17.2133,0.121562
-10.7092,26.542,0.123733
-1.32702,13.2988,0.0596754
14.1998,23.8416,0.111787
9.09757,2.1768,0.0725511
1.94483,22.6796,0.0632176
-11.4539,19.1756,0.0848972
-10.7632,6.08593,0.0567022
-12.7393,16.5232,0.08482
8.63513,22.3278,0.0595677
9.29554,14.073,0.0890986
-6.90217,22.8767,0.102535
8.87029,25.1177,0.0939484
-6.37572,4.4078,0.0726083
9.96352,28.4779,0.100581
-5.57911,5.89837,0.0551555
4.94447,5.06904,0.0812518
-12.7801,12.77,0.05
-10.6993,22.4266,0.0838021
2.85115,17.5916,0.0848436
12.881,0.870003,0.064404
2.28105,27.446,0.109588
-12.3364,6.17867,0.0875582
-9.30741,12.6042,0.108249
-11.9665,28.1851,0.0870259
6.65663,28.7871,0.0833689
1.13591,29.1916,0.05
7.57945,9.41284,0.0897603
12.4335,23.7075,0.0811823
9.76184,17.7072,0.0624079
3.36973,21.6824,0.05
-12.2308,11.068,0.101151
-13.0352,28.6971,0.0539834
-14.9049,5.21242,0.0951095
14.9289,14.7168,0.0710644
-6.02255,16.2136,0.0946648
-5.74194,3.62095,0.0815193
8.95088,10.9246,0.05
11.5915,0.37987,0.0946436
5.57934,15.9833,0.0615329
-12.2165,24.178,0.13347
-11.123,23.7857,0.105239
0.875789,22.9089,0.0552042
-10.4418,20.1994,0.0904092
-1.1581,3.01778,0.102347
14.9011,6.88671,0.0989353
4.52086,18.8837,0.0582207
1.42497,14.7858,0.0772877
6.40249,1.18573,0.05
1.71839,28.1669,0.0570929
-9.59044,14.3763,0.0577206
12.9784,3.98894,0.0737807
-8.13531,23.738,0.0992894
0.695431,26.5944,0.05
4.91693,25.1019,0.123834
12.486,22.5879,0.0519944
-10.282,1.41755,0.116286
7.44318,2.69546,0.0600007
9.87973,2.30995,0.0936524
-6.757,28.0509,0.0998097
14.4346,14.3407,0.0945966
-7.03831,10.5652,0.05
13.6066,22.7785,0.0991038
-6.6083,0.0799648,0.0799777
-1.43746,12.5533,0.05
-0.843909,23.4921,0.100074
-6.03561,1.80511,0.089293
1.59755,27.8424,0.0774712
-5.80052,22.4893,0.111441
11.93,21.9821,0.0669752
8.84472,28.3006,0.05
0.0283303,5.31041,0.05
-7.58676,16.744,0.0766027
-6.68718,15.1754,0.11625
-5.73605,16.7074,0.0763314
10.2847,22.0816,0.05
4.28053,9.3811,0.0889882
9.80424,13.9976,0.0942345
-8.76034,5.05568,0.0846441
-6.41043,13.0149,0.0815032
11.3403,17.3462,0.0824896
-3.54243,26.0955,0.0974615
-9.55179,29.609,0.0550696
4.63139,5.7464,0.0580383
-14.1245,13.1403,0.0571351
-2.732,2.75893,0.089812
1.37208,3.09683,0.117434
6.49899,1.40643,0.0824583
-7.64615,2.85113,0.0806391
0.352515,25.6083,0.127044
9.0013,1.68049,0.0692684
-2.21351,15.3971,0.0581727
10.4895,20.6291,0.0753931
-6.46142,17.3658,0.0881126
9.87873,20.1776,0.05
1.94117,26.1611,0.092013
11.1657,18.0014,0.0837993
10.3522,25.5449,0.05
6.26265,2.62183,0.0895204
-1.9749,24.6684,0.0546653
14.497,16.7374,0.0722701
11.2055,28.3636,0.0890297
14.1147,27.9493,0.0804494
3.9732,12.9638,0.0511608
13.3149,9.61033,0.05
0.114696,5.4652,0.05
-9.24635,15.1597,0.0690948
14.6071,12.8237,0.0813808
8.8566,13.4228,0.0912337
-3.72636,24.1386,0.144673
-4.5249,21.2428,0.086822
-4.77767,13.3272,0.0882549
10.4961,19.3972,0.0763147
10.376,19.8102,0.0890586
-12.0679,25.2571,0.0699365
11.5832,19.2324,0.120214
-10.5016,24.7431,0.05
8.67659,29.5071,0.0588651
-14.4487,24.9211,0.0701897
13.8457,0.645603,0.05
-8.27059,1.20495,0.059974
-4.05184,15.3381,0.05
9.19582,15.282,0.0998318
6.32145,0.747892,0.05
8.88878,19.4969,0.0617356
-1.1577,23.0104,0.05
13.2805,12.7576,0.05
-1.43522,26.3823,0.072192
-14.7548,0.648471,0.0895456
-9.84726,20.3973,0.0835798
-1.56117,2.41072,0.0780752
4.25178,18.4828,0.111724
10.8496,12.1933,0.05203
-10.1935,15.9574,0.05
-2.32134,10.5002,0.0900328
0.347301,11.7279,0.0725454
-12.0739,14.8734,0.086891
-2.64426,4.38311,0.104905
13.1453,7.51773,0.0650171
7.15302,2.72098,0.0536373
7.84075,10.5113,0.086886
8.38172,9.05975,0.0789895
-14.4672,20.1572,0.0589277
6.11971,22.9942,0.05
6.81942,9.31562,0.05
-2.89895,26.1121,0.0630898
5.88994,14.6286,0.11079
7.3482,3.24349,0.0638172
-10.1883,24.6196,0.0733759
-5.13652,25.3727,0.0836667
14.0842,16.3423,0.108535
-4.06115,10.1596,0.0726154
1.43912,8.47782,0.0609794
10.5643,8.99002,0.0511587
6.95951,0.949126,0.05
-6.31777,23.6491,0.0711683
-6.63857,18.9115,0.05
-10.6528,14.5928,0.0943425
5.38044,29.1482,0.0600128
-10.3529,13.1178,0.118943
5.66889,24.8522,0.0969153
-10.2481,5.28059,0.0929636
12.9584,0.250462,0.0728963
14.2525,9.07231,0.05
6.52328,23.273,0.0652996
-5.5907,13.651,0.068282
14.4287,6.0089,0.0698925
4.28228,12.0237,0.0704479
-9.40045,18.9142,0.106602
-14.9442,9.35158,0.0558039
-2.48206,2.74732,0.05
1.99051,17.2283,0.0882793
7.1419,8.32408,0.0529419
0.519125,7.28013,0.0695519
-2.89673,5.68191,0.0764308
8.75841,4.64461,0.05
-13.1076,8.77879,0.0702188
-8.81123,21.3908,0.0629722
-10.6755,6.15539,0.0502081
6.4006,29.2555,0.0868754
-0.705761,29.0945,0.0776512
9.8555,28.8971,0.05
-13.178,16.8345,0.084266
-14.7055,21.3615,0.0863474
7.81635,24.5862,0.0849861
3.29166,10.2808,0.0540626
9.80927,20.9302,0.101684
0.496204,19.3736,0.0935479
4.06013,10.4384,0.0640858
-5.85029,23.1921,0.05
7.519,6.19974,0.0883416
-2.88671,28.639,0.0691445
4.7164,20.0979,0.0527635
0.748565,24.0555,0.107571
-5.00576,16.3755,0.0968538
-8.69927,9.67214,0.0622157
-11.9038,29.3559,0.063887
-11.9691,3.81833,0.05
-4.90995,19.0464,0.0522207
-9.5153,29.0751,0.0795176
-6.06394,9.52292,0.0577347
-9.52182,0.403237,0.0669375
3.73133,1.73587,0.05
0.519782,13.9328,0.0624041
7.54292,21.2095,0.0746325
-2.56262,24.3712,0.0717742
-1.17062,2.51457,0.05
14.6089,6.36876,0.05
2.53915,16.3884,0.0679681
-10.0563,13.1685,0.05
12.8059,25.8658,0.0951114
12.8105,19.8323,0.090715
-4.72734,0.764036,0.0619789
13.2876,4.58405,0.0824326
0.889423,21.8705,0.0910071
-1.47483,3.16695,0.0619952
-6.54534,25.787,0.05
-1.14471,9.71657,0.0687028
-0.658788,5.90086,0.0946124
4.58715,21.4653,0.0915961
-3.89827,21.1193,0.05
-6.67908,29.1392,0.101792
-5.41024,11.5941,0.05
-1.17245,3.16943,0.05
12.2198,27.9239,0.0793961
-0.484755,28.184,0.0795259
-11.0299,15.3723,0.0590312
-5.24077,5.70082,0.0925402
-1.26905,7.69426,0.056704
-11.5705,22.0449,0.133002
10.4447,25.646,0.0870203
-10.5709,5.91315,0.106723
-5.3665,9.39475,0.0768327
-8.45886,25.3547,0.05
10.8138,16.5366,0.05
10.1724,26.9986,0.0647978
11.254,9.70522,0.0630055
-2.08009,20.202,0.0550675
8.05333,9.38498,0.0616229
-0.195355,23.8802,0.0677549
-11.1341,14.1749,0.0618757
2.34169,9.15031,0.0905916
5.30323,5.90545,0.0967433
-11.4319,24.573,0.05
8.85024,28.9317,0.106537
-10.7312,24.7163,0.0849485
-3.57073,6.49027,0.05
-13.0064,28.5671,0.0791509
-6.38371,11.9244,0.089157
-5.56944,8.64521,0.11922
-12.3663,9.49009,0.0938159
6.09394,21.8498,0.05
6.80254,0.737575,0.114163
-5.04735,29.8573,0.0866244
-0.805564,22.2787,0.0895356
10.8955,12.3869,0.05
2.48157,9.78016,0.0791646
14.7194,5.95407,0.05
14.5578,9.50265,0.0605356
-3.59071,0.507282,0.0994865
-2.98501,4.49349,0.105768
7.72416,8.13255,0.0906755
7.00453,14.5784,0.070166
-12.92,26.2573,0.0723453
5.46346,29.3746,0.0608907
-11.7946,27.2325,0.095944
-3.92261,4.38747,0.0796662
-14.2066,2.48647,0.0791619
10.1368,28.4771,0.0717578
9.84098,19.9443,0.05
13.7338,3.21128,0.115979
-13.6235,1.55345,0.0786469
3.24366,16.564,0.0729583
12.0136,20.6006,0.05
4.59279,1.00779,0.0981334
-12.8266,6.84062,0.082219
-8.34104,9.67124,0.0946578
7.74052,1.52252,0.0721672
-1.35597,25.2419,0.0869494
13.8667,14.1497,0.0566273
-8.77579,7.61273,0.0610625
-0.569093,16.9987,0.0565587
-1.22306,9.01251,0.10767
11.0536,2.16455,0.0782125
-10.1848,21.2211,0.0676725
-14.7009,22.5164,0.0574704
-10.4299,9.68821,0.0929032
11.0184,8.67106,0.10879
6.56743,12.8835,0.0537709
-14.3813,3.43023,0.0536291
1.70888,18.5806,0.05
0.578938,18.5047,0.101037
9.07243,0.0742334,0.0742666
5.57493,1.50487,0.0543119
-5.57372,0.317953,0.109184
-14.0815,17.8233,0.05
9.87836,6.98294,0.0674863
4.73221,27.3717,0.05
7.46704,15.8454,0.0747947
1.00634,11.0748,0.0566505
7.17725,4.18291,0.0994907
-1.61681,6.8761,0.05
-11.652,29.9044,0.105847
8.70776,26.6308,0.0915431
-2.69691,20.901,0.072468
14.5575,11.2731,0.0690931
-8.41742,20.313,0.0817118
5.55341,3.01551,0.0700594
-6.2699,19.2015,0.0903488
4.92634,4.33431,0.110058
-7.05213,3.89905,0.0606394
13.7554,8.87328,0.0866151
14.3476,17.8578,0.0762069
-12.8698,23.7951,0.0511228
-7.31389,23.971,0.10603
3.54747,5.54377,0.0730854
2.64747,21.2363,0.0620372
-3.48471,2.84751,0.0747874
1.46112,10.218,0.094798
3.62952,19.3379,0.0904301
-7.91428,18.9199,0.105974
-4.40831,21.3687,0.084207
13.397,6.40512,0.072509
2.51701,25.4837,0.0799828
6.22252,1.10828,0.0687616
-9.3227,0.42617,0.0823821
-4.8421,7.86784,0.066937
5.97505,13.4866,0.0586864
8.84024,16.7,0.0996126
9.70405,11.7504,0.0686961
-1.49572,6.346,0.0761207
-2.74045,9.3726,0.05
13.3198,1.74719,0.0876079
9.99395,11.7307,0.0813888
13.0548,9.39504,0.0829503
11.7399,18.3333,0.0772566
-1.15785,22.1013,0.0726739
-1.5861,10.7701,0.0775675
10.6059,18.1123,0.0618451
6.10803,24.4449,0.125945
-5.53468,14.2123,0.110005
-13.4514,0.795904,0.069804
-0.301284,3.72344,0.05
-3.91588,17.4176,0.0527309
-6.22793,22.2043,0.05
5.30734,5.6031,0.0671958
-6.74417,2.18588,0.0530756
2.74942,14.9853,0.119104
11.9769,6.84743,0.0830068
-12.4484,11.8605,0.05
14.7286,11.2647,0.102183
-7.69601,14.2675,0.0836063
-7.98826,12.3121,0.0757554
5.26194,26.5457,0.05
0.336984,20.6942,0.0837861
0.97377,20.3991,0.081945
-9.25063,3.81541,0.05
-1.52662,10.3033,0.0545383
-10.5631,21.0172,0.05
14.7566,24.8011,0.10466
-5.51028,0.10911,0.109126
-13.1603,13.0369,0.0707364
-14.0495,9.98021,0.124039
10.8179,29.2105,0.0740923
-2.48819,27.9854,0.0909409
-5.74959,9.30761,0.0717804
9.50608,15.2524,0.05
6.59291,22.2469,0.0777505
-4.954,17.1262,0.0844613
-0.0648904,23.217,0.121371
-12.1551,25.3395,0.05
7.25321,1.79494,0.05
-3.42569,15.4488,0.0635417
9.56462,4.31095,0.131332
13.0035,28.5568,0.0787752
6.01041,18.7217,0.05
-2.3101,18.1121,0.0722733
6.94124,7.8077,0.0705206
10.1862,26.1848,0.0560449
7.10941,26.8309,0.0651063
-14.4445,26.4242,0.05
-12.211,4.54011,0.0712127
-7.21651,8.96265,0.0925894
14.7799,9.79222,0.120239
7.23474,14.8962,0.0820773
-8.73467,26.0002,0.118746
11.0384,18.9999,0.0588698
8.32699,20.7721,0.0676316
4.99305,28.4764,0.0820698
3.68135,7.88628,0.0880746
-13.1909,25.9062,0.0814881
8.49556,1.48077,0.0605938
-7.87779,4.05633,0.05
-2.30377,25.2052,0.124714
12.7848,4.12326,0.0619852
-14.7595,12.2977,0.0641293
0.248911,14.1116,0.0558108
2.93571,7.7941,0.0531842
6.92634,21.4773,0.0689094
-9.22464,8.4629,0.146555
6.9056,29.4436,0.097197
8.57948,13.2406,0.0895445
-8.00296,21.3732,0.0673578
-4.52924,10.4756,0.111414
-3.46178,29.8206,0.10807
4.88728,4.15186,0.0765318
3.83309,17.6937,0.114038
1.02754,15.0669,0.142314
-3.1718,22.3506,0.05902
9.63903,27.4022,0.0716145
-8.17987,19.8131,0.0854611
9.92797,5.18112,0.05
0.105255,16.11,0.0760033
-11.9429,7.13215,0.101254
7.74942,2.2161,0.0852919
-1.36678,19.976,0.086253
3.3563,8.79294,0.114012
9.70942,3.54901,0.109017
3.08181,21.0642,0.0535659
-0.338165,29.9812,0.0673986
-8.87232,5.81876,0.0750094
-14.684,24.6815,0.0571389
10.4695,16.2739,0.0551865
-9.15519,3.74806,0.0668249
12.2082,27.7646,0.0802747
12.5244,19.1345,0.0804139
9.81183,4.12841,0.0969792
4.46846,21.2557,0.0720048
14.6361,15.5978,0.0676734
1.61924,23.9305,0.0647153
0.844653,23.4007,0.0741615
5.84919,21.0509,0.0683756
-1.62815,0.691494,0.0895172
-1.925,28.8835,0.05
0.560499,17.4622,0.103766
-0.21237,6.84711,0.0675766
3.48621,22.5697,0.106993
-4.82578,16.3282,0.0892272
-12.8496,19.9634,0.0850884
12.9012,22.225,0.0999856
-1.22331,13.3803,0.0702939
-8.72907,17.4367,0.0812942
11.1413,19.9364,0.0500404
2.84151,10.2335,0.0696532
-10.1241,27.9072,0.0790318
-10.095,9.33754,0.0726888
-11.5598,19.6841,0.111342
-1.27341,19.1031,0.156559
-0.891452,5.62602,0.122486
-0.62672,26.5015,0.0914922
-13.4252,7.94579,0.05
-10.3882,19.9442,0.0613823
4.3746,28.363,0.05
8.49207,9.89361,0.0986554
-7.55508,5.77182,0.0856653
4.31897,23.502,0.112627
-1.14025,26.0969,0.0834466
-14.6606,8.96108,0.0515829
-9.51329,23.9961,0.0816424
1.06285,21.5771,0.074061
-7.85058,20.9731,0.0978319
0.635702,26.4737,0.0846431
-7.11136,21.4702,0.0830116
-12.4329,25.2102,0.0880103
-3.67904,20.1087,0.0539836
-12.5381,12.0638,0.0758138
-9.72558,13.9922,0.0591638
-12.6877,20.9873,0.111203
-6.83179,16.9598,0.0958451
6.4695,26.2947,0.05
-3.80582,23.1935,0.0791573
-4.24637,17.4349,0.0559503
-7.88474,24.8561,0.110833
2.33396,8.98018,0.079718
-9.87954,20.7244,0.0939714
13.1205,26.2824,0.110113
-1.95556,1.50911,0.0993072
-14.4559,15.4083,0.0714606
7.94292,22.7822,0.05
-6.74942,13.2883,0.113751
-0.175462,22.928,0.10981
12.5731,24.8889,0.103709
-14.5977,7.6772,0.086347
-7.68067,16.2818,0.0844807
-11.0036,2.59861,0.05
13.5297,3.33284,0.05
13.7468,20.5999,0.0995708
12.3818,25.3422,0.05
-3.91528,21.2178,0.05
-0.865727,3.52349,0.0763192
9.3378,4.66989,0.0717278
2.11433,29.5272,0.05
14.5272,16.8666,0.0603382
14.7397,12.3798,0.0874842
-6.39956,11.2869,0.0769597
14.4055,17.3477,0.057702
-13.9502,27.3649,0.0865129
-3.24352,22.2252,0.0853776
5.91527,18.1203,0.102963
-14.4109,15.6362,0.0592193
10.0829,0.466004,0.0795897
9.9707,22.1119,0.0658889
9.54196,21.9781,0.0973332
9.96234,20.6275,0.106609
6.73318,25.9328,0.09291
5.75063,8.25299,0.0941895
-5.32337,21.6678,0.144709
10.0321,18.2967,0.0722005
14.3942,0.67963,0.063673
-7.89683,16.6826,0.05
-1.62022,26.9062,0.0648771
-10.3396,28.664,0.0553936
-11.6485,11.0197,0.0715161
-10.6955,19.2567,0.0871554
2.68942,20.3505,0.0721173
-7.682,3.16832,0.0637254
-7.46558,29.4941,0.05
0.744893,18.5426,0.0690337
-0.685264,22.4836,0.0684505
-11.3207,12.4947,0.0597012
-1.04633,24.6111,0.0693662
-8.66633,10.5012,0.0537156
-11.7353,14.1984,0.0923372
9.66881,18.7053,0.0726906
7.63685,11.5336,0.101204
3.30385,5.12573,0.0602301
4.52767,9.85091,0.0680499
9.39126,2.63879,0.0949482
13.2146,4.80335,0.052776
-14.8086,8.90149,0.05
10.6489,23.1299,0.068602
-13.0513,4.18913,0.0510051
2.21917,27.9374,0.05
10.625,2.48168,0.0830942
3.19809,17.2961,0.0784803
8.28781,23.4527,0.0956782
-6.82542,7.18202,0.0739201
-5.65081,16.1928,0.0571604
-13.2083,27.6851,0.0998829
-2.35813,25.8322,0.0752356
-8.39683,23.3823,0.0603235
-7.11403,8.79991,0.099724
3.11872,25.2902,0.099671
-10.9578,16.3151,0.0705899
-12.1461,18.3673,0.078752
-2.73508,24.7498,0.0895732
-0.522715,17.3221,0.0824417
14.3391,14.8892,0.0651377
-11.0071,26.0488,0.0650169
-14.3799,0.370376,0.0694887
-5.37676,29.1212,0.0547524
12.0216,0.523454,0.0767151
-3.03048,20.4188,0.0515824
-11.3011,9.12928,0.074653
2.82511,12.6119,0.0844741
4.04142,20.8468,0.0582149
7.03674,7.35266,0.05
9.08664,6.9407,0.0917879
6.63894,20.9632,0.0619503
13.1194,13.8895,0.0523945
-0.488721,8.27793,0.100568
-2.79272,13.4658,0.0856166
-5.71533,22.3,0.0960965
2.60245,3.84423,0.0853977
5.5326,1.12384,0.0649387
6.81027,13.9288,0.0794929
6.71438,27.879,0.0963022
-10.1784,0.452304,0.108062
11.049,14.8302,0.123429
-9.53779,26.643,0.0575713
-5.30802,17.2725,0.05
-7.72403,5.50301,0.0703893
8.91546,8.28619,0.0737606
8.0547,3.42959,0.05
2.58473,7.09726,0.0516924
13.0309,0.0968903,0.0969316
-13.6576,7.01219,0.0711946
-12.4642,20.525,0.05
5.8462,26.7181,0.0953251
-12.2457,13.9432,0.0839973
8.1504,8.68314,0.114562
-2.84016,9.95485,0.05
1.71669,29.3309,0.05
-3.60223,11.7491,0.0871853
9.0623,26.357,0.0759009
-7.46013,11.6259,0.05
-6.19527,20.3347,0.102023
9.71791,24.1084,0.0626292
0.524649,28.1794,0.06337
-4.34781,0.216237,0.05
-12.4086,10.4103,0.05
-5.49245,19.8276,0.0691317
-13.7175,5.62311,0.0769115
7.36794,1.0271,0.05
-2.1759,14.751,0.0963945
3.49182,4.37433,0.0542361
-9.56657,23.7957,0.115964
-6.11224,14.5405,0.0978733
13.7161,9.83409,0.106103
13.3214,10.0295,0.074498
8.42393,7.26242,0.0516065
-9.97597,28.0327,0.05
2.29608,4.22185,0.05
-11.5284,5.85099,0.0967646
-4.5253,2.92804,0.112142
-10.9316,26.607,0.0697343
-1.39453,24.5524,0.084888
-4.90498,13.9891,0.080153
-7.79392,29.6336,0.05
-14.9024,27.1279,0.0975621
3.36336,4.85189,0.0955322
7.69043,4.74213,0.0639108
-9.45366,25.492,0.0916923
6.5993,5.40315,0.0637316
9.08403,10.1945,0.0895763
3.63634,5.69792,0.104845
-14.0116,6.70971,0.0993392
-13.2949,10.2189,0.11551
11.1027,22.0617,0.0819261
14.8094,29.3635,0.0596491
14.6882,29.6347,0.106536
-7.22977,9.94153,0.0982779
-0.675591,17.0434,0.0589405
2.60208,14.5158,0.0765458
14.2834,2.70837,0.0556887
4.63195,8.1805,0.0909077
-10.7794,8.99467,0.115365
-11.0194,11.7298,0.076794
-0.945694,6.55036,0.0823613
14.1286,12.5494,0.0897492
5.57385,23.3145,0.05
-9.57176,19.9344,0.0876274
-13.2296,2.99609,0.05
-5.77733,24.952,0.05
8.01787,23.2749,0.0662077
8.26578,11.5034,0.098626
0.796952,0.218375,0.0947009
-2.474,13.9232,0.0882297
13.1504,19.0797,0.05
-11.2271,15.1341,0.0713174
-3.56545,12.7813,0.0775712
-6.12682,16.9254,0.0624904
-12.9797,19.0452,0.0610344
10.6708,27.1833,0.0708284
0.563109,20.9775,0.103883
8.57609,13.9051,0.074499
2.85303,4.96664,0.0776634
-4.49901,28.7421,0.072072
-0.748323,11.8681,0.126612
-9.85173,0.349244,0.052359
-13.6385,0.577919,0.0952161
6.57902,15.9669,0.105627
3.14108,15.5271,0.05
12.9356,20.0972,0.05
12.2358,13.6687,0.107906
-0.288345,16.46,0.0982163
7.26606,29.5474,0.0797251
6.3199,2.00737,0.0712508
12.4977,14.7085,0.105147
13.6522,22.4981,0.05
0.415071,18.3924,0.0975926
-4.56354,11.5048,0.110556
-0.30485,29.4442,0.0752885
14.8834,15.8755,0.104021
3.9668,10.195,0.0908225
-4.67757,25.6285,0.0696033
-3.07824,17.7234,0.0970309
-2.41528,21.7221,0.05
-4.24341,3.88318,0.0642167
-12.006,10.6417,0.0734902
12.9212,15.104,0.0625147
10.2904,22.3628,0.0692413
13.4566,15.6911,0.0667387
7.28527,9.91661,0.0693591
13.6722,21.6432,0.0770575
-5.9453,19.9419,0.0893094
0.6117,28.4041,0.0647448
-1.15924,24.7633,0.114174
-1.16472,20.9838,0.0907399
-9.30423,4.82509,0.0712338
-11.368,19.9037,0.091959
14.2109,4.62254,0.124331
1.79083,19.071,0.0930198
-10.3412,18.5422,0.0993385
-0.310819,13.9683,0.0900491
-10.2909,12.032,0.05
10.2997,23.1805,0.114727
1.19799,22.3903,0.0849948
9.07443,29.6697,0.109471
11.3773,11.5074,0.0944416
-9.26601,9.54395,0.0631558
10.8218,11.917,0.05
2.87864,24.7148,0.0927639
4.94464,15.5989,0.0591754
13.9653,25.7937,0.0830156
-1.7752,16.2592,0.0557424
-2.45306,0.284653,0.118747
2.8701,8.87327,0.103272
-8.07521,0.958129,0.0538189
12.4222,22.363,0.0571266
5.88372,13.585,0.0755582
10.4487,1.87586,0.0724573
-2.37585,16.723,0.0509237
-10.6978,29.8429,0.0778167
10.5781,28.0175,0.0884977
-10.3509,2.98448,0.05
-6.13791,11.2213,0.0528582
-7.05531,7.70027,0.117587
4.36383,22.9009,0.0827214
-14.1432,7.58809,0.0947711
-7.67688,16.8897,0.0946392
-6.19644,7.55039,0.121818
-14.0187,21.3772,0.05
-5.99156,7.95375,0.0694776
11.4601,13.2315,0.05
-7.36989,10.8224,0.06291
-12.8078,16.1448,0.092592
5.16767,5.96164,0.05
14.95,16.9572,0.05
0.573237,22.2858,0.05
2.37288,25.1222,0.0751256
-11.497,24.0911,0.0851433
8.10209,8.16901,0.0919349
-13.5332,2.89422,0.0828557
-2.50995,22.5783,0.0835865
9.59598,10.1018,0.0910094
4.27241,13.0063,0.05
-9.10407,29.3069,0.0926695
5.34956,19.4714,0.0952601
4.54433,2.96511,0.0883671
8.5261,11.6731,0.0664777
10.0714,9.60893,0.0888171
11.7038,24.6414,0.0845464
12.4175,25.7808,0.127344
0.128083,8.71777,0.0547131
10.1959,1.88688,0.0908708
11.7118,9.98076,0.0615133
9.18031,26.401,0.05
-1.18586,18.3236,0.0780684
12.9252,23.1922,0.063298
12.569,18.5436,0.05
2.87328,8.52375,0.05
-3.04319,2.70928,0.099419
0.864533,1.22928,0.0850466
9.43058,14.1837,0.0854756
0.655882,24.7833,0.0568011
-4.43658,25.0842,0.0721179
10.4714,14.0744,0.0649798
-0.72618,19.1483,0.093013
-11.0467,7.74334,0.0762618
11.9768,23.8973,0.0559629
11.2276,22.1144,0.0535543
-3.84688,0.0787352,0.0787423
-3.51286,27.0589,0.0812409
8.77591,24.9683,0.0827427
-10.3784,28.3885,0.0975474
1.22165,0.985319,0.109049
1.72945,8.77572,0.0978293
-8.28879,4.28982,0.0585678
-3.75382,19.7746,0.0880924
14.3284,12.2113,0.113902
-9.07086,27.9365,0.0781781
-0.887855,7.31106,0.110245
9.76533,13.5308,0.0616185
1.03081,1.62585,0.0778896
9.43004,25.2764,0.104306
-8.42714,28.6334,0.05
-9.54624,17.1972,0.101904
-11.4088,5.94365,0.0544698
0.870528,18.5821,0.0626646
11.9459,10.9418,0.0716058
-12.6766,26.4698,0.0820607
10.6795,25.4723,0.108487
-14.4498,29.8843,0.0889412
13.1496,18.6691,0.0637128
14.7033,26.5565,0.0803865
-11.9751,8.14577,0.05
13.4839,26.6799,0.0927658
-0.5098,29.3485,0.05
4.4712,26.7819,0.0691946
4.87314,6.26503,0.0896735
-11.0199,16.9381,0.0875857
-2.66203,15.3259,0.05
9.82439,15.8244,0.0901962
8.63247,24.1021,0.05
10.5667,24.0715,0.0679506
3.37965,23.6876,0.0893091
-3.5912,0.098953,0.0989737
-0.836107,12.9591,0.109741
-5.81546,7.7155,0.05
-10.7052,6.49007,0.0888732
-3.58619,10.8486,0.05
5.31725,25.335,0.0972957
7.25968,11.333,0.106232
5.71705,14.6823,0.0691239
13.0806,19.6686,0.0945055
-9.66764,28.7791,0.0759442
-3.90424,23.3774,0.119498
4.55524,3.42156,0.0769974
-10.579,13.2511,0.0836208
3.81431,10.1337,0.0735128
-6.17866,15.6353,0.106154
14.4378,7.56789,0.0697269
-13.217,25.4953,0.104219
-14.9185,6.8693,0.081502
7.20507,24.0647,0.05
8.18878,19.0521,0.088158
-14.1243,20.6762,0.065901
12.2606,20.0457,0.114076
-2.65448,16.9112,0.0735852
2.4335,11.3585,0.0819885
14.7597,16.0437,0.0879152
0.176407,12.6306,0.0909166
6.60699,27.179,0.123737
14.7182,0.0670941,0.0670944
3.37518,16.5259,0.0639671
-12.3921,3.8036,0.05
-10.0853,3.55333,0.0678694
6.64074,25.7068,0.05
-14.8341,28.4894,0.0660132
-8.86871,24.2695,0.05
1.14535,27.1795,0.05
-7.25618,12.102,0.0984716
14.4666,6.39061,0.05
-1.55173,1.22552,0.05
9.67848,14.4117,0.0861218
-12.8667,15.4448,0.0848585
13.9649,26.272,0.0899337
-0.840422,10.6588,0.05
5.99748,2.46752,0.104102
11.9501,7.01452,0.0862197
5.48519,7.45182,0.0650669
14.897,29.6167,0.103014
-12.865,28.9561,0.0694169
-7.75115,17.2447,0.0938113
7.50507,11.6882,0.0898118
-2.9752,11.904,0.0599688
-9.05534,19.5021,0.05
11.01,29.783,0.0774305
-9.07998,10.6913,0.0889776
-1.23727,26.2274,0.0791891
8.61713,9.8132,0.05
-14.5897,19.3899,0.0704992
9.21979,23.2512,0.123429
1.59587,25.445,0.10557
-9.83466,27.6278,0.05
8.33278,10.0759,0.105113
-4.20583,1.92273,0.0739453
6.38316,3.17601,0.0657982
6.32855,1.6138,0.0964788
12.3203,5.89303,0.0833828
-11.5156,23.8583,0.094366
-3.5997,5.13338,0.104464
12.6453,14.1027,0.126189
-11.2317,27.7638,0.05
4.337,17.1703,0.125037
-12.9948,22.9827,0.0875686
-10.9101,29.3487,0.0695946
1.48191,1.41757,0.0973298
8.18669,16.4419,0.05
5.24105,5.74855,0.0720261
8.1726,12.6548,0.104732
11.657,0.224015,0.0744774
-14.5902,22.8578,0.0843622
-3.005,8.76774,0.0879742
-5.07833,24.2921,0.05
14.3221,2.46778,0.05
4.70772,2.16918,0.0560816
11.4497,7.85603,0.05464
11.5452,14.771,0.0978076
1.89855,10.4525,0.0734932
5.12521,21.5454,0.0734578
-13.7801,6.21716,0.0872445
-14.0518,13.9668,0.108974
-9.18103,10.3305,0.05
-6.56694,14.8988,0.152522
4.38338,4.10198,0.05
0.482104,29.3455,0.126568
4.38622,7.39978,0.0716238
5.17752,17.3257,0.129575
-11.5164,8.84701,0.121273
9.09344,18.5778,0.0730548
5.0439,15.2903,0.0686175
8.73601,0.96321,0.129269
-14.4752,2.07538,0.0984404
3.39621,19.5407,0.0921451
6.07686,20.5467,0.0953703
-6.80606,22.1519,0.0559483
-0.421997,14.3093,0.0849498
12.0547,3.366,0.0553889
-9.83549,10.0542,0.0716697
-7.02695,20.2246,0.0880961
3.68442,23.8322,0.070148
12.583,22.1135,0.0677794
-8.10177,28.4854,0.0875896
14.9229,10.1318,0.0771241
9.26141,0.611437,0.05
13.5457,25.6014,0.0864112
-0.233522,8.54921,0.0747955
12.9589,13.2086,0.0570654
12.4809,8.32236,0.0538391
-6.77197,0.817242,0.104845
-11.3807,15.4229,0.0742474
10.5576,5.50353,0.05
-7.53749,20.035,0.0872577
5.13228,9.04747,0.0589864
-12.6199,21.3088,0.121825
1.84475,26.4567,0.0652096
-4.4249,3.54222,0.0798743
-14.0595,23.3275,0.121931
-14.2775,28.269,0.109796
-1.36577,17.234,0.0891069
14.1952,22.6884,0.0740658
5.85722,16.3368,0.126834
-12.6116,7.00494,0.0885071
-9.27459,5.79984,0.05
-5.27856,23.244,0.0901949
-3.85964,15.723,0.0649878
2.89272,6.29844,0.0644215
-1.4845,26.8905,0.0717528
1.85924,0.589986,0.0833443
-10.907,22.0295,0.05
-12.3799,4.59248,0.105627
10.5703,2.12056,0.0942244
-0.500531,22.4924,0.116497
-0.742873,14.0777,0.0887849
14.7702,15.231,0.05
-13.1333,15.7865,0.0845599
2.3208,3.4673,0.0532156
-3.69045,1.2899,0.0610293
11.2599,10.6666,0.148929
-4.21888,5.10039,0.111221
-14.0045,2.15328,0.103194
-11.1505,12.2553,0.05
6.04862,8.66953,0.146706
-1.81464,12.8757,0.0682113
1.86754,26.3149,0.0784049
1.96945,6.84913,0.0900812
0.178739,2.90071,0.0909219
-5.56355,15.687,0.05
-3.61805,2.33486,0.0901014
-1.51503,27.9067,0.05
2.89188,14.6212,0.104833
1.21847,19.9026,0.0587629
5.00687,7.58893,0.0510997
-7.91991,3.08608,0.0742497
-14.5396,27.5574,0.108544
-5.8848,19.0544,0.0804634
11.4041,13.5643,0.0631466
7.11278,12.3448,0.05
-1.41156,10.7089,0.107395
12.9354,16.0976,0.0725997
-7.54808,28.8585,0.0524251
1.36746,3.31153,0.0973309
7.18775,29.1647,0.0912658
3.12117,26.5292,0.08985
8.47221,14.2373,0.088646
1.03452,22.8764,0.106819
-9.59253,3.83953,0.05
-13.3048,10.8192,0.0839053
-13.7842,26.0833,0.0952736
-0.806643,2.28163,0.05
-9.80402,15.681,0.0875985
-8.82266,21.5524,0.0989601
12.0208,28.2592,0.0552055
-6.61217,14.2592,0.0757986
-7.46717,10.3901,0.0578354
14.5773,9.81178,0.0833264
1.37237,0.672596,0.05
5.24735,10.8516,0.0952409
-13.8648,12.3132,0.05
4.23091,10.4989,0.11712
-9.27115,29.6167,0.0884431
-14.7785,4.89783,0.101918
-13.5156,19.1145,0.0698492
-5.21076,27.946,0.05
8.63595,10.0262,0.05
0.349919,7.27893,0.0996615
-12.4312,18.2129,0.0708903
4.84655,29.7369,0.0824256
-7.63797,18.7182,0.102508
12.8622,1.63358,0.05
3.05333,18.0084,0.0791478
-14.5933,10.7877,0.0739985
-2.21691,7.37684,0.084879
2.90908,11.8365,0.05
4.87015,6.42,0.0653157
2.1953,13.9097,0.117671
-2.45925,8.05208,0.0980598
-7.20708,11.4193,0.091191
6.35733,11.3167,0.05
12.4854,10.0773,0.0600838
3.22556,11.2828,0.0591269
2.67743,17.1463,0.0653618
-1.5532,12.2267,0.0686745
1.75405,7.75207,0.131163
2.98471,5.33793,0.0605801
-12.5654,9.69904,0.106637
12.2441,17.7101,0.05
-7.32543,17.7172,0.0767889
-13.6065,7.12873,0.056066
-8.6196,5.02064,0.0505339
-5.17598,27.8174,0.0831976
-10.4738,29.4024,0.112282
-3.62822,11.2924,0.0861273
1.76959,2.56614,0.0817082
4.09725,0.452208,0.115954
7.20608,16.3693,0.0789097
6.62909,2.88981,0.106364
10.8636,28.5811,0.05
-4.65821,10.3074,0.083829
-5.70837,14.9058,0.099152
-13.1458,20.4453,0.0806763
-0.424955,25.9618,0.0624073
-6.426,22.0092,0.0723271
11.0073,10.6462,0.05
1.91525,29.4086,0.0685459
-10.1503,12.6244,0.0801216
3.58479,8.7748,0.0702665
10.1393,23.6103,0.0891948
-10.9202,6.2532,0.05
13.5969,10.7813,0.05
5.41806,16.5598,0.102457
11.4308,7.69729,0.105215
0.532929,13.0928,0.0732203
4.39653,24.0371,0.0563282
-10.5263,19.131,0.0584742
12.7942,17.9983,0.0853845
0.318811,17.6492,0.0961013
9.78598,26.4276,0.0603708
-8.82984,16.5461,0.11019
11.6913,3.14182,0.0522267
5.38643,2.70846,0.125197
1.24816,17.1269,0.0926128
-14.1179,28.2614,0.05
12.9678,20.4997,0.05
11.4613,23.881,0.0898909
5.73721,11.8025,0.0717303
-7.96419,28.3606,0.0982089
9.8081,5.50985,0.05
10.6541,6.35977,0.0786098
10.4744,1.13379,0.0743378
2.36796,29.9302,0.144152
12.8735,4.64471,0.0778129
-5.38344,14.6319,0.0988276
1.07819,25.6699,0.116409
-8.59699,4.25131,0.12398
6.46127,29.6776,0.104292
-4.53214,17.2583,0.0812386
10.8757,19.5332,0.0720553
7.01439,10.0059,0.0658987
3.12934,16.11,0.0822899
-9.4806,22.7796,0.0772229
7.83799,14.4485,0.0916449
-0.878076,9.19224,0.0549019
-5.55216,4.83445,0.05
-1.84523,21.295,0.100713
13.4697,14.8708,0.124347
0.0981083,29.476,0.0683871
4.89401,4.6346,0.0690565
-10.2266,11.8753,0.11936
13.8385,15.4474,0.05
2.3058,17.2896,0.071912
-7.5747,4.34469,0.0791806
-4.07844,6.56347,0.0884078
-1.7566,3.16093,0.124296
-13.6326,18.773,0.0592023
10.6207,26.2759,0.120533
-14.7642,6.14635,0.087711
5.8716,16.7792,0.05
9.29672,7.43669,0.122638
-4.51497,20.4481,0.0577734
-12.9831,25.6656,0.0573868
12.3691,12.4012,0.05
6.72105,5.30719,0.0912876
2.23488,13.2681,0.0623391
12.3637,2.61884,0.0576953
11.9793,13.2154,0.05
10.4665,4.57911,0.120188
-12.0976,2.27965,0.05
5.98263,0.398972,0.0717448
0.923318,17.03,0.05
7.67547,27.2838,0.0904063
5.08431,19.9896,0.087946
-3.63989,29.4768,0.116365
14.9256,10.6405,0.0743938
13.7601,26.7228,0.0704546
4.61937,5.36707,0.0646911
-0.824164,29.4833,0.0631408
3.15974,28.8318,0.0588235
-0.759171,16.4985,0.0900644
-0.329277,6.21033,0.0625577
-3.5628,28.9829,0.10447
14.6818,0.652739,0.0880383
4.6947,25.22,0.05
-12.669,18.1188,0.0809146
-7.12072,22.3283,0.111712
-7.70895,18.259,0.0726157
-6.00183,4.61351,0.0850821
-14.95,27.9488,0.05
14.5499,7.67529,0.0855058
10.5252,8.09295,0.0757727
-12.0099,11.0883,0.0910243
9.85908,4.56567,0.102733
10.8877,4.86065,0.0656606
13.3509,23.8283,0.05
-1.50971,8.16001,0.0628556
10.593,6.56411,0.0585514
5.45981,21.75,0.05
8.31787,0.0576968,0.0577218
-10.7506,10.301,0.059472
9.04536,22.7327,0.05
1.34124,12.5345,0.05
6.81986,7.08009,0.0988579
-12.0572,7.59119,0.05
-14.6928,28.718,0.109166
9.41131,26.3272,0.05
-2.8122,26.5411,0.12427
-3.38399,19.3753,0.0623943
-13.8432,19.4783,0.115283
-13.4938,10.539,0.0531034
-4.83537,29.1151,0.05
2.54374,16.2705,0.05
-14.2713,11.281,0.0766005
2.46709,9.25315,0.0632336
-6.62284,17.4345,0.0873002
-12.5276,8.91424,0.05
-2.21611,20.6987,0.0766334
12.8449,25.4578,0.0973698
3.44126,2.84619,0.0674849
3.39967,8.02101,0.05
-8.56105,12.1093,0.0901124
-13.4968,19.309,0.125593
14.4445,15.8328,0.08188
11.3507,6.78626,0.0789712
13.519,6.4665,0.0641168
10.7509,19.6523,0.0926051
-14.9097,12.3341,0.0903436
-11.0227,25.4382,0.05
11.8629,29.872,0.05
4.56982,2.51577,0.05
14.499,20.3056,0.0722089
-8.03609,22.5034,0.0745325
-7.69605,11.1688,0.101628
-3.87422,14.981,0.0580707
7.86533,11.7477,0.0709626
-8.10327,23.1525,0.0966634
-11.8663,12.7173,0.0705411
-10.4883,16.7687,0.0700638
-14.7263,14.3569,0.105822
12.3321,18.4535,0.0641087
-10.4817,15.6652,0.0813987
-7.91582,10.3736,0.0526785
-3.30513,26.427,0.0848667
13.8793,11.703,0.0607699
-9.99807,29.0807,0.0945591
3.40589,0.172845,0.05
4.97844,0.849016,0.0524317
-13.3778,19.0173,0.0987814
-0.339093,22.5409,0.0520684
5.62421,0.237921,0.09008
7.99912,5.36566,0.0851573
-2.33251,11.0935,0.0924895
5.65285,14.3817,0.0691095
-13.608,1.05174,0.058669
-8.09064,14.3678,0.0637001
-10.9563,18.2027,0.0784239
13.2651,4.2595,0.109207
-3.36745,28.7511,0.115361
13.9864,29.4716,0.071224
-10.2755,12.8677,0.05
0.317875,27.4851,0.0803176
0.196174,25.4848,0.070257
8.16696,23.2983,0.0847143
14.514,22.5464,0.0840193
-5.0499,29.6862,0.0844859
6.92667,5.25277,0.121418
-7.21051,2.43036,0.0777428
4.28643,26.5071,0.0641302
-9.67893,15.2474,0.0556279
-10.711,6.34458,0.0567373
11.1472,0.62635,0.05
-10.5115,26.4704,0.0822117
-0.603204,0.636818,0.10217
-14.2051,10.2368,0.0753709
-1.62651,3.28814,0.0576587
4.80938,11.4173,0.0690259
9.14809,26.6628,0.0592462
1.26266,9.61777,0.0616503
3.80535,10.7441,0.0729068
0.202366,29.3765,0.075719
7.78115,24.913,0.0679435
12.2956,17.1569,0.0583242
12.4172,13.9666,0.05
-8.31212,23.6523,0.0697119
10.13,22.3681,0.0911815
4.63711,14.5666,0.12054
5.1954,8.02621,0.112593
-6.53712,12.7128,0.0566929
10.339,11.0325,0.0811663
4.78474,27.7129,0.05
4.3358,2.63646,0.086516
3.6876,1.25984,0.0851248
-1.53895,24.1909,0.106652
-11.7349,6.9198,0.0707152
-9.18356,19.1828,0.0841833
7.53759,6.94222,0.0745737
8.19868,2.90573,0.0911332
-10.3542,1.59667,0.0768494
-1.28568,9.32673,0.0744734
9.31549,6.92656,0.1375
5.60029,5.83627,0.108309
-13.8518,21.1782,0.110706
-8.98436,20.7941,0.05
6.40766,17.0785,0.120777
8.42529,14.7688,0.0918131
-13.1251,17.3972,0.060374
6.59126,14.3569,0.0624843
8.96118,5.25976,0.0725935
11.9301,29.5855,0.0777203
8.62974,4.4405,0.0979119
2.48857,5.35276,0.0693219
-12.2511,17.8426,0.0690719
10.6092,28.7604,0.0775947
12.4678,6.23018,0.0933992
4.75169,22.7513,0.05
6.23933,5.01309,0.106633
6.77062,19.8157,0.05
-11.9401,10.3421,0.0704617
-7.08556,22.1691,0.0508722
-11.568,12.4083,0.0848982
-13.5447,22.7529,0.0818924
-9.66113,13.2422,0.0945025
-7.22501,20.2279,0.102469
-5.2887,23.8965,0.0672954
10.253,22.502,0.0748906
9.00115,22.6035,0.0611411
-0.123954,6.27964,0.0606215
0.72867,10.1559,0.0836579
11.6229,9.82864,0.0509974
12.3629,0.702459,0.05
-3.40849,6.33098,0.121596
8.95267,13.3027,0.0625567
3.22658,17.5695,0.0537362
2.94073,26.121,0.0799048
10.313,13.544,0.05
4.44901,10.3425,0.0953774
-1.92987,15.737,0.0647347
3.55255,1.25809,0.05
9.76832,18.481,0.117934
-6.37733,17.2562,0.05
-5.38979,13.1316,0.0584037
-9.19774,23.9084,0.05
-12.7473,12.6562,0.05
2.58497,11.4236,0.082891
-13.7896,5.4289,0.125328
8.33971,7.88918,0.0679397
11.9914,15.5932,0.0703901
9.39557,24.508,0.128212
-12.8966,22.6348,0.109197
6.63173,10.8318,0.0574652
3.78468,18.41,0.0929263
-1.35838,6.40778,0.074465
-13.9988,21.7114,0.0991459
10.8743,13.6731,0.0818089
0.0977094,27.2997,0.0860107
9.11779,16.5842,0.0817366
5.7627,11.1586,0.0530916
3.74973,21.9718,0.0908258
14.028,11.6567,0.09491
0.872567,16.2981,0.05
5.87998,24.1637,0.0613103
-2.66372,22.6707,0.0957823
-10.834,21.145,0.05
10.3672,18.9547,0.0845844
11.1039,17.0353,0.05
12.2327,21.4571,0.0540523
1.50865,23.4312,0.05
0.533903,1.2232,0.0746438
12.8605,9.46754,0.119348
-2.10695,20.6316,0.05
8.32957,3.70567,0.10139
-4.5013,28.1001,0.05
-2.07969,2.04618,0.0896142
-7.50893,29.8083,0.05
7.51849,19.6496,0.05
12.9587,19.1864,0.05
-5.96563,21.7812,0.05
-12.3263,25.5507,0.0579025
-6.16858,9.49726,0.05
-11.5795,14.6366,0.101472
3.14148,12.8335,0.0740361
-0.738613,25.9044,0.0609005
-0.292706,5.86914,0.107027
-0.695316,17.2475,0.05
9.36005,4.32875,0.0740145
-7.60967,15.0313,0.102633
5.12885,28.4771,0.0537262
-1.07755,7.4876,0.148883
-7.41234,20.3191,0.105892
-6.1424,2.63072,0.0756928
-3.47096,23.7572,0.0872343
4.94648,27.4173,0.0790257
12.0975,19.5979,0.124166
-11.9051,4.52595,0.0950282
2.24908,18.2684,0.104827
-7.78085,17.7183,0.0674718
-8.60559,0.218328,0.0798578
-6.45247,10.039,0.113801
-7.49497,9.34911,0.0852926
0.321806,16.7764,0.103558
9.04858,4.35255,0.101188
-4.0504,26.735,0.0846269
-4.6647,7.27553,0.05
10.4736,12.4689,0.083279
2.10857,2.86698,0.0916553
-3.29827,25.9268,0.0941584
-6.81637,16.0141,0.0950928
-7.36788,26.8268,0.0990394
-1.87407,18.1245,0.0915074
-12.5394,5.9738,0.05
11.2346,18.1547,0.0843208
8.28809,22.9906,0.0709665
-6.12663,17.0683,0.0803372
-4.74356,13.5794,0.05
1.40133,4.03639,0.0709891
-11.3569,16.7289,0.0722263
-14.8962,11.2062,0.05
3.23505,6.31196,0.117281
-12.6898,2.7931,0.0802359
1.92962,29.0501,0.0625447
-0.396302,28.9257,0.0631477
10.8601,29.3272,0.05
3.19285,1.62207,0.112636
-10.4972,9.85425,0.0859217
-1.1715,8.10258,0.0661431
13.2639,15.4279,0.090514
4.70813,18.5205,0.0809878
-2.89355,22.8943,0.0611884
0.162166,29.6887,0.0673249
-12.444,13.3856,0.0912003
-8.48459,0.539908,0.05
-14.6779,10.6594,0.0797008
-11.93,18.318,0.05
-12.3497,19.5828,0.126194
-13.9986,20.7204,0.0673544
-2.86864,7.36181,0.0868237
5.15737,25.2108,0.0944707
2.24321,25.6686,0.0572805
14.5437,5.81776,0.0555215
-8.17351,12.2746,0.05
7.35248,4.77125,0.10226
-0.653659,13.7971,0.081193
10.2932,7.00404,0.0581812
9.17128,19.0959,0.118373
1.01329,27.4999,0.0712253
-2.95885,14.4409,0.0515315
2.08902,10.27,0.059677
-11.5714,12.7819,0.111249
-3.75456,11.8149,0.0787391
-8.08333,15.2033,0.0641776
-12.7392,0.388236,0.0573788
12.1286,5.84471,0.114266
8.78925,16.5299,0.076888
-10.6668,19.4311,0.0896778
-9.98878,17.4716,0.0838197
8.70488,1.55521,0.0847513
5.43234,8.07489,0.121957
6.07068,15.1264,0.0825094
14.3054,3.44966,0.134688
-8.52752,0.079457,0.0794595
-4.76525,28.0904,0.0836552
9.31051,8.54889,0.109398
8.1248,26.2965,0.058161
8.50324,5.07118,0.0755505
10.1364,15.8458,0.0566396
6.26685,7.53298,0.0792581
2.7468,8.53523,0.0709059
0.934066,11.3328,0.05
10.4006,8.21607,0.09892
7.52392,17.3562,0.05
-14.7373,18.6594,0.0537203
11.0325,1.80062,0.0620911
-9.67736,12.5582,0.0697802
7.51772,15.0972,0.0637334
-7.86866,26.8046,0.0704611
-9.58387,20.6287,0.0636822
6.57889,7.9306,0.0881064
-8.10205,5.17014,0.05
-8.77012,8.99624,0.0530274
5.87522,25.4566,0.0636322
-4.99997,15.2531,0.0684672
-12.0298,15.4629,0.05
2.01135,24.2127,0.104065
12.3218,0.570412,0.088308
-9.52855,6.91802,0.05
-10.7226,5.97829,0.0583349
13.3046,26.0927,0.0769562
14.4649,12.101,0.0615661
-14.7776,11.9832,0.106189
-0.050819,6.39886,0.0561786
-10.9148,22.6601,0.05
11.8816,7.49317,0.0684438
13.4179,3.97575,0.065733
-0.804481,17.3175,0.0796721
-14.38,3.14822,0.0945442
-6.18972,10.7411,0.0554885
-7.37177,10.5907,0.0716189
-6.82919,11.6254,0.0918686
-14.0972,7.06086,0.0563753
-13.5958,23.2667,0.0875186
-13.0286,28.4027,0.0866761
12.0985,27.8505,0.0590031
0.281655,3.44431,0.0691789
2.10395,14.7799,0.05
-5.90974,14.3051,0.0753573
7.27518,25.9885,0.0789396
5.17814,20.9012,0.05
8.6952,3.08958,0.0660759
0.628811,7.99921,0.0869226
-12.6878,21.9985,0.05
-1.78847,8.40421,0.0934378
-0.296892,0.261222,0.0954051
3.96638,15.7406,0.05
-0.467398,24.9784,0.115466
-14.0388,14.9737,0.0521209
-12.9377,21.1908,0.05
-14.2719,13.1846,0.0967482
-11.8295,8.99843,0.0894209
-11.0774,26.591,0.0769729
0.0371203,15.5361,0.0687173
0.815479,11.8694,0.0596873
-14.6156,26.2771,0.0833368
11.7718,26.3806,0.0516616
13.5522,16.6598,0.0698928
-9.49074,13.5514,0.10034
-8.78499,28.9857,0.116113
3.32316,7.72719,0.05
3.74577,13.6089,0.0987608
0.306162,14.2517,0.0809328
7.57151,18.6532,0.114177
-8.39664,10.0138,0.05
1.50347,9.30546,0.05
5.98818,13.907,0.111125
-6.85536,22.5931,0.0526641
-7.47431,24.5946,0.0701054
-9.16937,0.343698,0.0744062
-10.4198,6.38706,0.0827686
2.76747,22.1513,0.0971978
1.22573,14.8341,0.083536
8.38125,18.614,0.0553331
-7.44619,8.37274,0.0552154
-10.2629,12.1527,0.0738658
8.58496,12.5161,0.0724612
-13.1496,19.0399,0.108924
-1.64055,6.38218,0.0731621
12.35,15.8924,0.0703591
-13.3152,8.16363,0.0934457
-1.91045,15.0349,0.05
12.157,7.37048,0.05
13.3404,19.2771,0.0720855
-13.2296,20.3139,0.0615919
-10.799,7.56235,0.0723112
-0.0524241,10.5717,0.05
-1.38121,8.85264,0.117209
9.64198,0.706104,0.05
-3.8227,7.24877,0.05
2.37622,4.87343,0.0560688
6.49884,12.5544,0.0876766
-12.482,8.61875,0.0760274
-2.39029,16.0227,0.0843448
0.116999,29.9817,0.05
-13.4345,7.53914,0.0858046
5.02263,22.9626,0.05
0.586007,7.1254,0.0990178
-14.7229,23.94,0.099019
-3.82042,29.8139,0.116151
-2.69024,11.2736,0.0997988
-8.21966,16.3196,0.0971196
-11.2305,14.8165,0.0950533
-10.9715,10.9417,0.0831147
8.36238,29.0342,0.108722
5.42541,21.4246,0.0514152
-9.91864,17.1658,0.05
11.3322,23.3647,0.0841773
-3.97641,8.25996,0.103053
-14.2024,18.5053,0.0824322
-9.08064,26.6836,0.05
-4.33654,15.3376,0.05
-5.68838,24.8204,0.108867
5.75359,14.9935,0.0586873
-5.99172,21.9269,0.0980968
-11.5765,28.962,0.0874151
8.16006,10.0936,0.0600262
-3.01041,11.5916,0.0877475
5.76083,24.633,0.053664
2.52672,23.1678,0.113498
-4.56697,1.58027,0.0824018
-11.7524,22.6889,0.0895442
5.72377,1.32184,0.0721377
12.862,14.7665,0.05
-1.2067,4.5076,0.0767001
11.5444,29.3287,0.0764307
-6.92427,4.73492,0.0933452
-14.1697,21.6597,0.0789107
8.31571,24.7812,0.0808988
3.54574,4.7787,0.0708596
5.88974,11.6572,0.0659215
6.16052,6.5568,0.0769001
-4.22476,27.9886,0.0879764
-2.49471,8.8303,0.05
8.40108,7.09002,0.122293
-4.11433,29.9068,0.141537
14.2593,22.8813,0.0821771
-4.38763,24.2046,0.0956102
-12.27,27.9916,0.0598265
10.2959,21.5401,0.05
-7.73223,13.6909,0.05
-4.09203,13.4967,0.0705889
-13.2036,1.39926,0.0575975
-6.61754,4.18169,0.0536242
-0.790654,11.3938,0.0639518
-7.80193,0.429027,0.0625176
13.5462,4.7706,0.0695121
0.915096,26.8113,0.101708
-3.30271,12.3757,0.112918
2.72412,6.88878,0.0773866
5.26983,1.6092,0.107175
-10.1064,21.4935,0.0811104
-0.495278,3.00043,0.0834789
-4.86789,11.0034,0.0810661
-8.93738,10.9515,0.0960716
-9.89561,28.2386,0.0979916
-10.7875,7.86869,0.0789929
-3.92902,5.30017,0.0751202
-13.7138,0.996584,0.0606888
4.4699,14.4251,0.05
-4.45601,6.00765,0.0817593
6.36417,14.6273,0.100597
9.92641,16.8268,0.05
9.91224,28.3113,0.0736977
11.0234,3.04033,0.0545468
3.80276,15.1244,0.0774063
-1.0349,27.2682,0.05
-8.09768,2.45862,0.0694801
5.18607,22.8128,0.0606906
2.59922,17.3413,0.0593222
2.9574,12.2447,0.0739041
1.74526,12.0092,0.101139
3.38968,27.6163,0.0855179
11.1046,15.4453,0.0990652
-2.36534,7.33485,0.069381
-3.863,20.1463,0.0628701
5.55222,18.2926,0.0605356
10.4369,1.72225,0.0816099
-13.5593,9.18323,0.0823664
4.40829,29.7293,0.086033
11.3108,23.9913,0.05
9.69018,6.67013,0.073966
-10.4001,2.20197,0.106997
-10.7747,22.5994,0.102715
-0.397966,14.6688,0.05
-0.149849,12.6818,0.083075
1.47853,15.8021,0.107106
12.201,18.9375,0.0583899
-7.23647,2.94091,0.0848387
14.8721,0.550966,0.127872
6.37029,26.7494,0.0769617
-5.77031,17.4209,0.05
-6.28616,14.1978,0.0925006
-12.3997,18.0791,0.0663273
-13.7102,19.3327,0.0819053
-5.70244,17.5216,0.0714285
-3.48268,26.6074,0.05
-1.10881,25.5381,0.0522823
7.15353,11.1241,0.0508302
3.02639,28.5079,0.05
0.482417,23.4128,0.0613441
7.4154,26.1441,0.0596625
5.47869,3.43188,0.0751535
9.61634,28.1735,0.0774131
11.8785,9.38428,0.05
2.22159,29.049,0.120225
3.93074,14.9631,0.0697642
-11.8886,28.3935,0.05
1.09741,17.4801,0.078158
8.53208,9.73856,0.05
-4.66454,15.7713,0.11302
-4.32866,2.48612,0.120253
-8.8578,0.520467,0.078272
-11.2209,14.055,0.0714609
-14.0366,15.4907,0.0901984
2.82698,22.9546,0.065692
8.13139,23.5402,0.05
11.8966,14.1878,0.053188
14.8464,18.6135,0.05
3.72551,24.9908,0.05
6.36351,2.48905,0.0772493
6.70709,1.68289,0.0701109
5.36226,27.337,0.054606
11.6281,7.33115,0.0846922
-4.59819,28.3034,0.0727829
9.11027,17.093,0.112996
-5.37294,4.83357,0.0799679
13.7822,10.7536,0.0900119
14.3832,5.50001,0.118261
10.1643,16.2837,0.0531498
13.7127,8.63805,0.0666872
12.547,5.3346,0.0630271
7.73789,3.59357,0.0820836
14.0965,27.2455,0.05
-10.3694,23.2117,0.085396
-13.6925,7.52975,0.05
9.3878,26.9765,0.0708551
-0.251504,14.6317,0.0836298
3.8633,6.99687,0.0706375
-1.19688,10.069,0.118169
13.3731,24.5499,0.0643064
-10.1461,29.0831,0.0534607
-11.1919,0.128863,0.12887
-14.3954,1.34993,0.0929552
-12.8951,8.51264,0.05
12.695,17.6567,0.0838713
12.3871,19.7099,0.0649852
-2.07492,3.07712,0.05
-1.35202,26.9859,0.0914945
-1.26051,7.0104,0.0645121
2.96935,1.13904,0.118333
-1.71308,3.71102,0.0537602
11.9614,5.84773,0.05
-8.1814,22.7826,0.0914141
-3.22341,4.53629,0.111031
4.46658,7.86616,0.0923884
7.22851,27.6723,0.0811927
12.4071,24.0263,0.0765523
10.3327,12.6862,0.0642215
6.67583,8.23033,0.0904625
7.82469,4.77978,0.0755274
-4.09159,9.48985,0.0603135
-9.7109,22.8155,0.0748624
-7.35922,22.3491,0.127693
5.68062,8.44399,0.0850676
3.62609,23.4279,0.0669783
-11.7005,23.7506,0.119684
-3.2673,14.9678,0.05
4.66051,23.325,0.106316
12.2388,28.5616,0.05
13.1244,8.45142,0.0686276
2.6909,25.3691,0.128236
-10.7549,16.5365,0.114094
13.1254,3.21051,0.0760096
11.8479,21.1656,0.0642679
8.6285,23.7824,0.0879459
-5.96743,3.31741,0.105116
11.0835,25.4483,0.0861779
2.87878,3.54551,0.05
12.2694,6.53041,0.0546286
-7.81235,10.9384,0.05
9.65123,26.7734,0.05
-3.77789,3.84844,0.0532744
-8.45988,7.49837,0.100073
10.182,25.6441,0.05
-9.48346,24.2285,0.05
-14.8129,29.8112,0.0859825
4.08189,8.28933,0.0660503
-7.32086,29.8854,0.076685
2.67171,2.50546,0.0509601
-2.12445,28.0372,0.05
-3.33573,24.8762,0.0710479
3.76388,17.1014,0.0853353
0.541627,18.8805,0.0845481
-7.59482,10.3864,0.0698592
-4.10065,29.6601,0.105531
-0.87044,14.7004,0.0575729
-12.9359,18.9325,0.0598647
12.208,15.8388,0.0814402
-11.863,16.9255,0.0864897
-13.4275,1.95651,0.102055
-1.72071,16.7047,0.0761239
10.6933,10.4899,0.05
1.79913,25.2099,0.05
-0.321576,10.9245,0.106435
3.70876,17.2313,0.0558138
0.975718,7.83136,0.0902291
-12.3685,26.6609,0.0609925
14.7211,10.9654,0.106018
6.70158,18.315,0.0734049
-12.9302,6.95938,0.0753483
-2.69442,18.691,0.0773219
8.59022,25.3452,0.05
-14.2555,10.9051,0.0970434
2.59709,14.2528,0.0657481
10.1971,5.0543,0.081064
4.76074,6.36177,0.0586245
13.6476,13.5714,0.0622848
1.1108,16.2688,0.10759
0.0751167,5.16804,0.0998634
6.87035,14.4176,0.05
11.6904,8.32965,0.070062
12.0273,13.9352,0.05
10.4644,22.1538,0.05
-12.8522,12.8737,0.0761868
-9.67263,14.6439,0.0706286
-5.98281,27.1794,0.0806765
-4.08659,5.88979,0.0534418
3.87378,23.893,0.128727
11.0229,29.4668,0.0518939
0.0243463,19.512,0.120027
-0.271368,1.89935,0.0897327
12.9721,19.3094,0.0736962
4.36234,19.4745,0.05
-9.72348,20.2194,0.05
-13.916,26.3796,0.105481
6.6222,1.09357,0.0750225
-10.1681,17.277,0.0923906
-8.60206,18.4976,0.0548344
-10.6149,28.0735,0.0843707
12.1434,4.56769,0.05
-14.5112,24.6179,0.127048
-7.07487,12.6864,0.080187
-13.1665,21.8259,0.100302
7.7803,11.4473,0.0661852
-1.0093,11.5888,0.0536272
-0.820033,18.799,0.0619915
-7.76466,27.1582,0.102296
-13.6882,5.87446,0.091519
5.12875,4.4829,0.0726244
-13.1155,8.00587,0.0547675
0.393299,29.0812,0.0912586
10.5101,28.1982,0.10457
-4.60587,25.5129,0.066421
-0.275897,4.40458,0.113521
-8.74204,17.0853,0.0783546
-1.23225,29.6279,0.105682
-9.82286,12.2725,0.0781635
9.8382,2.12664,0.0942945
-11.7483,9.61724,0.0982343
3.4752,1.67891,0.0760925
8.98719,15.1512,0.05
-12.2001,23.6651,0.0973356
5.67756,0.758853,0.0993083
4.13654,10.6403,0.05
2.39103,21.8254,0.079451
2.66045,21.5381,0.05
13.9808,14.6291,0.0753778
11.0364,15.1848,0.0701947
-9.82185,27.0064,0.0711902
-14.0835,16.6762,0.076079
-4.50968,16.004,0.06892
8.45631,4.69193,0.0625995
2.96339,9.18015,0.0992937
5.45834,21.6464,0.0535549
9.89175,27.7257,0.05
-9.96284,28.5862,0.0711646
2.39616,6.15961,0.05
-3.33975,17.8715,0.161785
3.55463,17.1327,0.0882462
-13.6506,29.2681,0.0989529
3.00444,14.9017,0.0624454
7.09521,23.564,0.0839939
-12.7668,0.0922263,0.0922309
-5.53505,27.2839,0.0555726
-4.6074,12.7698,0.05
0.703134,29.7405,0.0646865
-8.0547,8.63731,0.114359
8.13801,9.86831,0.0663826
9.41311,1.77162,0.0821625
-3.14669,14.9894,0.0725227
4.55761,25.9935,0.0785705
-11.4107,3.43618,0.0867494
2.5216,27.1398,0.0616031
-2.82442,29.0358,0.068129
-6.7241,10.8048,0.0733098
5.02384,15.1614,0.0617883
5.73265,5.18063,0.0664541
11.7112,11.0847,0.05
1.70146,6.0412,0.0924611
-14.0944,18.2884,0.0501583
-5.00647,18.7906,0.102074
11.9456,5.59566,0.05
4.3679,28.0439,0.109994
9.85759,16.7388,0.0617236
12.0858,23.3304,0.0667228
8.45375,21.2383,0.0625872
-1.69042,2.49841,0.078128
0.481661,8.64599,0.108249
6.57401,19.1466,0.0708442
-2.028,7.64212,0.0942977
-2.47297,18.1424,0.0933897
8.247,2.721,0.0858198
-7.65486,4.03892,0.0561102
-1.21897,26.8175,0.0934099
-6.0582,5.85119,0.104139
12.1951,3.06863,0.0626782
-11.146,21.7766,0.0856447
-8.00057,1.29581,0.0824942
12.5042,1.84547,0.05
-13.1118,17.6463,0.05
-4.73073,1.8661,0.067068
7.27444,29.9576,0.0671047
10.7972,17.2196,0.057465
-12.8654,17.7869,0.0801383
-6.45413,6.83635,0.0951665
7.82735,27.7955,0.0608446
1.06165,24.1776,0.0871861
11.8572,7.86876,0.0522458
5.38214,14.5265,0.075574
-11.3997,11.772,0.0901972
-14.067,7.43969,0.0720707
13.2021,0.0756877,0.0756889
2.54645,12.4884,0.0916774
-8.10811,10.1404,0.102746
10.3743,10.4257,0.0894248
4.77277,29.9824,0.0699297
-7.80166,9.89433,0.0989415
13.0834,26.5413,0.107226
-2.07843,18.8936,0.101338
-1.83531,14.259,0.05
-14.0372,12.992,0.11491
-3.4612,13.4013,0.0582005
-6.12573,11.4686,0.0800937
-4.28653,20.575,0.0945684
-13.3198,12.053,0.113631
-12.1457,3.5541,0.0889216
-2.86299,20.7767,0.0539807
-0.753432,12.3643,0.102237
2.95455,5.19355,0.0793234
-8.40162,10.5214,0.05
-9.82566,15.9153,0.05
2.069,21.1164,0.0932648
7.3988,12.7444,0.0777954
-12.7527,10.4928,0.0624821
-10.9728,9.48796,0.106442
8.95663,13.5976,0.110151
2.13974,17.9206,0.0736249
-7.90464,15.3285,0.104147
-14.8343,29.4789,0.124339
10.0986,23.305,0.121794
-7.90485,9.67105,0.0576068
6.78957,15.274,0.0873919
3.79255,18.6437,0.0870314
-8.23643,22.5224,0.10743
5.82367,1.03822,0.073059
6.18662,8.47044,0.0955408
11.4022,7.45191,0.05386
-4.05863,3.00126,0.0753221
-8.50151,28.9098,0.05
-4.59686,22.3957,0.0698469
-10.2545,13.5201,0.0987566
-0.12909,21.3605,0.0729544
6.47694,8.47612,0.0592048
-12.3889,13.6739,0.0835882
-1.41168,18.195,0.0952841
10.5974,15.7331,0.05
-0.631165,19.7234,0.0741962
12.1978,10.7249,0.058475
14.2448,3.15498,0.05
12.8103,22.033,0.0825183
-8.03363,23.4615,0.0904677
2.41436,16.3028,0.0833549
13.2597,3.97162,0.0925177
-0.405642,15.9069,0.0554455
14.1122,21.4906,0.05
0.621275,10.004,0.102323
9.19694,24.052,0.05
-11.5703,7.44648,0.0684681
5.55364,7.32682,0.0732901
-9.76562,7.21929,0.05
-6.71596,7.06615,0.0854636
13.7752,4.64511,0.05
-12.6773,4.24691,0.123753
14.0229,19.4213,0.0793152
-0.705189,16.6277,0.05
-4.17917,3.76616,0.0692881
-5.62421,5.58438,0.0516388
-9.3598,11.8314,0.0871643
-8.47544,16.4579,0.0706762
-10.6264,15.216,0.108904
10.0508,3.27192,0.0771337
-7.46746,10.9466,0.0940684
3.43076,1.01839,0.120267
7.21321,13.7347,0.124315
2.16528,25.3148,0.114297
-0.363411,0.089129,0.0891887
8.03881,23.154,0.0564088
10.245,0.687869,0.0950321
-0.843301,18.5411,0.0817036
14.6997,27.3963,0.0920031
